id	species	subspecies	radiate_form	forewing_band	st	dennis	ray	sex	genetic_sex	country	locality	latitude	longitude	Latitude_jit	Longitude_jit	published	bioproject	run	sra	biosample	publication	doi	raw_reads	raw_reads_availability	dedup_bam_mapped_percent	reads_mapping_accepted	genome_depth_gvcf	F_MISS_concatVCF_AG	depth_concatVCF_AG	not_related_accepted	high_con_dataset	continental_label	local_label
cruentusMRKMX0901	erato	cruentus	0	red band	0	0	0	f	m	Mexico	Puerto Vallarta	20.681957	-105.173853	20.85843	-105.269	yes	PRJNA324415 • SRP081917	SRR4032055	SRS1618055	SAMN05224147	Complex modular architecture around a simple toolkit of wing pattern genes	DOI: 10.1038/s41559-016-0052 | www.nature.com/natecolevol	ncbi	yes	95.2	yes	23.388862	0.0517439	26.8131	yes	yes	Mesoamerica	Mosquito
petiveranaCA54	erato	petiverana	0	red band	0	0	0	m	m	Mexico	Campeche	19.9455	-90.4288447	19.87308	-90.2211	yes	PRJNA324415 • SRP081917	SRR4032022	SRS1618022	SAMN05224117	Complex modular architecture around a simple toolkit of wing pattern genes	DOI: 10.1038/s41559-016-0052 | www.nature.com/natecolevol	ncbi	yes	95.3	yes	27.689686	0.0486853	31.4342	yes	yes	Mesoamerica	Mosquito
petiveranaCA56	erato	petiverana	0	red band	0	0	0	m	m	Mexico	Campeche	19.9455	-90.4288447	19.93725	-90.4934	yes	PRJNA324415 • SRP081917	SRR4032024	SRS1618023	SAMN05224119	Complex modular architecture around a simple toolkit of wing pattern genes	DOI: 10.1038/s41559-016-0052 | www.nature.com/natecolevol	ncbi	yes	96.2	yes	24.872367	0.0491851	28.2484	yes	yes	Mesoamerica	Mosquito
petiveranaCA55	erato	petiverana	0	red band	0	0	0	f	f	Mexico	Campeche	19.9455	-90.4288447	20.01217	-90.3192	yes	PRJNA324415 • SRP081917	SRR4032023	SRS1618027	SAMN05224118	Complex modular architecture around a simple toolkit of wing pattern genes	DOI: 10.1038/s41559-016-0052 | www.nature.com/natecolevol	ncbi	yes	96.4	yes	21.046392	0.0505835	24.5863	yes	yes	Mesoamerica	Mosquito
petiveranaCA51	erato	petiverana	0	red band	0	0	0	f	f	Mexico	Campeche	19.9455	-90.4288447	20.01676	-90.2875	yes	PRJNA324415 • SRP081917	SRR4032019	SRS1618019	SAMN05224115	Complex modular architecture around a simple toolkit of wing pattern genes	DOI: 10.1038/s41559-016-0052 | www.nature.com/natecolevol	ncbi	yes	96.5	yes	18.346953	0.0516788	21.7012	yes	yes	Mesoamerica	Mosquito
petiveranaCA53	erato	petiverana	0	red band	0	0	0	m	m	Mexico	Campeche	19.9455	-90.4288447	20.09165	-90.5491	yes	PRJNA324415 • SRP081917	SRR4032021	SRS1618021	SAMN05224116	Complex modular architecture around a simple toolkit of wing pattern genes	DOI: 10.1038/s41559-016-0052 | www.nature.com/natecolevol	ncbi	yes	95	yes	21.576583	0.0505703	24.8283	yes	yes	Mesoamerica	Mosquito
petiveranaKK722	erato	petiverana	0	red band	0	0	0	na	m	Belize	San Ignacio	17.154933	-89.082636	17.20402	-89.2586	no	new from this study	K198_USPD16082430-6_H3KCCCCXY_L8	new from this study	new from this study	new from this study	new from this study	local	yes	98.3	yes	27.261006	0.0486627	30.5281	yes	yes	Mesoamerica	Mosquito
petiveranaSTRI2936	erato	petiverana	0	red band	0	0	0	na	m	Costa Rica	La Selva	10.45075	-84	10.21491	-83.7542	no	new from this study	petiveranaSTRI2936_trim	new from this study	new from this study	new from this study	new from this study	local	yes	95.7	yes	27.924047	0.0491622	31.7166	yes	yes	Mesoamerica	Mosquito
petiveranaSTRI2942	erato	petiverana	0	red band	0	0	0	na	f	Costa Rica	La Selva	10.45075	-84	10.30664	-83.9851	no	new from this study	petiveranaSTRI2942_trim	new from this study	new from this study	new from this study	new from this study	local	yes	97.6	yes	21.725662	0.0489597	25.5202	yes	yes	Mesoamerica	Mosquito
petiveranaSTRI2944	erato	petiverana	0	red band	0	0	0	na	m	Costa Rica	La Selva	10.45075	-84	10.57361	-84.0765	no	new from this study	petiveranaSTRI2944_trim	new from this study	new from this study	new from this study	new from this study	local	yes	98.4	yes	28.077377	0.0462889	31.9456	yes	yes	Mesoamerica	Mosquito
petiveranaSTRI2945	erato	petiverana	0	red band	0	0	0	na	m	Costa Rica	La Selva	10.45075	-84	10.63873	-83.9022	no	new from this study	petiveranaSTRI2945_trim	new from this study	new from this study	new from this study	new from this study	local	yes	98.1	yes	14.548654	0.0543628	16.9634	yes	yes	Mesoamerica	Mosquito
petiveranaSTRI2943	erato	petiverana	0	red band	0	0	0	na	m	Costa Rica	La Selva	10.45075	-84	10.63976	-84.1241	no	new from this study	petiveranaSTRI2943_trim	new from this study	new from this study	new from this study	new from this study	local	yes	98.2	yes	26.01862	0.0482123	29.6525	yes	yes	Mesoamerica	Mosquito
demophoonSTRI1284	erato	demophoon	0	red band	0	0	0	m	m	Panama	Isla Coiba	7.502222	-81.695833	7.519275	-81.6835	yes	PRJNA324415 • SRP081917	SRR4031997	SRS1617997	SAMN05224198	Complex modular architecture around a simple toolkit of wing pattern genes	DOI: 10.1038/s41559-016-0052 | www.nature.com/natecolevol	ncbi	yes	95.8	yes	24.582298	0.0324362	27.7349	yes	yes	PacificN	Panama
cyrbia024	erato	cyrbia	0	narrow red band	0	0	0	m	m	Ecuador	Balsas	-3.763471	-79.851422	-3.94231	-79.8599	yes	PRJNA324415 • SRP081917	SRR4032030	SRS1618030	SAMN05224125	Complex modular architecture around a simple toolkit of wing pattern genes	DOI: 10.1038/s41559-016-0052 | www.nature.com/natecolevol	ncbi	yes	96.1	yes	17.463095	0.0525658	19.8281	yes	yes	PacificS	EcuadorW
cyrbia023	erato	cyrbia	0	narrow red band	0	0	0	m	m	Ecuador	Balsas	-3.763471	-79.851422	-3.72397	-79.6524	yes	PRJNA324415 • SRP081917	SRR4032029	SRS1618028	SAMN05224124	Complex modular architecture around a simple toolkit of wing pattern genes	DOI: 10.1038/s41559-016-0052 | www.nature.com/natecolevol	ncbi	yes	95.7	yes	17.884329	0.0485231	20.3855	yes	yes	PacificS	EcuadorW
cyrbia005	erato	cyrbia	0	narrow red band	0	0	0	f	f	Ecuador	Balsas	-3.763471	-79.851422	-3.62087	-79.9421	yes	PRJNA324415 • SRP081917	SRR4032028	SRS1618029	SAMN05224123	Complex modular architecture around a simple toolkit of wing pattern genes	DOI: 10.1038/s41559-016-0052 | www.nature.com/natecolevol	ncbi	yes	95.8	yes	17.677212	0.0508436	20.1005	yes	yes	PacificS	EcuadorW
cyrbia004	erato	cyrbia	0	narrow red band	0	0	0	f	f	Ecuador	Balsas	-3.763471	-79.851422	-3.56493	-79.9442	yes	PRJNA324415 • SRP081917	SRR4032027	SRS1618026	SAMN05224122	Complex modular architecture around a simple toolkit of wing pattern genes	DOI: 10.1038/s41559-016-0052 | www.nature.com/natecolevol	ncbi	yes	95.8	yes	19.274829	0.0492119	21.9993	yes	yes	PacificS	EcuadorW
cyrbiaCAM040841	erato	cyrbia	0	narrow red band	0	0	0	m	m	Ecuador	Tonsupa 1	0.85369	-79.80416	0.604795	-79.9054	yes	PRJEB35570 • ERP118642	ERR3781168	ERS4201813	SAMEA6435620	Repeated genetic adaptation to altitude in two tropical butterflies	https://doi.org/10.1038/s41467-022-32316-x	ncbi	yes	98.1	yes	3.246329	0.211339	4.31036	yes	no	low_qual	low_qual
cyrbiaCAM040836	erato	cyrbia	0	narrow red band	0	0	0	m	m	Ecuador	Tonsupa 1	0.85369	-79.80416	0.645191	-79.7985	yes	PRJEB35570 • ERP118642	ERR3789836	ERS4212683	SAMEA6447120	Repeated genetic adaptation to altitude in two tropical butterflies	https://doi.org/10.1038/s41467-022-32316-x	ncbi	yes	97.5	yes	12.313976	0.0532868	13.9614	yes	yes	PacificS	EcuadorW
cyrbiaCAM040834	erato	cyrbia	0	narrow red band	0	0	0	f	f	Ecuador	Tonsupa 1	0.85369	-79.80416	0.699111	-79.6345	yes	PRJEB35570 • ERP118642	ERR3789834	ERS4212681	SAMEA6447118	Repeated genetic adaptation to altitude in two tropical butterflies	https://doi.org/10.1038/s41467-022-32316-x	ncbi	yes	97.5	yes	12.796853	0.0528905	14.6787	yes	yes	PacificS	EcuadorW
cyrbiaCAM040835	erato	cyrbia	0	narrow red band	0	0	0	f	f	Ecuador	Tonsupa 1	0.85369	-79.80416	0.703876	-79.9065	yes	PRJEB35570 • ERP118642	ERR3789835	ERS4212682	SAMEA6447119	Repeated genetic adaptation to altitude in two tropical butterflies	https://doi.org/10.1038/s41467-022-32316-x	ncbi	yes	97.4	yes	14.208538	0.0515191	16.3513	yes	yes	PacificS	EcuadorW
cyrbiaCAM040838	erato	cyrbia	0	narrow red band	0	0	0	m	m	Ecuador	Tonsupa 1	0.85369	-79.80416	0.785737	-79.8462	yes	PRJEB35570 • ERP118642	ERR3781165	ERS4201810	SAMEA6435617	Repeated genetic adaptation to altitude in two tropical butterflies	https://doi.org/10.1038/s41467-022-32316-x	ncbi	yes	98.3	yes	4.750786	0.130947	5.75509	yes	no	low_qual	low_qual
cyrbiaCAM040855	erato	cyrbia	0	narrow red band	0	0	0	m	m	Ecuador	Tonsupa 1	0.85369	-79.80416	0.820379	-79.7098	yes	PRJEB35570 • ERP118642	ERR3781172	ERS4201817	SAMEA6435624	Repeated genetic adaptation to altitude in two tropical butterflies	https://doi.org/10.1038/s41467-022-32316-x	ncbi	yes	98.3	yes	3.033077	0.225625	4.11365	yes	no	low_qual	low_qual
cyrbiaCAM040848	erato	cyrbia	0	narrow red band	0	0	0	m	m	Ecuador	Tonsupa 1	0.85369	-79.80416	0.833103	-79.6055	yes	PRJEB35570 • ERP118642	ERR3781170	ERS4201815	SAMEA6435622	Repeated genetic adaptation to altitude in two tropical butterflies	https://doi.org/10.1038/s41467-022-32316-x	ncbi	yes	98.5	yes	4.455875	0.132843	5.4415	yes	no	low_qual	low_qual
cyrbiaCAM040851	erato	cyrbia	0	narrow red band	0	0	0	m	m	Ecuador	Tonsupa 1	0.85369	-79.80416	0.843541	-79.9209	yes	PRJEB35570 • ERP118642	ERR3781171	ERS4201816	SAMEA6435623	Repeated genetic adaptation to altitude in two tropical butterflies	https://doi.org/10.1038/s41467-022-32316-x	ncbi	yes	98.2	yes	3.757293	0.171529	4.74262	yes	no	low_qual	low_qual
cyrbiaCAM040833	erato	cyrbia	0	narrow red band	0	0	0	m	m	Ecuador	Tonsupa 1	0.85369	-79.80416	0.851616	-79.7752	yes	PRJEB35570 • ERP118642	ERR3781164	ERS4201809	SAMEA6435616	Repeated genetic adaptation to altitude in two tropical butterflies	https://doi.org/10.1038/s41467-022-32316-x	ncbi	yes	98.4	yes	4.706882	0.131229	5.71641	yes	no	low_qual	low_qual
cyrbiaCAM040860	erato	cyrbia	0	narrow red band	0	0	0	m	m	Ecuador	Tonsupa 1	0.85369	-79.80416	0.853116	-79.7237	yes	PRJEB35570 • ERP118642	ERR3789843	ERS4212690	SAMEA6447127	Repeated genetic adaptation to altitude in two tropical butterflies	https://doi.org/10.1038/s41467-022-32316-x	ncbi	yes	96.5	yes	13.089579	0.0538508	14.7986	yes	yes	PacificS	EcuadorW
cyrbiaCAM040856	erato	cyrbia	0	narrow red band	0	0	0	m	m	Ecuador	Tonsupa 1	0.85369	-79.80416	0.856886	-79.8759	yes	PRJEB35570 • ERP118642	ERR3781173	ERS4201818	SAMEA6435625	Repeated genetic adaptation to altitude in two tropical butterflies	https://doi.org/10.1038/s41467-022-32316-x	ncbi	yes	98.7	yes	5.709546	0.117612	6.90895	yes	no	low_qual	low_qual
cyrbiaCAM040853	erato	cyrbia	0	narrow red band	0	0	0	m	m	Ecuador	Tonsupa 1	0.85369	-79.80416	0.882537	-80.045	yes	PRJEB35570 • ERP118642	ERR3789840	ERS4212687	SAMEA6447124	Repeated genetic adaptation to altitude in two tropical butterflies	https://doi.org/10.1038/s41467-022-32316-x	ncbi	yes	97.5	yes	13.663949	0.0525845	15.4793	yes	yes	PacificS	EcuadorW
cyrbiaCAM040842	erato	cyrbia	0	narrow red band	0	0	0	m	m	Ecuador	Tonsupa 1	0.85369	-79.80416	0.895235	-79.7828	yes	PRJEB35570 • ERP118642	ERR3789837	ERS4212684	SAMEA6447121	Repeated genetic adaptation to altitude in two tropical butterflies	https://doi.org/10.1038/s41467-022-32316-x	ncbi	yes	97.8	yes	13.066995	0.053287	14.8125	yes	yes	PacificS	EcuadorW
cyrbiaCAM040839	erato	cyrbia	0	narrow red band	0	0	0	m	m	Ecuador	Tonsupa 1	0.85369	-79.80416	0.896061	-79.7821	yes	PRJEB35570 • ERP118642	ERR3781166	ERS4201811	SAMEA6435618	Repeated genetic adaptation to altitude in two tropical butterflies	https://doi.org/10.1038/s41467-022-32316-x	ncbi	yes	99	yes	3.229892	0.20008	4.227	yes	no	low_qual	low_qual
cyrbiaCAM040847	erato	cyrbia	0	narrow red band	0	0	0	m	m	Ecuador	Tonsupa 1	0.85369	-79.80416	0.898528	-79.8217	yes	PRJEB35570 • ERP118642	ERR3781169	ERS4201814	SAMEA6435621	Repeated genetic adaptation to altitude in two tropical butterflies	https://doi.org/10.1038/s41467-022-32316-x	ncbi	yes	99	yes	4.583621	0.146032	5.71745	yes	no	low_qual	low_qual
cyrbiaCAM040372	erato	cyrbia	0	narrow red band	0	0	0	m	na	Ecuador	El Tortugo, P28	0.21242	-78.93855	0.37762	-78.6995	yes	PRJEB35570 • ERP118642	do not exist	ERS4199178	SAMEA6432981	Repeated genetic adaptation to altitude in two tropical butterflies	https://doi.org/10.1038/s41467-022-32316-x	do not exist	no	na	na	na	na	na	na	no	na	na
cyrbiaCAM040861	erato	cyrbia	0	narrow red band	0	0	0	m	m	Ecuador	Tonsupa 1	0.85369	-79.80416	0.955821	-79.8695	yes	PRJEB35570 • ERP118642	ERR3789844	ERS4212691	SAMEA6447128	Repeated genetic adaptation to altitude in two tropical butterflies	https://doi.org/10.1038/s41467-022-32316-x	ncbi	yes	97.4	yes	14.267262	0.0515734	16.1371	yes	yes	PacificS	EcuadorW
cyrbiaCAM040854	erato	cyrbia	0	narrow red band	0	0	0	m	m	Ecuador	Tonsupa 1	0.85369	-79.80416	0.999546	-79.9093	yes	PRJEB35570 • ERP118642	ERR3789841	ERS4212688	SAMEA6447125	Repeated genetic adaptation to altitude in two tropical butterflies	https://doi.org/10.1038/s41467-022-32316-x	ncbi	yes	97.7	yes	12.902889	0.0532492	14.6604	yes	yes	PacificS	EcuadorW
cyrbiaCAM040840	erato	cyrbia	0	narrow red band	0	0	0	f	f	Ecuador	Tonsupa 1	0.85369	-79.80416	1.020216	-79.8021	yes	PRJEB35570 • ERP118642	ERR3781167	ERS4201812	SAMEA6435619	Repeated genetic adaptation to altitude in two tropical butterflies	https://doi.org/10.1038/s41467-022-32316-x	ncbi	yes	98.2	yes	4.324075	0.164092	5.527	yes	no	low_qual	low_qual
cyrbiaCAM040850	erato	cyrbia	0	narrow red band	0	0	0	f	f	Ecuador	Tonsupa 1	0.85369	-79.80416	1.044008	-80.0278	yes	PRJEB35570 • ERP118642	ERR3789838	ERS4212685	SAMEA6447122	Repeated genetic adaptation to altitude in two tropical butterflies	https://doi.org/10.1038/s41467-022-32316-x	ncbi	yes	97.5	yes	13.531985	0.0519528	15.518	yes	yes	PacificS	EcuadorW
cyrbiaCAM040858	erato	cyrbia	0	narrow red band	0	0	0	m	m	Ecuador	Tonsupa 1	0.85369	-79.80416	1.07177	-79.5557	yes	PRJEB35570 • ERP118642	ERR3789842	ERS4212689	SAMEA6447126	Repeated genetic adaptation to altitude in two tropical butterflies	https://doi.org/10.1038/s41467-022-32316-x	ncbi	yes	97.4	yes	12.025379	0.0542279	13.665	yes	yes	PacificS	EcuadorW
cyrbiaCAM040852	erato	cyrbia	0	narrow red band	0	0	0	f	f	Ecuador	Tonsupa 1	0.85369	-79.80416	1.075526	-79.8393	yes	PRJEB35570 • ERP118642	ERR3789839	ERS4212686	SAMEA6447123	Repeated genetic adaptation to altitude in two tropical butterflies	https://doi.org/10.1038/s41467-022-32316-x	ncbi	yes	97.1	yes	12.869638	0.0529423	14.841	yes	yes	PacificS	EcuadorW
demophoonCAM2981	erato	demophoon	0	red band	0	0	0	m	m	Panama	Mangowitchi	9.145	-79.729	8.907861	-79.6088	yes	PRJEB11772 • ERP013182	ERR1307122	ERS1030557	SAMEA3723408	Natural Selection and Genetic Diversity in the Butterfly Heliconius eratoomene	https://doi.org/10.1534/genetics.115.183285	ncbi	yes	97.2	yes	22.513228	0.0454189	25.0061	no (sequence duplicate of demophoonPetED5)	no	relative	relative
demophoonCAM2979	erato	demophoon	0	red band	0	0	0	m	m	Panama	Mangowitchi	9.145	-79.729	8.934277	-79.9214	yes	PRJEB11772 • ERP013182	ERR1307120	ERS1030555	SAMEA3723406	Natural Selection and Genetic Diversity in the Butterfly Heliconius eratoomene	https://doi.org/10.1534/genetics.115.183285	ncbi	yes	97.6	yes	29.936217	0.0404966	32.7227	yes	yes	PacificN	Panama
demophoonPetED5	erato	demophoon	0	red band	0	0	0	m	m	Panama	Mangowitchi	9.145	-79.729	8.952953	-79.8897	yes	PRJNA324415 • SRP081917	SRR4032095	SRS1618095	SAMN05224184	Complex modular architecture around a simple toolkit of wing pattern genes	DOI: 10.1038/s41559-016-0052 | www.nature.com/natecolevol	ncbi	yes	97.2	yes	22.513228	0.0454189	25.0061	yes	yes	PacificN	Panama
demophoonPetED3	erato	demophoon	0	red band	0	0	0	m	m	Panama	Mangowitchi	9.145	-79.729	9.004709	-79.9597	yes	PRJNA324415 • SRP081917	SRR4032093	SRS1618093	SAMN05224182	Complex modular architecture around a simple toolkit of wing pattern genes	DOI: 10.1038/s41559-016-0052 | www.nature.com/natecolevol	ncbi	yes	97.6	yes	29.933891	0.0404966	32.7226	no (sequence duplicate of demophoonCAM2979)	no	relative	relative
demophoonPetED4	erato	demophoon	0	red band	0	0	0	m	m	Panama	Mangowitchi	9.145	-79.729	9.128682	-79.6633	yes	PRJNA324415 • SRP081917	SRR4032094	SRS1618094	SAMN05224183	Complex modular architecture around a simple toolkit of wing pattern genes	DOI: 10.1038/s41559-016-0052 | www.nature.com/natecolevol	ncbi	yes	96.3	yes	28.72789	0.0421789	31.4203	no (sequence duplicate of demophoonCAM2980)	no	relative	relative
demophoonPetED6	erato	demophoon	0	red band	0	0	0	m	m	Panama	Mangowitchi	9.145	-79.729	9.172515	-79.9318	yes	PRJNA324415 • SRP081917	SRR4032096	SRS1618098	SAMN05224185	Complex modular architecture around a simple toolkit of wing pattern genes	DOI: 10.1038/s41559-016-0052 | www.nature.com/natecolevol	ncbi	yes	97.6	yes	26.906493	0.0414114	29.5068	yes	yes	PacificN	Panama
demophoonCAM2980	erato	demophoon	0	red band	0	0	0	m	m	Panama	Mangowitchi	9.145	-79.729	9.216735	-79.4855	yes	PRJEB11772 • ERP013182	ERR1307121	ERS1030556	SAMEA3723407	Natural Selection and Genetic Diversity in the Butterfly Heliconius eratoomene	https://doi.org/10.1534/genetics.115.183285	ncbi	yes	96.3	yes	28.729386	0.0421778	31.4202	yes	yes	PacificN	Panama
demophoonCAM618	erato	demophoon	0	red band	0	0	0	m	m	Panama	Mangowitchi	9.122	-79.715	8.874345	-79.8091	yes	PRJEB11772 • ERP013182	ERR1307119	ERS1030554	SAMEA3723405	Natural Selection and Genetic Diversity in the Butterfly Heliconius eratoomene	https://doi.org/10.1534/genetics.115.183285	ncbi	yes	97.6	yes	26.906493	0.0414114	29.5068	no (sequence duplicate of demophoonPetED6)	no	relative	relative
himeraBC2565	himera	himera	0	yellow band	0	0	1	f	f	Peru	Canchaque	-5.366666667	-79.61666667	-5.52754	-79.847	yes	PRJNA324415 • SRP081917	SRR6313542	SRS2706596	SAMN08049963	Complex modular architecture around a simple toolkit of wing pattern genes	DOI: 10.1038/s41559-016-0052 | www.nature.com/natecolevol	ncbi	yes	94.3	yes	22.197267	0.0426712	26.5069	yes	yes	himera	him
himeraBC2567	himera	himera	0	yellow band	0	0	1	m	m	Peru	Canchaque	-5.366666667	-79.61666667	-5.41945	-79.7154	yes	PRJNA324415 • SRP081917	SRR6313532	SRS2706606	SAMN08049965	Complex modular architecture around a simple toolkit of wing pattern genes	DOI: 10.1038/s41559-016-0052 | www.nature.com/natecolevol	ncbi	yes	93.6	yes	18.08874	0.0448674	21.1634	yes	yes	himera	him
himeraBC2566	himera	himera	0	yellow band	0	0	1	m	m	Peru	Canchaque	-5.366666667	-79.61666667	-5.17073	-79.4488	yes	PRJNA324415 • SRP081917	SRR6313541	SRS2706597	SAMN08049964	Complex modular architecture around a simple toolkit of wing pattern genes	DOI: 10.1038/s41559-016-0052 | www.nature.com/natecolevol	ncbi	yes	93.7	yes	17.759199	0.0448071	20.9511	yes	yes	himera	him
himeraBC2570	himera	himera	0	yellow band	0	0	1	f	f	Peru	Canchaque	-5.366666667	-79.61666667	-5.15975	-79.6151	yes	PRJNA324415 • SRP081917	SRR6313531	SRS2706607	SAMN08049966	Complex modular architecture around a simple toolkit of wing pattern genes	DOI: 10.1038/s41559-016-0052 | www.nature.com/natecolevol	ncbi	yes	94.1	yes	28.025728	0.0408738	32.8682	yes	yes	himera	him
cyrbiaCAM040757	erato	cyrbia	0	narrow red band	0	0	0	m	m	Ecuador	Puerto Quito, La Isla	0.11001	-79.23029	-0.13135	-79.2886	yes	PRJEB35570 • ERP118642	ERR3781162	ERS4201807	SAMEA6435614	Repeated genetic adaptation to altitude in two tropical butterflies	https://doi.org/10.1038/s41467-022-32316-x	ncbi	yes	98.2	yes	4.070284	0.141083	4.97896	yes	no	low_qual	low_qual
cyrbiaCAM040751	erato	cyrbia	0	narrow red band	0	0	0	m	m	Ecuador	Puerto Quito, La Isla	0.11001	-79.23029	-0.11745	-79.1401	yes	PRJEB35570 • ERP118642	ERR3781158	ERS4201803	SAMEA6435610	Repeated genetic adaptation to altitude in two tropical butterflies	https://doi.org/10.1038/s41467-022-32316-x	ncbi	yes	98.7	yes	7.299316	0.0881937	8.5554	yes	yes	PacificS	EcuadorW
cyrbiaCAM040745	erato	cyrbia	0	narrow red band	0	0	0	m	m	Ecuador	Puerto Quito, La Isla	0.11001	-79.23029	-0.11104	-79.0404	yes	PRJEB35570 • ERP118642	ERR3781152	ERS4201797	SAMEA6435604	Repeated genetic adaptation to altitude in two tropical butterflies	https://doi.org/10.1038/s41467-022-32316-x	ncbi	yes	98.5	yes	4.285569	0.139501	5.25937	yes	no	low_qual	low_qual
cyrbiaCAM040752	erato	cyrbia	0	narrow red band	0	0	0	m	m	Ecuador	Puerto Quito, La Isla	0.11001	-79.23029	-0.08026	-79.4702	yes	PRJEB35570 • ERP118642	ERR3781159	ERS4201804	SAMEA6435611	Repeated genetic adaptation to altitude in two tropical butterflies	https://doi.org/10.1038/s41467-022-32316-x	ncbi	yes	98.5	yes	8.094238	0.0820769	9.49514	yes	yes	PacificS	EcuadorW
cyrbiaCAM040749	erato	cyrbia	0	narrow red band	0	0	0	m	m	Ecuador	Puerto Quito, La Isla	0.11001	-79.23029	0.007298	-79.2986	yes	PRJEB35570 • ERP118642	ERR3781156	ERS4201801	SAMEA6435608	Repeated genetic adaptation to altitude in two tropical butterflies	https://doi.org/10.1038/s41467-022-32316-x	ncbi	yes	98.4	yes	4.236707	0.143742	5.21346	yes	no	low_qual	low_qual
cyrbiaCAM040747	erato	cyrbia	0	narrow red band	0	0	0	f	f	Ecuador	Puerto Quito, La Isla	0.11001	-79.23029	0.037423	-79.1405	yes	PRJEB35570 • ERP118642	ERR3781154	ERS4201799	SAMEA6435606	Repeated genetic adaptation to altitude in two tropical butterflies	https://doi.org/10.1038/s41467-022-32316-x	ncbi	yes	98.2	yes	3.038431	0.189614	3.92217	yes	no	low_qual	low_qual
cyrbiaCAM040748	erato	cyrbia	0	narrow red band	0	0	0	f	f	Ecuador	Puerto Quito, La Isla	0.11001	-79.23029	0.037506	-79.0889	yes	PRJEB35570 • ERP118642	ERR3781155	ERS4201800	SAMEA6435607	Repeated genetic adaptation to altitude in two tropical butterflies	https://doi.org/10.1038/s41467-022-32316-x	ncbi	yes	98.3	yes	3.108069	0.197777	4.12344	yes	no	low_qual	low_qual
cyrbiaCAM040758	erato	cyrbia	0	narrow red band	0	0	0	m	m	Ecuador	Puerto Quito, La Isla	0.11001	-79.23029	0.057274	-79.067	yes	PRJEB35570 • ERP118642	ERR3789833	ERS4212680	SAMEA6447117	Repeated genetic adaptation to altitude in two tropical butterflies	https://doi.org/10.1038/s41467-022-32316-x	ncbi	yes	97.7	yes	11.386494	0.0550236	12.9914	yes	yes	PacificS	EcuadorW
cyrbiaCAM040753	erato	cyrbia	0	narrow red band	0	0	0	m	m	Ecuador	Puerto Quito, La Isla	0.11001	-79.23029	0.063635	-79.3172	yes	PRJEB35570 • ERP118642	ERR3781160	ERS4201805	SAMEA6435612	Repeated genetic adaptation to altitude in two tropical butterflies	https://doi.org/10.1038/s41467-022-32316-x	ncbi	yes	98.5	yes	3.248875	0.19773	4.24925	yes	no	low_qual	low_qual
cyrbiaCAM040754	erato	cyrbia	0	narrow red band	0	0	0	m	m	Ecuador	Puerto Quito, La Isla	0.11001	-79.23029	0.131204	-79.4079	yes	PRJEB35570 • ERP118642	ERR3781161	ERS4201806	SAMEA6435613	Repeated genetic adaptation to altitude in two tropical butterflies	https://doi.org/10.1038/s41467-022-32316-x	ncbi	yes	99	yes	1.573647	0.442857	3.01793	yes	no	low_qual	low_qual
cyrbiaCAM040742	erato	cyrbia	0	narrow red band	0	0	0	m	m	Ecuador	Puerto Quito, La Isla	0.11001	-79.23029	0.151055	-79.3273	yes	PRJEB35570 • ERP118642	ERR3781150	ERS4201795	SAMEA6435602	Repeated genetic adaptation to altitude in two tropical butterflies	https://doi.org/10.1038/s41467-022-32316-x	ncbi	yes	98.9	yes	3.476412	0.196045	4.53842	yes	no	low_qual	low_qual
cyrbiaCAM040759	erato	cyrbia	0	narrow red band	0	0	0	m	m	Ecuador	Puerto Quito, La Isla	0.11001	-79.23029	0.18341	-79.1539	yes	PRJEB35570 • ERP118642	ERR3781163	ERS4201808	SAMEA6435615	Repeated genetic adaptation to altitude in two tropical butterflies	https://doi.org/10.1038/s41467-022-32316-x	ncbi	yes	98.4	yes	4.920821	0.124777	5.98009	yes	no	low_qual	low_qual
cyrbiaCAM040743	erato	cyrbia	0	narrow red band	0	0	0	m	m	Ecuador	Puerto Quito, La Isla	0.11001	-79.23029	0.202105	-79.1861	yes	PRJEB35570 • ERP118642	ERR3789832	ERS4212679	SAMEA6447116	Repeated genetic adaptation to altitude in two tropical butterflies	https://doi.org/10.1038/s41467-022-32316-x	ncbi	yes	97.8	yes	12.607627	0.0557387	14.3077	yes	yes	PacificS	EcuadorW
cyrbiaCAM040750	erato	cyrbia	0	narrow red band	0	0	0	m	m	Ecuador	Puerto Quito, La Isla	0.11001	-79.23029	0.222645	-78.9867	yes	PRJEB35570 • ERP118642	ERR3781157	ERS4201802	SAMEA6435609	Repeated genetic adaptation to altitude in two tropical butterflies	https://doi.org/10.1038/s41467-022-32316-x	ncbi	yes	98.7	yes	4.088886	0.149913	5.08963	yes	no	low_qual	low_qual
cyrbiaCAM040746	erato	cyrbia	0	narrow red band	0	0	0	f	f	Ecuador	Puerto Quito, La Isla	0.11001	-79.23029	0.289393	-79.2303	yes	PRJEB35570 • ERP118642	ERR3781153	ERS4201798	SAMEA6435605	Repeated genetic adaptation to altitude in two tropical butterflies	https://doi.org/10.1038/s41467-022-32316-x	ncbi	yes	98.5	yes	4.972524	0.125842	6.12176	yes	no	low_qual	low_qual
cyrbiaCAM040744	erato	cyrbia	0	narrow red band	0	0	0	f	f	Ecuador	Puerto Quito, La Isla	0.11001	-79.23029	0.339573	-79.3439	yes	PRJEB35570 • ERP118642	ERR3781151	ERS4201796	SAMEA6435603	Repeated genetic adaptation to altitude in two tropical butterflies	https://doi.org/10.1038/s41467-022-32316-x	ncbi	yes	98.8	yes	5.32487	0.110772	6.49085	yes	no	low_qual	low_qual
himeraTT7	himera	himera	0	yellow band	0	0	1	na	m	Ecuador	Vilcabamba	-4.273096	-79.196629	-4.46932	-79.43	no	new from this study	himeraTT7_trim	new from this study	new from this study	new from this study	new from this study	local	yes	98.2	yes	10.982454	0.0556642	12.9579	yes	yes	himera	him
himeraTT3	himera	himera	0	yellow band	0	0	1	na	m	Ecuador	Vilcabamba	-4.273096	-79.196629	-4.42004	-79.1402	no	new from this study	himeraTT3_trim	new from this study	new from this study	new from this study	new from this study	local	yes	98.1	yes	25.400643	0.0447979	29.429	yes	yes	himera	him
himera002	himera	himera	0	yellow band	0	0	1	m	m	Ecuador	Vilcabamba	-4.273096	-79.196629	-4.40389	-78.9661	yes	PRJNA324415 • SRP081917	SRR4032039	SRS1618039	SAMN05224133	Complex modular architecture around a simple toolkit of wing pattern genes	DOI: 10.1038/s41559-016-0052 | www.nature.com/natecolevol	ncbi	yes	95.5	yes	17.834345	0.0487847	20.8962	yes	yes	himera	him
himera003	himera	himera	0	yellow band	0	0	1	f	f	Ecuador	Vilcabamba	-4.273096	-79.196629	-4.3726	-79.2614	yes	PRJNA324415 • SRP081917	SRR4032040	SRS1618040	SAMN05224134	Complex modular architecture around a simple toolkit of wing pattern genes	DOI: 10.1038/s41559-016-0052 | www.nature.com/natecolevol	ncbi	yes	95.7	yes	18.459161	0.0472465	21.9757	yes	yes	himera	him
himera030	himera	himera	0	yellow band	0	0	1	m	m	Ecuador	Vilcabamba	-4.273096	-79.196629	-4.36404	-79.3424	yes	PRJNA324415 • SRP081917	SRR4032043	SRS1618043	SAMN05224136	Complex modular architecture around a simple toolkit of wing pattern genes	DOI: 10.1038/s41559-016-0052 | www.nature.com/natecolevol	ncbi	yes	95.5	yes	12.209567	0.0547798	14.3858	yes	yes	himera	him
himeraTT5	himera	himera	0	yellow band	0	0	1	na	m	Ecuador	Vilcabamba	-4.273096	-79.196629	-4.3627	-78.9999	no	new from this study	himeraTT5_trim	new from this study	new from this study	new from this study	new from this study	local	yes	98.2	yes	25.001195	0.0449687	29.1094	yes	yes	himera	him
himeraTT8	himera	himera	0	yellow band	0	0	1	na	m	Ecuador	Vilcabamba	-4.273096	-79.196629	-4.31905	-79.2268	no	new from this study	himeraTT8_trim	new from this study	new from this study	new from this study	new from this study	local	yes	98.2	yes	29.401805	0.0442022	33.717	yes	yes	himera	him
himeraTT4	himera	himera	0	yellow band	0	0	1	na	m	Ecuador	Vilcabamba	-4.273096	-79.196629	-4.27616	-79.1065	no	new from this study	himeraTT4_trim	new from this study	new from this study	new from this study	new from this study	local	yes	98.1	yes	26.036246	0.0449011	30.1211	yes	yes	himera	him
himeraSTRI2022	himera	himera	0	yellow band	0	0	1	m	m	Ecuador	Vilcabamba	-4.273096	-79.196629	-4.23325	-79.2226	no	new from this study	himeraSTRI2022_trim	new from this study	new from this study	new from this study	new from this study	local	yes	98.2	yes	21.008301	0.0468556	24.5832	yes	yes	himera	him
himeraTT6	himera	himera	0	yellow band	0	0	1	na	m	Ecuador	Vilcabamba	-4.273096	-79.196629	-4.20296	-78.9924	no	new from this study	himeraTT6_trim	new from this study	new from this study	new from this study	new from this study	local	yes	98.2	yes	25.129639	0.0450185	29.2303	yes	yes	himera	him
himera001	himera	himera	0	yellow band	0	0	1	m	m	Ecuador	Vilcabamba	-4.273096	-79.196629	-4.1404	-79.1994	yes	PRJNA324415 • SRP081917	SRR4032038	SRS1618038	SAMN05224132	Complex modular architecture around a simple toolkit of wing pattern genes	DOI: 10.1038/s41559-016-0052 | www.nature.com/natecolevol	ncbi	yes	95.8	yes	16.450186	0.0500062	19.2389	yes	yes	himera	him
himeraSTRI2023	himera	himera	0	yellow band	0	0	1	m	m	Ecuador	Vilcabamba	-4.273096	-79.196629	-4.12741	-79.2945	no	new from this study	himeraSTRI2023_trim	new from this study	new from this study	new from this study	new from this study	local	yes	98.3	yes	21.012917	0.0467434	24.6247	yes	yes	himera	him
himeraSTRI2015	himera	himera	0	yellow band	0	0	1	f	f	Ecuador	Vilcabamba	-4.273096	-79.196629	-4.11891	-78.9702	no	new from this study	himeraSTRI2015_trim	new from this study	new from this study	new from this study	new from this study	local	yes	98	yes	19.758453	0.0470283	23.6735	yes	yes	himera	him
himera006	himera	himera	0	yellow band	0	0	1	f	f	Ecuador	Vilcabamba	-4.273096	-79.196629	-4.0764	-79.2673	yes	PRJNA324415 • SRP081917	SRR4032041	SRS1618042	SAMN05224135	Complex modular architecture around a simple toolkit of wing pattern genes	DOI: 10.1038/s41559-016-0052 | www.nature.com/natecolevol	ncbi	yes	95.3	yes	12.752897	0.0529552	15.3154	yes	yes	himera	him
himeraTT2	himera	himera	0	yellow band	0	0	1	na	m	Ecuador	Vilcabamba	-4.273096	-79.196629	-4.03299	-79.1724	no	new from this study	himeraTT2_trim	new from this study	new from this study	new from this study	new from this study	local	yes	98	yes	29.598741	0.0438648	33.8772	yes	yes	himera	him
cyrbiaCAM040679	erato	cyrbia	0	narrow red band	0	0	0	m	m	Ecuador	Pachijal to Tortugo 6	0.20829	-78.95615	0.083188	-78.832	yes	PRJEB35570 • ERP118642	ERR3781137	ERS4201788	SAMEA6435595	Repeated genetic adaptation to altitude in two tropical butterflies	https://doi.org/10.1038/s41467-022-32316-x	ncbi	yes	98.8	yes	4.235913	0.142027	5.24419	yes	no	low_qual	low_qual
cyrbiaCAM040686	erato	cyrbia	0	narrow red band	0	0	0	f	f	Ecuador	Pachijal to Tortugo 6	0.20829	-78.95615	0.129788	-79.099	yes	PRJEB35570 • ERP118642	ERR3781139	ERS4201790	SAMEA6435597	Repeated genetic adaptation to altitude in two tropical butterflies	https://doi.org/10.1038/s41467-022-32316-x	ncbi	yes	98.4	yes	3.563966	0.156643	4.44217	yes	no	low_qual	low_qual
cyrbiaCAM040684	erato	cyrbia	0	narrow red band	0	0	0	m	m	Ecuador	Pachijal to Tortugo 6	0.20829	-78.95615	0.176052	-78.809	yes	PRJEB35570 • ERP118642	ERR3781138	ERS4201789	SAMEA6435596	Repeated genetic adaptation to altitude in two tropical butterflies	https://doi.org/10.1038/s41467-022-32316-x	ncbi	yes	98.9	yes	3.625232	0.172528	4.62755	yes	no	low_qual	low_qual
cyrbiaCAM040690	erato	cyrbia	0	narrow red band	0	0	0	f	f	Ecuador	El Tortugo, P24	0.20981	-78.95385	0.017377	-78.8448	yes	PRJEB35570 • ERP118642	ERR3781140	ERS4201791	SAMEA6435598	Repeated genetic adaptation to altitude in two tropical butterflies	https://doi.org/10.1038/s41467-022-32316-x	ncbi	yes	98.6	yes	3.1706	0.18739	4.07711	yes	no	low_qual	low_qual
cyrbiaCAM040695	erato	cyrbia	0	narrow red band	0	0	0	m	m	Ecuador	El Tortugo, P24	0.20981	-78.95385	0.036475	-78.8509	yes	PRJEB35570 • ERP118642	ERR3789828	ERS4212677	SAMEA6447114	Repeated genetic adaptation to altitude in two tropical butterflies	https://doi.org/10.1038/s41467-022-32316-x	ncbi	yes	96.9	yes	14.002997	0.052265	15.7627	yes	yes	PacificS	EcuadorW
cyrbiaCAM040673	erato	cyrbia	0	narrow red band	0	0	0	m	m	Ecuador	El Tortugo, P24	0.20981	-78.95385	0.16056	-78.7154	yes	PRJEB35570 • ERP118642	ERR3789825	ERS4212674	SAMEA6447111	Repeated genetic adaptation to altitude in two tropical butterflies	https://doi.org/10.1038/s41467-022-32316-x	ncbi	yes	97.9	yes	14.181849	0.0526489	16.1204	yes	yes	PacificS	EcuadorW
cyrbiaCAM040693	erato	cyrbia	0	narrow red band	0	0	0	m	m	Ecuador	El Tortugo, P24	0.20981	-78.95385	0.181275	-79.0488	yes	PRJEB35570 • ERP118642	ERR3781141	ERS4201792	SAMEA6435599	Repeated genetic adaptation to altitude in two tropical butterflies	https://doi.org/10.1038/s41467-022-32316-x	ncbi	yes	98.9	yes	1.902621	0.314052	2.92604	yes	no	low_qual	low_qual
cyrbiaCAM040692	erato	cyrbia	0	narrow red band	0	0	0	m	m	Ecuador	El Tortugo, P24	0.20981	-78.95385	0.182763	-78.8742	yes	PRJEB35570 • ERP118642	ERR3789827	ERS4212676	SAMEA6447113	Repeated genetic adaptation to altitude in two tropical butterflies	https://doi.org/10.1038/s41467-022-32316-x	ncbi	yes	97.7	yes	13.260288	0.0522102	15.0886	yes	yes	PacificS	EcuadorW
cyrbiaCAM040674	erato	cyrbia	0	narrow red band	0	0	0	m	m	Ecuador	El Tortugo, P24	0.20981	-78.95385	0.272083	-79.1023	yes	PRJEB35570 • ERP118642	ERR3781136	ERS4201787	SAMEA6435594	Repeated genetic adaptation to altitude in two tropical butterflies	https://doi.org/10.1038/s41467-022-32316-x	ncbi	yes	98.6	yes	3.711188	0.160109	4.61021	yes	no	low_qual	low_qual
cyrbiaCAM040696	erato	cyrbia	0	narrow red band	0	0	0	m	m	Ecuador	El Tortugo, P24	0.20981	-78.95385	0.289993	-79.1099	yes	PRJEB35570 • ERP118642	ERR3781142	ERS4201793	SAMEA6435600	Repeated genetic adaptation to altitude in two tropical butterflies	https://doi.org/10.1038/s41467-022-32316-x	ncbi	yes	98.7	yes	2.25959	0.276538	3.22119	yes	no	low_qual	low_qual
cyrbiaCAM040697	erato	cyrbia	0	narrow red band	0	0	0	m	m	Ecuador	El Tortugo, P24	0.20981	-78.95385	0.298488	-78.9985	yes	PRJEB35570 • ERP118642	ERR3789829	ERS4212678	SAMEA6447115	Repeated genetic adaptation to altitude in two tropical butterflies	https://doi.org/10.1038/s41467-022-32316-x	ncbi	yes	97.6	yes	11.3974	0.0548781	12.9401	yes	yes	PacificS	EcuadorW
cyrbiaCAM040678	erato	cyrbia	0	narrow red band	0	0	0	m	m	Ecuador	El Tortugo, P24	0.20981	-78.95385	0.305352	-79.1539	yes	PRJEB35570 • ERP118642	ERR3789826	ERS4212675	SAMEA6447112	Repeated genetic adaptation to altitude in two tropical butterflies	https://doi.org/10.1038/s41467-022-32316-x	ncbi	yes	97.6	yes	12.381425	0.0535345	13.9843	yes	yes	PacificS	EcuadorW
cyrbiaCAM040698	erato	cyrbia	0	narrow red band	0	0	0	m	f	Ecuador	El Tortugo, P24	0.20981	-78.95385	0.332842	-79.1578	yes	PRJEB35570 • ERP118642	ERR3781143	ERS4201794	SAMEA6435601	Repeated genetic adaptation to altitude in two tropical butterflies	https://doi.org/10.1038/s41467-022-32316-x	ncbi	yes	98.7	yes	4.875276	0.122273	6.00957	yes	no	low_qual	low_qual
cyrbiaCAM040412	erato	cyrbia	0	narrow red band	0	0	0	f	f	Ecuador	El Tortugo, P25	0.20773	-78.94691	-0.00294	-79.1323	yes	PRJEB35570 • ERP118642	ERR3773955	ERS4199183	SAMEA6432986	Repeated genetic adaptation to altitude in two tropical butterflies	https://doi.org/10.1038/s41467-022-32316-x	ncbi	yes	98.3	yes	3.826599	0.146481	4.80078	yes	no	low_qual	low_qual
cyrbiaCAM040375	erato	cyrbia	0	narrow red band	0	0	0	m	m	Ecuador	El Tortugo, P25	0.20773	-78.94691	0.064016	-78.6994	yes	PRJEB35570 • ERP118642	ERR3773947	ERS4199181	SAMEA6432984	Repeated genetic adaptation to altitude in two tropical butterflies	https://doi.org/10.1038/s41467-022-32316-x	ncbi	yes	98.2	yes	4.34128	0.129014	5.34449	yes	no	low_qual	low_qual
cyrbiaCAM040357	erato	cyrbia	0	narrow red band	0	0	0	m	m	Ecuador	El Tortugo, P25	0.20773	-78.94691	0.084763	-78.8383	yes	PRJEB35570 • ERP118642	ERR3781129	ERS4201780	SAMEA6435587	Repeated genetic adaptation to altitude in two tropical butterflies	https://doi.org/10.1038/s41467-022-32316-x	ncbi	yes	98.6	yes	3.412299	0.161933	4.34277	yes	no	low_qual	low_qual
cyrbiaCAM040355	erato	cyrbia	0	narrow red band	0	0	0	m	m	Ecuador	El Tortugo, P25	0.20773	-78.94691	0.091654	-78.8748	yes	PRJEB35570 • ERP118642	ERR3773935	ERS4199185	SAMEA6432988	Repeated genetic adaptation to altitude in two tropical butterflies	https://doi.org/10.1038/s41467-022-32316-x	ncbi	yes	98.2	yes	4.351963	0.12749	5.31261	yes	no	low_qual	low_qual
cyrbiaCAM040354	erato	cyrbia	0	narrow red band	0	0	0	m	m	Ecuador	El Tortugo, P25	0.20773	-78.94691	0.107033	-79.1135	yes	PRJEB35570 • ERP118642	ERR3773934	ERS4199176	SAMEA6432979	Repeated genetic adaptation to altitude in two tropical butterflies	https://doi.org/10.1038/s41467-022-32316-x	ncbi	yes	98.3	yes	5.945068	0.0938837	7.0733	yes	no	low_qual	low_qual
cyrbiaCAM040376	erato	cyrbia	0	narrow red band	0	0	0	m	m	Ecuador	El Tortugo, P25	0.20773	-78.94691	0.148171	-78.8216	yes	PRJEB35570 • ERP118642	ERR3773948	ERS4199187	SAMEA6432990	Repeated genetic adaptation to altitude in two tropical butterflies	https://doi.org/10.1038/s41467-022-32316-x	ncbi	yes	98.3	yes	3.589506	0.15565	4.50714	yes	no	low_qual	low_qual
cyrbiaCAM040358	erato	cyrbia	0	narrow red band	0	0	0	m	m	Ecuador	El Tortugo, P25	0.20773	-78.94691	0.238329	-78.9746	yes	PRJEB35570 • ERP118642	ERR3781130	ERS4201781	SAMEA6435588	Repeated genetic adaptation to altitude in two tropical butterflies	https://doi.org/10.1038/s41467-022-32316-x	ncbi	yes	96.1	yes	3.530518	0.16753	4.45686	yes	no	low_qual	low_qual
cyrbiaCAM040416	erato	cyrbia	0	narrow red band	0	0	0	f	f	Ecuador	El Tortugo, P25	0.20773	-78.94691	0.240887	-78.8356	yes	PRJEB35570 • ERP118642	ERR3773957	ERS4199184	SAMEA6432987	Repeated genetic adaptation to altitude in two tropical butterflies	https://doi.org/10.1038/s41467-022-32316-x	ncbi	yes	79.2	yes	3.304671	0.167656	4.17304	yes	no	low_qual	low_qual
cyrbiaCAM040445	erato	cyrbia	0	narrow red band	0	0	0	f	f	Ecuador	El Tortugo, P25	0.20773	-78.94691	0.290729	-78.7288	yes	PRJEB35570 • ERP118642	ERR3773958	ERS4199175	SAMEA6432978	Repeated genetic adaptation to altitude in two tropical butterflies	https://doi.org/10.1038/s41467-022-32316-x	ncbi	yes	98.1	yes	4.866439	0.125123	6.0673	yes	no	low_qual	low_qual
cyrbiaCAM040356	erato	cyrbia	0	narrow red band	0	0	0	m	m	Ecuador	El Tortugo, P25	0.20773	-78.94691	0.293432	-79.0298	yes	PRJEB35570 • ERP118642	ERR3781128	ERS4201779	SAMEA6435586	Repeated genetic adaptation to altitude in two tropical butterflies	https://doi.org/10.1038/s41467-022-32316-x	ncbi	yes	98.9	yes	2.939639	0.220036	3.93802	yes	no	low_qual	low_qual
cyrbiaCAM040380	erato	cyrbia	0	narrow red band	0	0	0	m	m	Ecuador	El Tortugo, P25	0.20773	-78.94691	0.347405	-78.9932	yes	PRJEB35570 • ERP118642	ERR3773949	ERS4199182	SAMEA6432985	Repeated genetic adaptation to altitude in two tropical butterflies	https://doi.org/10.1038/s41467-022-32316-x	ncbi	yes	98.3	yes	4.543068	0.124653	5.53999	yes	no	low_qual	low_qual
cyrbiaCAM040449	erato	cyrbia	0	narrow red band	0	0	0	f	f	Ecuador	El Tortugo, P25	0.20773	-78.94691	0.417899	-78.9465	yes	PRJEB35570 • ERP118642	ERR3781131	ERS4201782	SAMEA6435589	Repeated genetic adaptation to altitude in two tropical butterflies	https://doi.org/10.1038/s41467-022-32316-x	ncbi	yes	98.6	yes	3.897546	0.154705	4.89486	yes	no	low_qual	low_qual
cyrbiaCAM040374	erato	cyrbia	0	narrow red band	0	0	0	m	m	Ecuador	El Tortugo, P26	0.21042	-78.94159	-0.02946	-78.9455	yes	PRJEB35570 • ERP118642	ERR3773946	ERS4199180	SAMEA6432983	Repeated genetic adaptation to altitude in two tropical butterflies	https://doi.org/10.1038/s41467-022-32316-x	ncbi	yes	98.2	yes	5.124518	0.107736	6.16423	yes	no	low_qual	low_qual
cyrbiaCAM040373	erato	cyrbia	0	narrow red band	0	0	0	m	m	Ecuador	El Tortugo, P26	0.21042	-78.94159	0.332973	-79.0892	yes	PRJEB35570 • ERP118642	ERR3773945	ERS4199179	SAMEA6432982	Repeated genetic adaptation to altitude in two tropical butterflies	https://doi.org/10.1038/s41467-022-32316-x	ncbi	yes	98.2	yes	4.572674	0.127829	5.63259	yes	no	low_qual	low_qual
cyrbiaCAM040371	erato	cyrbia	0	narrow red band	0	0	0	m	m	Ecuador	El Tortugo, P26	0.21042	-78.94159	0.356835	-79.0587	yes	PRJEB35570 • ERP118642	ERR3773943	ERS4199177	SAMEA6432980	Repeated genetic adaptation to altitude in two tropical butterflies	https://doi.org/10.1038/s41467-022-32316-x	ncbi	yes	98.1	yes	4.271051	0.127961	5.19617	yes	no	low_qual	low_qual
cyrbiaCAM040381	erato	cyrbia	0	narrow red band	0	0	0	m	m	Ecuador	El Tortugo, P28	0.21242	-78.93855	0.344364	-79.1461	yes	PRJEB35570 • ERP118642	ERR3773950	ERS4199186	SAMEA6432989	Repeated genetic adaptation to altitude in two tropical butterflies	https://doi.org/10.1038/s41467-022-32316-x	ncbi	yes	98.1	yes	4.171391	0.130334	5.09634	yes	no	low_qual	low_qual
cyrbia15N017	erato	cyrbia	0	narrow red band	0	0	0	f	f	Ecuador	Sucre, Florencia	0.17533	-78.90752	0.175476	-78.9488	yes	PRJEB35570 • ERP118642	ERR9955228_ERR9955248_merged	ERS12363731	SAMEA110266114	Repeated genetic adaptation to altitude in two tropical butterflies	https://doi.org/10.1038/s41467-022-32316-x	ncbi	yes	96.3	yes	6.179729	0.0630462	7.1924	yes	no	low_qual	low_qual
cyrbia15N016	erato	cyrbia	0	narrow red band	0	0	0	m	m	Ecuador	Sucre, Florencia	0.17533	-78.90752	0.189646	-78.9741	yes	PRJEB35570 • ERP118642	ERR9955227_ERR9955247_merged	ERS12363730	SAMEA110266113	Repeated genetic adaptation to altitude in two tropical butterflies	https://doi.org/10.1038/s41467-022-32316-x	ncbi	yes	96.3	yes	6.475723	0.0621906	7.38599	yes	no	low_qual	low_qual
cyrbia14N014	erato	cyrbia	0	narrow red band	0	0	0	m	m	Ecuador	Leticia - Vereda San Jose	0.19366	-78.8587	0.288006	-79.0576	yes	PRJEB35570 • ERP118642	ERR9955220_ERR9955240_merged	ERS12363729	SAMEA110266112	Repeated genetic adaptation to altitude in two tropical butterflies	https://doi.org/10.1038/s41467-022-32316-x	ncbi	yes	95.9	yes	6.174536	0.0635966	7.07664	yes	no	low_qual	low_qual
cyrbiaCAM040952	erato	cyrbia	0	narrow red band	0	0	0	f	f	Ecuador	Mindo to Finca Birdadvenrure 2	-0.05365	-78.79098	-0.26511	-78.9217	yes	PRJEB35570 • ERP118642	ERR3789845	ERS4212692	SAMEA6447129	Repeated genetic adaptation to altitude in two tropical butterflies	https://doi.org/10.1038/s41467-022-32316-x	ncbi	yes	97.4	yes	14.013219	0.052997	16.1016	yes	yes	PacificS	EcuadorW
cyrbiaCAM040957	erato	cyrbia	0	narrow red band	0	0	0	f	m	Ecuador	Mindo to Finca Birdadvenrure 2	-0.05365	-78.79098	0.083245	-78.9684	yes	PRJEB35570 • ERP118642	ERR3781178	ERS4201823	SAMEA6435630	Repeated genetic adaptation to altitude in two tropical butterflies	https://doi.org/10.1038/s41467-022-32316-x	ncbi	yes	98.8	yes	4.561053	0.128254	5.62255	yes	no	low_qual	low_qual
cyrbiaCAM040933	erato	cyrbia	0	narrow red band	0	0	0	f	f	Ecuador	Mindo to Finca Birdadvenrure 1	-0.05734	-78.7901	-0.16904	-78.72	yes	PRJEB35570 • ERP118642	ERR3781174	ERS4201819	SAMEA6435626	Repeated genetic adaptation to altitude in two tropical butterflies	https://doi.org/10.1038/s41467-022-32316-x	ncbi	yes	98.9	yes	4.23436	0.138344	5.35207	yes	no	low_qual	low_qual
cyrbiaCAM040936	erato	cyrbia	0	narrow red band	0	0	0	m	m	Ecuador	Mindo to Finca Birdadvenrure 1	-0.05734	-78.7901	-0.00127	-78.7506	yes	PRJEB35570 • ERP118642	ERR3781177	ERS4201822	SAMEA6435629	Repeated genetic adaptation to altitude in two tropical butterflies	https://doi.org/10.1038/s41467-022-32316-x	ncbi	yes	98.8	yes	5.097713	0.123705	6.1231	yes	no	low_qual	low_qual
cyrbiaCAM040935	erato	cyrbia	0	narrow red band	0	0	0	m	m	Ecuador	Mindo to Finca Birdadvenrure 1	-0.05734	-78.7901	0.160046	-78.7228	yes	PRJEB35570 • ERP118642	ERR3781176	ERS4201821	SAMEA6435628	Repeated genetic adaptation to altitude in two tropical butterflies	https://doi.org/10.1038/s41467-022-32316-x	ncbi	yes	98.8	yes	4.886797	0.120994	5.9515	yes	no	low_qual	low_qual
cyrbiaCAM040934	erato	cyrbia	0	narrow red band	0	0	0	m	m	Ecuador	Mindo to Finca Birdadvenrure 1	-0.05734	-78.7901	0.164773	-78.6874	yes	PRJEB35570 • ERP118642	ERR3781175	ERS4201820	SAMEA6435627	Repeated genetic adaptation to altitude in two tropical butterflies	https://doi.org/10.1038/s41467-022-32316-x	ncbi	yes	98.8	yes	4.611118	0.12414	5.54088	yes	no	low_qual	low_qual
cyrbiaCAM040972	erato	cyrbia	0	narrow red band	0	0	0	m	m	Ecuador	Mindo to Finca Birdadvenrure 4	-0.05353	-78.78659	-0.21944	-78.5526	yes	PRJEB35570 • ERP118642	ERR3781180	ERS4201825	SAMEA6435632	Repeated genetic adaptation to altitude in two tropical butterflies	https://doi.org/10.1038/s41467-022-32316-x	ncbi	yes	98.9	yes	4.363013	0.13328	5.36941	yes	no	low_qual	low_qual
cyrbiaCAM040971	erato	cyrbia	0	narrow red band	0	0	0	m	m	Ecuador	Mindo to Finca Birdadvenrure 4	-0.05353	-78.78659	-0.09758	-78.9332	yes	PRJEB35570 • ERP118642	ERR3781179	ERS4201824	SAMEA6435631	Repeated genetic adaptation to altitude in two tropical butterflies	https://doi.org/10.1038/s41467-022-32316-x	ncbi	yes	98.9	yes	4.322671	0.149646	5.37906	yes	no	low_qual	low_qual
cyrbiaCAM040986	erato	cyrbia	0	narrow red band	0	0	0	m	m	Ecuador	Mindo to Finca Birdadvenrure 4	-0.05353	-78.78659	-0.09433	-78.6072	yes	PRJEB35570 • ERP118642	ERR3781181	ERS4201826	SAMEA6435633	Repeated genetic adaptation to altitude in two tropical butterflies	https://doi.org/10.1038/s41467-022-32316-x	ncbi	yes	98.9	yes	2.914713	0.232441	3.93839	yes	no	low_qual	low_qual
cyrbiaCAM40545	erato	cyrbia	0	narrow red band	0	0	0	na	m	Ecuador	Pacto	0.15135	-78.76978	0.165415	-78.5948	yes	PRJEB35570 • ERP118642	ERR3789821	ERS4212580	SAMEA6447017	Repeated genetic adaptation to altitude in two tropical butterflies	https://doi.org/10.1038/s41467-022-32316-x	ncbi	yes	97.6	yes	12.949235	0.0529908	14.6675	yes	yes	PacificS	EcuadorW
cyrbiaCAM040321	erato	cyrbia	0	narrow red band	0	0	0	m	m	Ecuador	Casa Amarilla, Mindo	-0.05237	-78.766	0.10673	-78.8695	yes	PRJEB35570 • ERP118642	ERR3773933	ERS4199169	SAMEA6432972	Repeated genetic adaptation to altitude in two tropical butterflies	https://doi.org/10.1038/s41467-022-32316-x	ncbi	yes	98.4	yes	5.797867	0.0988869	6.90421	yes	no	low_qual	low_qual
cyrbiaCAM040361	erato	cyrbia	0	narrow red band	0	0	0	f	f	Ecuador	Casa Amarilla, Mindo	-0.05237	-78.766	0.174714	-78.9465	yes	PRJEB35570 • ERP118642	ERR3773936	ERS4199162	SAMEA6432965	Repeated genetic adaptation to altitude in two tropical butterflies	https://doi.org/10.1038/s41467-022-32316-x	ncbi	yes	98	yes	4.852565	0.109265	5.86906	yes	no	low_qual	low_qual
cyrbiaCAM040364	erato	cyrbia	0	narrow red band	0	0	0	m	m	Ecuador	Pacto- Rio Toali, site 1	0.14057	-78.76303	-0.08346	-78.8855	yes	PRJEB35570 • ERP118642	ERR3773939	ERS4199171	SAMEA6432974	Repeated genetic adaptation to altitude in two tropical butterflies	https://doi.org/10.1038/s41467-022-32316-x	ncbi	yes	98.2	yes	4.033599	0.135524	4.96994	yes	no	low_qual	low_qual
cyrbiaCAM040365	erato	cyrbia	0	narrow red band	0	0	0	m	m	Ecuador	Pacto- Rio Toali, site 1	0.14057	-78.76303	0.067182	-78.7201	yes	PRJEB35570 • ERP118642	ERR3773940	ERS4199164	SAMEA6432967	Repeated genetic adaptation to altitude in two tropical butterflies	https://doi.org/10.1038/s41467-022-32316-x	ncbi	yes	98.2	yes	5.274065	0.102843	6.28448	yes	no	low_qual	low_qual
cyrbiaCAM040413	erato	cyrbia	0	narrow red band	0	0	0	f	m	Ecuador	Pacto- Rio Toali, site 1	0.14057	-78.76303	0.085135	-78.8291	yes	PRJEB35570 • ERP118642	ERR3773956	ERS4199168	SAMEA6432971	Repeated genetic adaptation to altitude in two tropical butterflies	https://doi.org/10.1038/s41467-022-32316-x	ncbi	yes	98.3	yes	5.031331	0.109468	6.06262	yes	no	low_qual	low_qual
cyrbiaCAM040363	erato	cyrbia	0	narrow red band	0	0	0	m	m	Ecuador	Pacto- Rio Toali, site 1	0.14057	-78.76303	0.126518	-78.9761	yes	PRJEB35570 • ERP118642	ERR3773938	ERS4199163	SAMEA6432966	Repeated genetic adaptation to altitude in two tropical butterflies	https://doi.org/10.1038/s41467-022-32316-x	ncbi	yes	98.2	yes	4.770745	0.115956	5.74675	yes	no	low_qual	low_qual
cyrbiaCAM040406	erato	cyrbia	0	narrow red band	0	0	0	m	m	Ecuador	Pacto- Rio Toali, site 1	0.14057	-78.76303	0.212883	-78.522	yes	PRJEB35570 • ERP118642	ERR3773953	ERS4199167	SAMEA6432970	Repeated genetic adaptation to altitude in two tropical butterflies	https://doi.org/10.1038/s41467-022-32316-x	ncbi	yes	98.2	yes	4.909776	0.112647	5.91905	yes	no	low_qual	low_qual
cyrbiaCAM040403	erato	cyrbia	0	narrow red band	0	0	0	m	m	Ecuador	Pacto- Rio Toali, site 1	0.14057	-78.76303	0.249812	-78.9446	yes	PRJEB35570 • ERP118642	ERR3773951	ERS4199165	SAMEA6432968	Repeated genetic adaptation to altitude in two tropical butterflies	https://doi.org/10.1038/s41467-022-32316-x	ncbi	yes	98.2	yes	3.786557	0.143692	4.68142	yes	no	low_qual	low_qual
cyrbiaCAM040366	erato	cyrbia	0	narrow red band	0	0	0	m	m	Ecuador	Pacto- Rio Toali, site 1	0.14057	-78.76303	0.280245	-78.9773	yes	PRJEB35570 • ERP118642	ERR3773941	ERS4199172	SAMEA6432975	Repeated genetic adaptation to altitude in two tropical butterflies	https://doi.org/10.1038/s41467-022-32316-x	ncbi	yes	98.2	yes	3.961083	0.133242	4.86144	yes	no	low_qual	low_qual
cyrbiaCAM040362	erato	cyrbia	0	narrow red band	0	0	0	m	m	Ecuador	Pacto- Rio Toali, site 1	0.14057	-78.76303	0.297219	-78.9125	yes	PRJEB35570 • ERP118642	ERR3773937	ERS4199170	SAMEA6432973	Repeated genetic adaptation to altitude in two tropical butterflies	https://doi.org/10.1038/s41467-022-32316-x	ncbi	yes	98.3	yes	4.167652	0.130483	5.11136	yes	no	low_qual	low_qual
cyrbiaCAM040411	erato	cyrbia	0	narrow red band	0	0	0	f	f	Ecuador	Pacto- Rio Toali, site 6	0.14652	-78.76136	0.044596	-78.7228	yes	PRJEB35570 • ERP118642	ERR3773954	ERS4199174	SAMEA6432977	Repeated genetic adaptation to altitude in two tropical butterflies	https://doi.org/10.1038/s41467-022-32316-x	ncbi	yes	97.7	yes	4.390024	0.123604	5.41812	yes	no	low_qual	low_qual
cyrbiaCAM040404	erato	cyrbia	0	narrow red band	0	0	0	m	m	Ecuador	Pacto- Rio Toali, site 6	0.14652	-78.76136	0.161049	-78.6272	yes	PRJEB35570 • ERP118642	ERR3773952	ERS4199166	SAMEA6432969	Repeated genetic adaptation to altitude in two tropical butterflies	https://doi.org/10.1038/s41467-022-32316-x	ncbi	yes	98.2	yes	5.187697	0.105657	6.21531	yes	no	low_qual	low_qual
cyrbiaCAM040584	erato	cyrbia	0	narrow red band	0	0	0	m	m	Ecuador	Pacto to Paraiso, Rio2	0.1641	-78.75854	0.221682	-78.6357	yes	PRJEB35570 • ERP118642	ERR3789823	ERS4212672	SAMEA6447109	Repeated genetic adaptation to altitude in two tropical butterflies	https://doi.org/10.1038/s41467-022-32316-x	ncbi	yes	97.6	yes	13.498043	0.0526923	15.2846	yes	yes	PacificS	EcuadorW
cyrbiaCAM040462	erato	cyrbia	0	narrow red band	0	0	0	m	m	Ecuador	Pacto- Rio Toali, site PAC4	0.15386	-78.75813	-0.03965	-78.5625	yes	PRJEB35570 • ERP118642	ERR3781132	ERS4201783	SAMEA6435590	Repeated genetic adaptation to altitude in two tropical butterflies	https://doi.org/10.1038/s41467-022-32316-x	ncbi	yes	98.5	yes	4.500939	0.131343	5.47015	yes	no	low_qual	low_qual
cyrbiaCAM040463	erato	cyrbia	0	narrow red band	0	0	0	m	m	Ecuador	Pacto- Rio Toali, site PAC4	0.15386	-78.75813	0.332949	-78.934	yes	PRJEB35570 • ERP118642	ERR3781133	ERS4201784	SAMEA6435591	Repeated genetic adaptation to altitude in two tropical butterflies	https://doi.org/10.1038/s41467-022-32316-x	ncbi	yes	98.5	yes	4.914272	0.119562	5.88522	yes	no	low_qual	low_qual
cyrbiaCAM040578	erato	cyrbia	0	narrow red band	0	0	0	m	m	Ecuador	Pacto to Paraiso, Rio1	0.16174	-78.75771	0.239188	-78.7417	yes	PRJEB35570 • ERP118642	ERR3789822	ERS4212671	SAMEA6447108	Repeated genetic adaptation to altitude in two tropical butterflies	https://doi.org/10.1038/s41467-022-32316-x	ncbi	yes	97.6	yes	13.697999	0.0519132	15.5295	yes	yes	PacificS	EcuadorW
cyrbiaCAM040594	erato	cyrbia	0	narrow red band	0	0	0	m	m	Ecuador	Pacto to Paraiso, Rio3	0.16602	-78.7575	-0.07422	-78.8352	yes	PRJEB35570 • ERP118642	ERR3789824	ERS4212673	SAMEA6447110	Repeated genetic adaptation to altitude in two tropical butterflies	https://doi.org/10.1038/s41467-022-32316-x	ncbi	yes	97.7	yes	12.269597	0.0542164	13.9373	yes	yes	PacificS	EcuadorW
cyrbiaCAM040367	erato	cyrbia	0	narrow red band	0	0	0	m	m	Ecuador	Pacto- Rio Toali, site 4	0.14997	-78.75382	0.254677	-78.6457	yes	PRJEB35570 • ERP118642	ERR3773942	ERS4199173	SAMEA6432976	Repeated genetic adaptation to altitude in two tropical butterflies	https://doi.org/10.1038/s41467-022-32316-x	ncbi	yes	98.3	yes	4.155992	0.132948	5.10617	yes	no	low_qual	low_qual
demophoonSTRI82	erato	demophoon	0	red band	0	0	0	m	m	Panama	Mangowitchi	9.1684	-78.717	9.10949	-78.6976	yes	PRJNA324415 • SRP081917	SRR4032107	SRS1618107	SAMN05224195	Complex modular architecture around a simple toolkit of wing pattern genes	DOI: 10.1038/s41559-016-0052 | www.nature.com/natecolevol	ncbi	yes	97.2	yes	15.388626	0.0398237	17.4609	yes	yes	PacificN	Panama
hydaraSTRI88	erato	hydara	0	red band	0	0	0	m	m	Panama	Mangowitchi	9.1684	-78.717	9.186562	-78.9395	yes	PRJNA324415 • SRP081917	SRR4031996	SRS1617996	SAMN05224197	Complex modular architecture around a simple toolkit of wing pattern genes	DOI: 10.1038/s41559-016-0052 | www.nature.com/natecolevol	ncbi	yes	96.7	yes	27.038583	0.0331578	30.4677	yes	yes	PacificN	Panama
demophoonSTRI87	erato	demophoon	0	red band	0	0	0	m	m	Panama	Mangowitchi	9.1684	-78.717	9.229358	-78.5415	yes	PRJNA324415 • SRP081917	SRR4031995	SRS1617995	SAMN05224196	Complex modular architecture around a simple toolkit of wing pattern genes	DOI: 10.1038/s41559-016-0052 | www.nature.com/natecolevol	ncbi	yes	96.6	yes	24.745928	0.033875	28.0891	yes	yes	PacificN	Panama
hydaraSTRI5193	erato	hydara	0	red band	0	0	0	m	m	Panama	Mangowitchi	9.1684	-78.717	9.279414	-78.5889	yes	PRJNA324415 • SRP081917	SRR4031999	SRS1617999	SAMN05224200	Complex modular architecture around a simple toolkit of wing pattern genes	DOI: 10.1038/s41559-016-0052 | www.nature.com/natecolevol	ncbi	yes	96.5	yes	20.243561	0.0352985	23.0827	yes	yes	PacificN	Panama
hydaraSTRI5351	erato	hydara	0	red band	0	0	0	m	m	Panama	Mangowitchi	9.1527	-78.69	9.100005	-78.6934	yes	PRJNA324415 • SRP081917	SRR4032000	SRS1618000	SAMN05224201	Complex modular architecture around a simple toolkit of wing pattern genes	DOI: 10.1038/s41559-016-0052 | www.nature.com/natecolevol	ncbi	yes	96.5	yes	17.415953	0.0388562	20.0845	yes	yes	PacificN	Panama
hydaraSTRI40	erato	hydara	0	red band	0	0	0	m	m	Panama	Mangowitchi	9.1527	-78.69	9.129979	-78.9027	yes	PRJNA324415 • SRP081917	SRR4032102	SRS1618102	SAMN05224190	Complex modular architecture around a simple toolkit of wing pattern genes	DOI: 10.1038/s41559-016-0052 | www.nature.com/natecolevol	ncbi	yes	96.3	yes	19.43417	0.0397524	22.0774	yes	yes	PacificN	Panama
demophoonSTRI33	erato	demophoon	0	red band	0	0	0	m	m	Panama	Mangowitchi	9.1527	-78.69	9.17885	-78.7315	yes	PRJNA324415 • SRP081917	SRR4032100	SRS1618100	SAMN05224188	Complex modular architecture around a simple toolkit of wing pattern genes	DOI: 10.1038/s41559-016-0052 | www.nature.com/natecolevol	ncbi	yes	96.5	yes	18.003214	0.0412674	20.4829	yes	yes	PacificN	Panama
favorinusBC2639	erato	favorinus	0	red band	0	0	0	m	na	Peru	Tarapoto	-6.4174	-77.44329	-6.27451	-77.2377	yes	PRJNA324415 • SRP081917	SRR6313537	SRS2706601	SAMN08049962	Patterns of Z chromosome divergence among Heliconius species highlight the importance of historical demography	DOI: 10.1111/mec.14560	ncbi	yes	58	no	7.79279	na	na	na	no	na	na
hydaraSTRI42	erato	hydara	0	red band	0	0	0	f	f	Panama	Mangowitchi	9.1527	-78.69	9.205961	-78.9174	yes	PRJNA324415 • SRP081917	SRR4032103	SRS1618103	SAMN05224191	Complex modular architecture around a simple toolkit of wing pattern genes	DOI: 10.1038/s41559-016-0052 | www.nature.com/natecolevol	ncbi	yes	95.8	yes	18.704266	0.0423037	21.5906	yes	yes	PacificN	Panama
demophoonSTRI5353	erato	demophoon	0	red band	0	0	0	m	f	Panama	Mangowitchi	9.1527	-78.69	9.222166	-78.4917	yes	PRJNA324415 • SRP081917	SRR4032001	SRS1618001	SAMN05224202	Complex modular architecture around a simple toolkit of wing pattern genes	DOI: 10.1038/s41559-016-0052 | www.nature.com/natecolevol	ncbi	yes	96	yes	22.427628	0.036522	25.9395	yes	yes	PacificN	Panama
hydaraSTRI39	erato	hydara	0	red band	0	0	0	m	m	Panama	Mangowitchi	9.1527	-78.69	9.352611	-78.6365	yes	PRJNA324415 • SRP081917	SRR4032101	SRS1618101	SAMN05224189	Complex modular architecture around a simple toolkit of wing pattern genes	DOI: 10.1038/s41559-016-0052 | www.nature.com/natecolevol	ncbi	yes	96.7	yes	19.002704	0.0405985	21.6381	yes	yes	PacificN	Panama
demophoonSTRI5632	erato	demophoon	0	red band	0	0	0	f	f	Panama	Mangowitchi	9.1527	-78.69	9.375751	-78.9293	yes	PRJNA324415 • SRP081917	SRR4032002	SRS1618002	SAMN05224203	Complex modular architecture around a simple toolkit of wing pattern genes	DOI: 10.1038/s41559-016-0052 | www.nature.com/natecolevol	ncbi	yes	96.2	yes	21.982117	0.0375267	25.3172	yes	yes	PacificN	Panama
cyrbiaCAM040524	erato	cyrbia	0	narrow red band	0	0	0	m	m	Ecuador	Nanegal to Marianita	0.135	-78.66544	-0.10231	-78.7799	yes	PRJEB35570 • ERP118642	ERR3781135	ERS4201786	SAMEA6435593	Repeated genetic adaptation to altitude in two tropical butterflies	https://doi.org/10.1038/s41467-022-32316-x	ncbi	yes	98.6	yes	3.482771	0.165562	4.41082	yes	no	low_qual	low_qual
cyrbiaCAM040523	erato	cyrbia	0	narrow red band	0	0	0	m	m	Ecuador	Nanegal to Marianita	0.135	-78.66544	0.081819	-78.8455	yes	PRJEB35570 • ERP118642	ERR3781134	ERS4201785	SAMEA6435592	Repeated genetic adaptation to altitude in two tropical butterflies	https://doi.org/10.1038/s41467-022-32316-x	ncbi	yes	98.6	yes	4.449456	0.134256	5.49206	yes	no	low_qual	low_qual
emmaBC2579	erato	emma	1	narrow yellow band	0	1	1	m	m	Peru	Canchaque	-5.29499	-78.381	-5.4818	-78.2154	yes	PRJNA324415 • SRP081917	SRR6313533	SRS2706605	SAMN08049958	Patterns of Z chromosome divergence among Heliconius species highlight the importance of historical demography	DOI: 10.1111/mec.14560	ncbi	yes	87.5	yes	16.002209	0.038428	18.754	yes	yes	AmazonW	Yungas
emmaBC2578	erato	emma	1	narrow yellow band	0	1	1	m	m	Peru	Canchaque	-5.29499	-78.381	-5.48008	-78.2294	yes	PRJNA324415 • SRP081917	SRR6313534	SRS2706604	SAMN08049957	Patterns of Z chromosome divergence among Heliconius species highlight the importance of historical demography	DOI: 10.1111/mec.14560	ncbi	yes	94.5	yes	17.66781	0.0374287	20.6538	yes	yes	AmazonW	Yungas
emmaBC2563	erato	emma	1	narrow yellow band	0	1	1	f	f	Peru	Canchaque	-5.29499	-78.381	-5.43855	-78.5638	yes	PRJNA324415 • SRP081917	SRR6313536	SRS2706602	SAMN08049955	Patterns of Z chromosome divergence among Heliconius species highlight the importance of historical demography	DOI: 10.1111/mec.14560	ncbi	yes	93.9	yes	18.455705	0.0368569	21.9844	yes	yes	AmazonW	Yungas
emmaBC2577	erato	emma	1	narrow yellow band	0	1	1	m	m	Peru	Canchaque	-5.29499	-78.381	-5.42184	-78.5636	yes	PRJNA324415 • SRP081917	SRR6313535	SRS2706603	SAMN08049956	Patterns of Z chromosome divergence among Heliconius species highlight the importance of historical demography	DOI: 10.1111/mec.14560	ncbi	yes	93.2	yes	18.210082	0.0357417	21.3685	yes	yes	AmazonW	Yungas
sara13	sara	sprucei	outgroup	outgroup	outgroup	outgroup	outgroup	na	f	Colombia	na	2.966276	-78.184745	3.135118	-78.4327	yes	PRJEB60296 • ERP145356	ERR12713986	ERS14696840	SAMEA112699265	Genomic evidence reveals three W-autosome fusions in Heliconius butterflies	https://doi.org/10.1371/journal.pgen.1011318	ncbi	yes	91.4	yes	12.145485	0.24198	18.0827	yes	no	sara	sara
sara14	sara	sprucei	outgroup	outgroup	outgroup	outgroup	outgroup	na	f	Colombia	na	2.963757	-78.182003	3.071909	-78.4052	yes	PRJEB60296 • ERP145356	ERR12713985	ERS14696839	SAMEA112699264 	Genomic evidence reveals three W-autosome fusions in Heliconius butterflies	https://doi.org/10.1371/journal.pgen.1011318	ncbi	yes	91.5	yes	12.18742	0.242119	18.1291	yes	no	sara	sara
clysonymus2	clysonymus	na	outgroup	outgroup	outgroup	outgroup	outgroup	m	m	Ecuador	na	-1.398	-78.1781	-1.51705	-77.9935	yes	PRJEB4669 • ERP003980	ERR348692	ERS353473	SAMEA2240470	Population genomics of parallel hybrid zones in the mimetic butterflies, H. melpomene and H. erato	http://www.genome.org/cgi/doi/10.1101/gr.169292.113	ncbi	yes	90.5	yes	10.926216	0.181688	14.5242	no (identical twin of clysonymus1)	no	relative	relative
notabilis01	erato	notabilis	0	double_band	1	0	0	m	m	Ecuador	Huamboya	-1.466666667	-78.13333333	-1.52806	-78.0272	yes	PRJNA324415 • SRP081917	SRR4032089	SRS1618089	SAMN05224178	Complex modular architecture around a simple toolkit of wing pattern genes	DOI: 10.1038/s41559-016-0052 | www.nature.com/natecolevol	ncbi	yes	95.1	yes	17.495954	0.0423657	20.3684	yes	yes	AmazonW	Napo
notabilis02	erato	notabilis	0	double_band	1	0	0	m	m	Ecuador	Huamboya	-1.466666667	-78.13333333	-1.42757	-78.0186	yes	PRJNA324415 • SRP081917	SRR4032090	SRS1618090	SAMN05224179	Complex modular architecture around a simple toolkit of wing pattern genes	DOI: 10.1038/s41559-016-0052 | www.nature.com/natecolevol	ncbi	yes	93	yes	17.7336	0.0429557	20.6156	yes	yes	AmazonW	Napo
notabilis04	erato	notabilis	0	double_band	1	0	0	m	m	Ecuador	Huamboya	-1.466666667	-78.13333333	-1.36986	-78.1663	yes	PRJNA324415 • SRP081917	SRR4032092	SRS1618092	SAMN05224181	Complex modular architecture around a simple toolkit of wing pattern genes	DOI: 10.1038/s41559-016-0052 | www.nature.com/natecolevol	ncbi	yes	95.8	yes	19.112289	0.0403212	22.1507	yes	yes	AmazonW	Napo
notabilisBC0410	erato	notabilis	0	double_band	1	0	0	m	m	Ecuador	Huamboya	-1.466666667	-78.13333333	-1.28798	-78.0452	yes	PRJNA324415 • SRP081917	SRR4032042	SRS1618041	SAMN05224100	Complex modular architecture around a simple toolkit of wing pattern genes	DOI: 10.1038/s41559-016-0052 | www.nature.com/natecolevol	ncbi	yes	95.6	yes	26.300655	0.0364463	30.3317	yes	yes	AmazonW	Napo
notabilis03	erato	notabilis	0	double_band	1	0	0	m	m	Ecuador	Huamboya	-1.466666667	-78.13333333	-1.27605	-78.3033	yes	PRJNA324415 • SRP081917	SRR4032091	SRS1618091	SAMN05224180	Complex modular architecture around a simple toolkit of wing pattern genes	DOI: 10.1038/s41559-016-0052 | www.nature.com/natecolevol	ncbi	yes	94.4	yes	20.244978	0.0398777	23.3898	yes	yes	AmazonW	Napo
etylusCAM9128	erato	etylus	1	narrow yellow band	0	1	1	m	m	Ecuador	Macas	-2.316666667	-78.11666667	-2.43683	-77.9078	yes	PRJEB35909 • ERP119036	ERR5235453	ERS5551471	SAMEA7804218	Rampant Genome-Wide Admixture across the Heliconius Radiation	https://doi.org/10.1093/gbe/evab099	ncbi	yes	91.7	yes	16.800904	0.0413897	20.3834	yes	yes	AmazonW	Napo
notabilisBC3223	erato	notabilis	0	double_band	1	0	0	m	m	Ecuador	Huamboya	-1.9478258	-77.9920721	-2.19463	-77.7562	yes	PRJNA324415 • SRP081917	SRR4032097	SRS1618096	SAMN05224105	Complex modular architecture around a simple toolkit of wing pattern genes	DOI: 10.1038/s41559-016-0052 | www.nature.com/natecolevol	ncbi	yes	94.7	yes	14.885703	0.0397577	17.3098	yes	yes	AmazonW	Napo
notabilisBC3228	erato	notabilis	0	double_band	1	0	0	m	m	Ecuador	Huamboya	-1.9478258	-77.9920721	-1.84152	-78.1686	yes	PRJNA324415 • SRP081917	SRR4032013	SRS1618013	SAMN05224109	Complex modular architecture around a simple toolkit of wing pattern genes	DOI: 10.1038/s41559-016-0052 | www.nature.com/natecolevol	ncbi	yes	94.7	yes	12.66313	0.0424098	14.5759	yes	yes	AmazonW	Napo
notabilisBC3224	erato	notabilis	0	double_band	1	0	0	f	f	Ecuador	Huamboya	-1.9478258	-77.9920721	-1.76098	-77.8352	yes	PRJNA324415 • SRP081917	SRR4031994	SRS1617994	SAMN05224106	Complex modular architecture around a simple toolkit of wing pattern genes	DOI: 10.1038/s41559-016-0052 | www.nature.com/natecolevol	ncbi	yes	94.6	yes	15.281058	0.0388324	18.1087	yes	yes	AmazonW	Napo
notabilisBC3225	erato	notabilis	0	double_band	1	0	0	f	f	Ecuador	Huamboya	-1.9478258	-77.9920721	-1.75268	-78.0795	yes	PRJNA324415 • SRP081917	SRR4032005	SRS1618005	SAMN05224107	Complex modular architecture around a simple toolkit of wing pattern genes	DOI: 10.1038/s41559-016-0052 | www.nature.com/natecolevol	ncbi	yes	94.8	yes	15.889308	0.0383712	18.7776	yes	yes	AmazonW	Napo
notabilisBC3227	erato	notabilis	0	double_band	1	0	0	f	m	Ecuador	Huamboya	-1.9478258	-77.9920721	-1.70536	-77.8512	yes	PRJNA324415 • SRP081917	SRR4032012	SRS1618012	SAMN05224108	Complex modular architecture around a simple toolkit of wing pattern genes	DOI: 10.1038/s41559-016-0052 | www.nature.com/natecolevol	ncbi	yes	94.8	yes	14.253687	0.0402807	16.6203	yes	yes	AmazonW	Napo
etylusBC3280	erato	etylus	1	narrow yellow band	0	1	1	f	f	Ecuador	Huamboya	-1.989256	-77.946596	-2.18344	-77.9252	yes	PRJNA324415 • SRP081917	SRR4032016	SRS1618016	SAMN05224112	Complex modular architecture around a simple toolkit of wing pattern genes	DOI: 10.1038/s41559-016-0052 | www.nature.com/natecolevol	ncbi	yes	94	yes	14.335845	0.0398235	16.9606	yes	yes	AmazonW	Napo
etylusBC3282	erato	etylus	1	narrow yellow band	0	1	1	f	f	Ecuador	Huamboya	-1.989256	-77.946596	-2.11216	-77.8542	yes	PRJNA324415 • SRP081917	SRR4032018	SRS1618018	SAMN05224114	Complex modular architecture around a simple toolkit of wing pattern genes	DOI: 10.1038/s41559-016-0052 | www.nature.com/natecolevol	ncbi	yes	94.8	yes	16.957005	0.0377868	20.0955	yes	yes	AmazonW	Napo
etylusBC3281	erato	etylus	1	narrow yellow band	0	1	1	m	m	Ecuador	Huamboya	-1.989256	-77.946596	-1.95389	-77.9125	yes	PRJNA324415 • SRP081917	SRR4032017	SRS1618017	SAMN05224113	Complex modular architecture around a simple toolkit of wing pattern genes	DOI: 10.1038/s41559-016-0052 | www.nature.com/natecolevol	ncbi	yes	94.8	yes	17.013838	0.0378498	19.8593	yes	yes	AmazonW	Napo
etylusBC3278	erato	etylus	1	narrow yellow band	0	1	1	f	f	Ecuador	Huamboya	-1.989256	-77.946596	-1.94945	-77.7122	yes	PRJNA324415 • SRP081917	SRR4032015	SRS1618015	SAMN05224111	Complex modular architecture around a simple toolkit of wing pattern genes	DOI: 10.1038/s41559-016-0052 | www.nature.com/natecolevol	ncbi	yes	94.9	yes	16.129253	0.0386018	19.105	yes	yes	AmazonW	Napo
etylusBC3277	erato	etylus	1	narrow yellow band	0	1	1	m	f	Ecuador	Huamboya	-1.989256	-77.946596	-1.9131	-77.9175	yes	PRJNA324415 • SRP081917	SRR4032014	SRS1618014	SAMN05224110	Complex modular architecture around a simple toolkit of wing pattern genes	DOI: 10.1038/s41559-016-0052 | www.nature.com/natecolevol	ncbi	yes	93.8	yes	14.88495	0.0394946	17.676	yes	yes	AmazonW	Napo
lativittaCAM040233	erato	lativitta	1	narrow yellow band	0	1	1	f	f	Ecuador	Finca Narupa	-0.73017	-77.77367	-0.97844	-77.6485	yes	PRJEB35570 • ERP118642	ERR3781124	ERS4201863	SAMEA6435670	Repeated genetic adaptation to altitude in two tropical butterflies	https://doi.org/10.1038/s41467-022-32316-x	ncbi	yes	98.9	yes	1.220947	0.468846	2.50412	yes	no	low_qual	low_qual
lativittaCAM041044	erato	lativitta	1	narrow yellow band	0	1	1	m	m	Ecuador	Finca Jose Simbanas P13	-0.73017	-77.77367	-0.77201	-77.8887	yes	PRJEB35570 • ERP118642	ERR3781199	ERS4201890	SAMEA6435697	Repeated genetic adaptation to altitude in two tropical butterflies	https://doi.org/10.1038/s41467-022-32316-x	ncbi	yes	98.8	yes	4.092119	0.1294	5.24416	yes	no	low_qual	low_qual
lativittaCAM041189	erato	lativitta	1	narrow yellow band	0	1	1	m	m	Ecuador	Finca Narupa	-0.73017	-77.77367	-0.66743	-77.665	yes	PRJEB35570 • ERP118642	ERR3789939	ERS4212783	SAMEA6447220	Repeated genetic adaptation to altitude in two tropical butterflies	https://doi.org/10.1038/s41467-022-32316-x	ncbi	yes	98	yes	1.562626	0.377774	2.68429	yes	no	low_qual	low_qual
lativittaCAM040236	erato	lativitta	1	narrow yellow band	0	1	1	f	f	Ecuador	Finca Narupa	-0.73017	-77.77367	-0.59649	-77.9405	yes	PRJEB35570 • ERP118642	ERR3781125	ERS4201864	SAMEA6435671	Repeated genetic adaptation to altitude in two tropical butterflies	https://doi.org/10.1038/s41467-022-32316-x	ncbi	yes	98.6	yes	4.040849	0.129513	5.23167	yes	no	low_qual	low_qual
lativittaCAM040241	erato	lativitta	1	narrow yellow band	0	1	1	m	m	Ecuador	Finca Narupa, bridge	-0.72516	-77.76736	-0.97018	-77.8782	yes	PRJEB35570 • ERP118642	ERR3781127	ERS4201866	SAMEA6435673	Repeated genetic adaptation to altitude in two tropical butterflies	https://doi.org/10.1038/s41467-022-32316-x	ncbi	yes	98.9	yes	3.232903	0.179177	4.2858	yes	no	low_qual	low_qual
lativittaCAM040239	erato	lativitta	1	narrow yellow band	0	1	1	m	m	Ecuador	Finca Narupa, bridge	-0.72516	-77.76736	-0.70351	-77.7916	yes	PRJEB35570 • ERP118642	ERR3781126	ERS4201865	SAMEA6435672	Repeated genetic adaptation to altitude in two tropical butterflies	https://doi.org/10.1038/s41467-022-32316-x	ncbi	yes	99	yes	3.500817	0.183275	4.63498	yes	no	low_qual	low_qual
lativittaCAM041227	erato	lativitta	1	narrow yellow band	0	1	1	m	m	Ecuador	Mina Negra	-0.71258	-77.74066	-0.75279	-77.601	yes	PRJEB35570 • ERP118642	ERR3789952	ERS4212796	SAMEA6447233	Repeated genetic adaptation to altitude in two tropical butterflies	https://doi.org/10.1038/s41467-022-32316-x	ncbi	yes	98.5	yes	4.003783	0.169712	5.23411	yes	no	low_qual	low_qual
lativittaCAM041225	erato	lativitta	1	narrow yellow band	0	1	1	m	m	Ecuador	Mina Negra	-0.71258	-77.74066	-0.74573	-77.7966	yes	PRJEB35570 • ERP118642	ERR3789950	ERS4212794	SAMEA6447231	Repeated genetic adaptation to altitude in two tropical butterflies	https://doi.org/10.1038/s41467-022-32316-x	ncbi	yes	98.4	yes	3.745929	0.184746	4.992	yes	no	low_qual	low_qual
lativittaCAM041226	erato	lativitta	1	narrow yellow band	0	1	1	m	m	Ecuador	Mina Negra	-0.71258	-77.74066	-0.59321	-77.8665	yes	PRJEB35570 • ERP118642	ERR3789951	ERS4212795	SAMEA6447232	Repeated genetic adaptation to altitude in two tropical butterflies	https://doi.org/10.1038/s41467-022-32316-x	ncbi	yes	98.6	yes	3.834189	0.182267	5.06986	yes	no	low_qual	low_qual
lativittaCAM040232	erato	lativitta	1	narrow yellow band	0	1	1	m	m	Ecuador	Reserva Narupa, bridge	-0.6838	-77.73973	-0.91593	-77.9686	yes	PRJEB35570 • ERP118642	ERR3789815	ERS4212696	SAMEA6447133	Repeated genetic adaptation to altitude in two tropical butterflies	https://doi.org/10.1038/s41467-022-32316-x	ncbi	yes	97.6	yes	12.887487	0.0435168	15.0436	yes	yes	AmazonW	Napo
lativittaCAM040228	erato	lativitta	1	narrow yellow band	0	1	1	f	f	Ecuador	Reserva Narupa, bridge	-0.6838	-77.73973	-0.84275	-77.9111	yes	PRJEB35570 • ERP118642	ERR3781122	ERS4201861	SAMEA6435668	Repeated genetic adaptation to altitude in two tropical butterflies	https://doi.org/10.1038/s41467-022-32316-x	ncbi	yes	98.9	yes	1.853832	0.340794	3.08354	yes	no	low_qual	low_qual
lativittaCAM040230	erato	lativitta	1	narrow yellow band	0	1	1	f	f	Ecuador	Reserva Narupa, bridge	-0.6838	-77.73973	-0.76007	-77.511	yes	PRJEB35570 • ERP118642	ERR3781123	ERS4201862	SAMEA6435669	Repeated genetic adaptation to altitude in two tropical butterflies	https://doi.org/10.1038/s41467-022-32316-x	ncbi	yes	96.9	yes	2.012187	0.20162	2.7055	yes	no	low_qual	low_qual
lativittaCAM041196	erato	lativitta	1	narrow yellow band	0	1	1	m	m	Ecuador	Reserva Narupa, bridge	-0.6838	-77.73973	-0.53557	-77.8446	yes	PRJEB35570 • ERP118642	ERR3789941	ERS4212785	SAMEA6447222	Repeated genetic adaptation to altitude in two tropical butterflies	https://doi.org/10.1038/s41467-022-32316-x	ncbi	yes	98.4	yes	4.080797	0.160543	5.30585	yes	no	low_qual	low_qual
lativittaCAM040227	erato	lativitta	1	narrow yellow band	0	1	1	m	m	Ecuador	Reserva Narupa, bridge	-0.6838	-77.73973	-0.48979	-77.6324	yes	PRJEB35570 • ERP118642	ERR3789814	ERS4212695	SAMEA6447132	Repeated genetic adaptation to altitude in two tropical butterflies	https://doi.org/10.1038/s41467-022-32316-x	ncbi	yes	96.8	yes	12.144122	0.0436739	14.2303	yes	yes	AmazonW	Napo
lativittaCAM041103	erato	lativitta	1	narrow yellow band	0	1	1	m	m	Ecuador	Reserva Narupa, bridge	-0.6838	-77.73973	-0.48233	-77.8171	yes	PRJEB35570 • ERP118642	ERR3781202	ERS4201893	SAMEA6435700	Repeated genetic adaptation to altitude in two tropical butterflies	https://doi.org/10.1038/s41467-022-32316-x	ncbi	yes	98.5	yes	2.274264	0.228768	3.21069	yes	no	low_qual	low_qual
lativittaCAM041102	erato	lativitta	1	narrow yellow band	0	1	1	m	m	Ecuador	Reserva Narupa, bridge	-0.6838	-77.73973	-0.46465	-77.5547	yes	PRJEB35570 • ERP118642	ERR3781201	ERS4201892	SAMEA6435699	Repeated genetic adaptation to altitude in two tropical butterflies	https://doi.org/10.1038/s41467-022-32316-x	ncbi	yes	98.7	yes	2.812761	0.194115	3.85238	yes	no	low_qual	low_qual
lativittaCAM041188	erato	lativitta	1	narrow yellow band	0	1	1	m	m	Ecuador	Reserva Narupa, P10	-0.67964	-77.73953	-0.4779	-77.5938	yes	PRJEB35570 • ERP118642	ERR3789938	ERS4212782	SAMEA6447219	Repeated genetic adaptation to altitude in two tropical butterflies	https://doi.org/10.1038/s41467-022-32316-x	ncbi	yes	98.3	yes	1.554571	0.383334	2.74814	yes	no	low_qual	low_qual
lativittaCAM41030	erato	lativitta	1	narrow yellow band	0	1	1	na	m	Ecuador	Ahuano	-1.0558	-77.70191	-1.15228	-77.5659	yes	PRJEB35570 • ERP118642	ERR3789847	ERS4212585	SAMEA6447022	Repeated genetic adaptation to altitude in two tropical butterflies	https://doi.org/10.1038/s41467-022-32316-x	ncbi	yes	97.6	yes	12.785335	0.0431368	14.961	yes	yes	AmazonW	Napo
lativittaCAM041031	erato	lativitta	1	narrow yellow band	0	1	1	m	m	Ecuador	Road to Shalcana	-1.0558	-77.70191	-1.12721	-77.5594	yes	PRJEB35570 • ERP118642	ERR3789848	ERS4212705	SAMEA6447142	Repeated genetic adaptation to altitude in two tropical butterflies	https://doi.org/10.1038/s41467-022-32316-x	ncbi	yes	97.7	yes	12.48399	0.0444112	14.5121	yes	yes	AmazonW	Napo
lativittaCAM041006	erato	lativitta	1	narrow yellow band	0	1	1	m	m	Ecuador	Road to Shalcana	-1.0558	-77.70191	-1.00254	-77.4944	yes	PRJEB35570 • ERP118642	ERR3781195	ERS4201886	SAMEA6435693	Repeated genetic adaptation to altitude in two tropical butterflies	https://doi.org/10.1038/s41467-022-32316-x	ncbi	yes	98.8	yes	3.974301	0.140346	5.09774	yes	no	low_qual	low_qual
lativittaCAM041002	erato	lativitta	1	narrow yellow band	0	1	1	m	m	Ecuador	Pununo	-1.02277	-77.67152	-1.1066	-77.7525	yes	PRJEB35570 • ERP118642	ERR3781191	ERS4201882	SAMEA6435689	Repeated genetic adaptation to altitude in two tropical butterflies	https://doi.org/10.1038/s41467-022-32316-x	ncbi	yes	98.6	yes	3.223271	0.170392	4.22767	yes	no	low_qual	low_qual
lativittaCAM041003	erato	lativitta	1	narrow yellow band	0	1	1	m	m	Ecuador	Pununo	-1.02277	-77.67152	-0.9922	-77.7211	yes	PRJEB35570 • ERP118642	ERR3781192	ERS4201883	SAMEA6435690	Repeated genetic adaptation to altitude in two tropical butterflies	https://doi.org/10.1038/s41467-022-32316-x	ncbi	yes	98.6	yes	3.610154	0.152965	4.65498	yes	no	low_qual	low_qual
lativittaCAM041001	erato	lativitta	1	narrow yellow band	0	1	1	m	m	Ecuador	Pununo	-1.02277	-77.67152	-0.88008	-77.5268	yes	PRJEB35570 • ERP118642	ERR3781190	ERS4201881	SAMEA6435688	Repeated genetic adaptation to altitude in two tropical butterflies	https://doi.org/10.1038/s41467-022-32316-x	ncbi	yes	98.5	yes	3.01756	0.177573	3.98217	yes	no	low_qual	low_qual
lativittaCAM040174	erato	lativitta	1	narrow yellow band	0	1	1	f	f	Ecuador	Puni Bocana, trail	-1.11568	-77.62902	-1.2811	-77.7824	yes	PRJEB35570 • ERP118642	ERR3781116	ERS4201855	SAMEA6435662	Repeated genetic adaptation to altitude in two tropical butterflies	https://doi.org/10.1038/s41467-022-32316-x	ncbi	yes	98.6	yes	3.99647	0.131726	5.14573	yes	no	low_qual	low_qual
lativittaCAM040173	erato	lativitta	1	narrow yellow band	0	1	1	m	m	Ecuador	Puni Bocana, trail	-1.11568	-77.62902	-1.09635	-77.4887	yes	PRJEB35570 • ERP118642	ERR3781115	ERS4201854	SAMEA6435661	Repeated genetic adaptation to altitude in two tropical butterflies	https://doi.org/10.1038/s41467-022-32316-x	ncbi	yes	98.5	yes	3.597876	0.146746	4.6152	yes	no	low_qual	low_qual
lativittaCAM040990	erato	lativitta	1	narrow yellow band	0	1	1	m	m	Ecuador	Jatun Satcha, jardin botanico	-1.06713	-77.62864	-1.26382	-77.3861	yes	PRJEB35570 • ERP118642	ERR3781185	ERS4201876	SAMEA6435683	Repeated genetic adaptation to altitude in two tropical butterflies	https://doi.org/10.1038/s41467-022-32316-x	ncbi	yes	98.7	yes	4.030009	0.138185	5.15061	yes	no	low_qual	low_qual
lativittaCAM040991	erato	lativitta	1	narrow yellow band	0	1	1	m	m	Ecuador	Jatun Satcha, jardin botanico	-1.06713	-77.62864	-1.25603	-77.4981	yes	PRJEB35570 • ERP118642	ERR3781186	ERS4201877	SAMEA6435684	Repeated genetic adaptation to altitude in two tropical butterflies	https://doi.org/10.1038/s41467-022-32316-x	ncbi	yes	98.6	yes	3.206391	0.174313	4.22571	yes	no	low_qual	low_qual
lativittaCAM040994	erato	lativitta	1	narrow yellow band	0	1	1	f	f	Ecuador	Jatun Satcha, jardin botanico	-1.06713	-77.62864	-1.17135	-77.4462	yes	PRJEB35570 • ERP118642	ERR3781188	ERS4201879	SAMEA6435686	Repeated genetic adaptation to altitude in two tropical butterflies	https://doi.org/10.1038/s41467-022-32316-x	ncbi	yes	98.5	yes	3.734222	0.141955	4.82185	yes	no	low_qual	low_qual
lativittaCAM040993	erato	lativitta	1	narrow yellow band	0	1	1	f	f	Ecuador	Jatun Satcha, jardin botanico	-1.06713	-77.62864	-1.15557	-77.8344	yes	PRJEB35570 • ERP118642	ERR3781187	ERS4201878	SAMEA6435685	Repeated genetic adaptation to altitude in two tropical butterflies	https://doi.org/10.1038/s41467-022-32316-x	ncbi	yes	98.6	yes	3.838667	0.145839	4.98819	yes	no	low_qual	low_qual
lativittaCAM040988	erato	lativitta	1	narrow yellow band	0	1	1	m	m	Ecuador	Jatun Satcha, jardin botanico	-1.06713	-77.62864	-1.12828	-77.6279	yes	PRJEB35570 • ERP118642	ERR3781183	ERS4201874	SAMEA6435681	Repeated genetic adaptation to altitude in two tropical butterflies	https://doi.org/10.1038/s41467-022-32316-x	ncbi	yes	98.7	yes	4.38102	0.129848	5.52276	yes	no	low_qual	low_qual
lativittaCAM040987	erato	lativitta	1	narrow yellow band	0	1	1	f	f	Ecuador	Jatun Satcha, jardin botanico	-1.06713	-77.62864	-1.00729	-77.8181	yes	PRJEB35570 • ERP118642	ERR3781182	ERS4201873	SAMEA6435680	Repeated genetic adaptation to altitude in two tropical butterflies	https://doi.org/10.1038/s41467-022-32316-x	ncbi	yes	98.7	yes	4.066724	0.132151	5.20365	yes	no	low_qual	low_qual
lativittaCAM040217	erato	lativitta	1	narrow yellow band	0	1	1	m	m	Ecuador	Jatun Satcha, jardin botanico	-1.06713	-77.62864	-0.92367	-77.4492	yes	PRJEB35570 • ERP118642	ERR3781120	ERS4201859	SAMEA6435666	Repeated genetic adaptation to altitude in two tropical butterflies	https://doi.org/10.1038/s41467-022-32316-x	ncbi	yes	98.5	yes	4.532482	0.121184	5.66857	yes	no	low_qual	low_qual
lativittaCAM040218	erato	lativitta	1	narrow yellow band	0	1	1	m	m	Ecuador	Jatun Satcha, jardin botanico	-1.06713	-77.62864	-0.85899	-77.8544	yes	PRJEB35570 • ERP118642	ERR3781121	ERS4201860	SAMEA6435667	Repeated genetic adaptation to altitude in two tropical butterflies	https://doi.org/10.1038/s41467-022-32316-x	ncbi	yes	98.2	yes	3.047535	0.176212	4.01973	yes	no	low_qual	low_qual
lativittaCAM040989	erato	lativitta	1	narrow yellow band	0	1	1	m	m	Ecuador	Jatun Satcha, jardin botanico	-1.06713	-77.62864	-0.8553	-77.8481	yes	PRJEB35570 • ERP118642	ERR3781184	ERS4201875	SAMEA6435682	Repeated genetic adaptation to altitude in two tropical butterflies	https://doi.org/10.1038/s41467-022-32316-x	ncbi	yes	98.6	yes	3.381203	0.16434	4.40929	yes	no	low_qual	low_qual
lativittaCAM040995	erato	lativitta	1	narrow yellow band	0	1	1	f	f	Ecuador	Jatun Satcha, jardin botanico	-1.06713	-77.62864	-0.83992	-77.6728	yes	PRJEB35570 • ERP118642	ERR3781189	ERS4201880	SAMEA6435687	Repeated genetic adaptation to altitude in two tropical butterflies	https://doi.org/10.1038/s41467-022-32316-x	ncbi	yes	98.5	yes	3.396426	0.156679	4.45118	yes	no	low_qual	low_qual
lativittaCAM040184	erato	lativitta	1	narrow yellow band	0	1	1	m	m	Ecuador	San Pedro de Arajuno, trail	-1.09759	-77.5893	-1.34063	-77.8327	yes	PRJEB35570 • ERP118642	ERR3789813	ERS4212694	SAMEA6447131	Repeated genetic adaptation to altitude in two tropical butterflies	https://doi.org/10.1038/s41467-022-32316-x	ncbi	yes	97.6	yes	12.99032	0.0433353	15.1728	yes	yes	AmazonW	Napo
notabilisBC3066	erato	notabilis	0	double_band	1	0	0	na	na	Ecuador	Huamboya	-1.9478258	-77.9920721	-1.86319	-78.1167	no	new from this study	do not exist	new from this study	new from this study	new from this study	new from this study	do not exist	no	na	na	na	na	na	na	no	na	na
lativittaCAM041007	erato	lativitta	1	narrow yellow band	0	1	1	m	m	Ecuador	San Pedro de Arajuno, trail	-1.09759	-77.5893	-1.26362	-77.7069	yes	PRJEB35570 • ERP118642	ERR3781196	ERS4201887	SAMEA6435694	Repeated genetic adaptation to altitude in two tropical butterflies	https://doi.org/10.1038/s41467-022-32316-x	ncbi	yes	98.5	yes	4.086394	0.13463	5.18618	yes	no	low_qual	low_qual
lativittaCAM041014	erato	lativitta	1	narrow yellow band	0	1	1	f	f	Ecuador	San Pedro de Arajuno, trail	-1.09759	-77.5893	-1.2368	-77.4373	yes	PRJEB35570 • ERP118642	ERR3789846	ERS4212704	SAMEA6447141	Repeated genetic adaptation to altitude in two tropical butterflies	https://doi.org/10.1038/s41467-022-32316-x	ncbi	yes	97.3	yes	12.446504	0.0441252	14.6663	yes	yes	AmazonW	Napo
lativittaCAM040185	erato	lativitta	1	narrow yellow band	0	1	1	m	m	Ecuador	San Pedro de Arajuno, trail	-1.09759	-77.5893	-1.19663	-77.3795	yes	PRJEB35570 • ERP118642	ERR3781117	ERS4201856	SAMEA6435663	Repeated genetic adaptation to altitude in two tropical butterflies	https://doi.org/10.1038/s41467-022-32316-x	ncbi	yes	98.2	yes	3.357301	0.165734	4.3871	yes	no	low_qual	low_qual
lativittaCAM041008	erato	lativitta	1	narrow yellow band	0	1	1	m	m	Ecuador	San Pedro de Arajuno, trail	-1.09759	-77.5893	-1.19586	-77.4581	yes	PRJEB35570 • ERP118642	ERR3781197	ERS4201888	SAMEA6435695	Repeated genetic adaptation to altitude in two tropical butterflies	https://doi.org/10.1038/s41467-022-32316-x	ncbi	yes	98.6	yes	3.511953	0.158251	4.54496	yes	no	low_qual	low_qual
lativittaCAM041004	erato	lativitta	1	narrow yellow band	0	1	1	m	m	Ecuador	San Pedro de Arajuno, trail	-1.09759	-77.5893	-1.1844	-77.6231	yes	PRJEB35570 • ERP118642	ERR3781193	ERS4201884	SAMEA6435691	Repeated genetic adaptation to altitude in two tropical butterflies	https://doi.org/10.1038/s41467-022-32316-x	ncbi	yes	98.6	yes	3.810566	0.147873	4.90018	yes	no	low_qual	low_qual
lativittaCAM040187	erato	lativitta	1	narrow yellow band	0	1	1	f	m	Ecuador	San Pedro de Arajuno, trail	-1.09759	-77.5893	-1.14367	-77.6965	yes	PRJEB35570 • ERP118642	ERR3781119	ERS4201858	SAMEA6435665	Repeated genetic adaptation to altitude in two tropical butterflies	https://doi.org/10.1038/s41467-022-32316-x	ncbi	yes	98.1	yes	3.900273	0.141879	4.97823	yes	no	low_qual	low_qual
lativittaCAM041005	erato	lativitta	1	narrow yellow band	0	1	1	m	m	Ecuador	San Pedro de Arajuno, trail	-1.09759	-77.5893	-1.07281	-77.7154	yes	PRJEB35570 • ERP118642	ERR3781194	ERS4201885	SAMEA6435692	Repeated genetic adaptation to altitude in two tropical butterflies	https://doi.org/10.1038/s41467-022-32316-x	ncbi	yes	97.9	yes	3.081797	0.18254	4.06065	yes	no	low_qual	low_qual
lativittaCAM041047	erato	lativitta	1	narrow yellow band	0	1	1	m	m	Ecuador	San Pedro de Arajuno, trail	-1.09759	-77.5893	-0.91537	-77.6142	yes	PRJEB35570 • ERP118642	ERR3781200	ERS4201891	SAMEA6435698	Repeated genetic adaptation to altitude in two tropical butterflies	https://doi.org/10.1038/s41467-022-32316-x	ncbi	yes	98.7	yes	4.126641	0.129311	5.23923	yes	no	low_qual	low_qual
lativittaCAM040186	erato	lativitta	1	narrow yellow band	0	1	1	m	m	Ecuador	San Pedro de Arajuno, trail	-1.09759	-77.5893	-0.89038	-77.3427	yes	PRJEB35570 • ERP118642	ERR3781118	ERS4201857	SAMEA6435664	Repeated genetic adaptation to altitude in two tropical butterflies	https://doi.org/10.1038/s41467-022-32316-x	ncbi	yes	98.5	yes	3.586291	0.151968	4.60998	yes	no	low_qual	low_qual
lativittaCAM011441	erato	lativitta	1	narrow yellow band	0	1	1	m	m	Ecuador	San Raphael Falls, Baeza-Lago Agrio,	-0.101823	-77.584438	0.086547	-77.6648	yes	PRJEB35570 • ERP118642	ERR3789812	ERS4212693	SAMEA6447130	Repeated genetic adaptation to altitude in two tropical butterflies	https://doi.org/10.1038/s41467-022-32316-x	ncbi	yes	98.2	yes	11.526282	0.0466521	13.5923	yes	yes	AmazonW	Napo
lativittaBC0411	erato	lativitta	1	narrow yellow band	0	1	1	m	m	Ecuador	Ahuano	-1.054175	-77.548545	-1.16335	-77.3714	yes	PRJNA324415 • SRP081917	SRR4032053	SRS1618053	SAMN05224101	Complex modular architecture around a simple toolkit of wing pattern genes	DOI: 10.1038/s41559-016-0052 | www.nature.com/natecolevol	ncbi	yes	91.7	yes	26.168559	0.0369171	30.0597	yes	yes	AmazonW	Napo
lativitta04	erato	lativitta	1	narrow yellow band	0	1	1	f	f	Ecuador	Ahuano	-1.054175	-77.548545	-1.11873	-77.6457	yes	PRJNA324415 • SRP081917	SRR4032047	SRS1618047	SAMN05224140	Complex modular architecture around a simple toolkit of wing pattern genes	DOI: 10.1038/s41559-016-0052 | www.nature.com/natecolevol	ncbi	yes	94.4	yes	25.816704	0.038348	29.735	yes	yes	AmazonW	Napo
lativitta02	erato	lativitta	1	narrow yellow band	0	1	1	f	f	Ecuador	Ahuano	-1.054175	-77.548545	-0.87482	-77.6921	yes	PRJNA324415 • SRP081917	SRR4032045	SRS1618045	SAMN05224138	Complex modular architecture around a simple toolkit of wing pattern genes	DOI: 10.1038/s41559-016-0052 | www.nature.com/natecolevol	ncbi	yes	95.6	yes	21.683814	0.0422416	25.6973	yes	yes	AmazonW	Napo
lativitta01	erato	lativitta	1	narrow yellow band	0	1	1	f	f	Ecuador	Ahuano	-1.054175	-77.548545	-0.85638	-77.7396	yes	PRJNA324415 • SRP081917	SRR4032044	SRS1618044	SAMN05224137	Complex modular architecture around a simple toolkit of wing pattern genes	DOI: 10.1038/s41559-016-0052 | www.nature.com/natecolevol	ncbi	yes	95.1	yes	17.26347	0.0483371	20.6665	yes	yes	AmazonW	Napo
lativitta03	erato	lativitta	1	narrow yellow band	0	1	1	f	f	Ecuador	Ahuano	-1.054175	-77.548545	-0.80716	-77.3062	yes	PRJNA324415 • SRP081917	SRR4032046	SRS1618046	SAMN05224139	Complex modular architecture around a simple toolkit of wing pattern genes	DOI: 10.1038/s41559-016-0052 | www.nature.com/natecolevol	ncbi	yes	96	yes	26.550527	0.038286	30.295	yes	yes	AmazonW	Napo
lativittaCAM041112	erato	lativitta	1	narrow yellow band	0	1	1	m	m	Ecuador	Limoncocha - El Carmen 1	-1.09256	-77.54583	-0.89191	-77.4945	yes	PRJEB35570 • ERP118642	ERR3789849	ERS4212706	SAMEA6447143	Repeated genetic adaptation to altitude in two tropical butterflies	https://doi.org/10.1038/s41467-022-32316-x	ncbi	yes	97.8	yes	11.933266	0.0446024	13.8921	yes	yes	AmazonW	Napo
lativittaCAM040702	erato	lativitta	1	narrow yellow band	0	1	1	f	f	Ecuador	Reventador-Sucumbios	-0.032166	-77.52603	-0.0411	-77.5459	yes	PRJEB35570 • ERP118642	ERR3789831	ERS4212703	SAMEA6447140	Repeated genetic adaptation to altitude in two tropical butterflies	https://doi.org/10.1038/s41467-022-32316-x	ncbi	yes	96.2	yes	12.504437	0.0442526	14.905	yes	yes	AmazonW	Napo
lativittaCAM040706	erato	lativitta	1	narrow yellow band	0	1	1	f	f	Ecuador	Reventador-Sucumbios	-0.032166	-77.52603	0.066572	-77.3592	yes	PRJEB35570 • ERP118642	ERR3781147	ERS4201870	SAMEA6435677	Repeated genetic adaptation to altitude in two tropical butterflies	https://doi.org/10.1038/s41467-022-32316-x	ncbi	yes	99	yes	5.372621	0.112711	6.86668	yes	no	low_qual	low_qual
lativittaCAM040703	erato	lativitta	1	narrow yellow band	0	1	1	m	m	Ecuador	Reventador-Sucumbios	-0.032166	-77.52603	0.137176	-77.7529	yes	PRJEB35570 • ERP118642	ERR3781144	ERS4201867	SAMEA6435674	Repeated genetic adaptation to altitude in two tropical butterflies	https://doi.org/10.1038/s41467-022-32316-x	ncbi	yes	98.8	yes	1.327104	0.417378	2.47116	yes	no	low_qual	low_qual
lativittaCAM040704	erato	lativitta	1	narrow yellow band	0	1	1	f	f	Ecuador	Reventador-Sucumbios	-0.032166	-77.52603	0.174465	-77.6207	yes	PRJEB35570 • ERP118642	ERR3781145	ERS4201868	SAMEA6435675	Repeated genetic adaptation to altitude in two tropical butterflies	https://doi.org/10.1038/s41467-022-32316-x	ncbi	yes	98.9	yes	0.955815	0.534096	2.26724	yes	no	low_qual	low_qual
lativittaCAM040705	erato	lativitta	1	narrow yellow band	0	1	1	m	m	Ecuador	Reventador-Sucumbios	-0.032166	-77.52603	0.181644	-77.4953	yes	PRJEB35570 • ERP118642	ERR3781146	ERS4201869	SAMEA6435676	Repeated genetic adaptation to altitude in two tropical butterflies	https://doi.org/10.1038/s41467-022-32316-x	ncbi	yes	98.9	yes	3.378514	0.19994	4.63377	yes	no	low_qual	low_qual
phyllisSR240	erato	phyllis	0	red band	0	0	0	na	na	request sample info	request sample info	request sample info	request sample info			no	new from this study	phyllisSR240_trim	new from this study	new from this study	new from this study	new from this study	local	yes	67.8	no (melpomene mis-id)	4.55201	na	na	na	no	na	na
lativittaCAM040715	erato	lativitta	1	narrow yellow band	0	1	1	m	m	Ecuador	Reventador-Sucumbios	-0.032166	-77.52603	0.205185	-77.7259	yes	PRJEB35570 • ERP118642	ERR3781149	ERS4201872	SAMEA6435679	Repeated genetic adaptation to altitude in two tropical butterflies	https://doi.org/10.1038/s41467-022-32316-x	ncbi	yes	98.8	yes	2.839027	0.208987	3.90275	yes	no	low_qual	low_qual
lativittaCAM040701	erato	lativitta	1	narrow yellow band	0	1	1	m	m	Ecuador	Reventador-Sucumbios	-0.032166	-77.52603	0.210716	-77.5878	yes	PRJEB35570 • ERP118642	ERR3789830	ERS4212702	SAMEA6447139	Repeated genetic adaptation to altitude in two tropical butterflies	https://doi.org/10.1038/s41467-022-32316-x	ncbi	yes	97.6	yes	12.231622	0.044885	14.2985	yes	yes	AmazonW	Napo
lativittaCAM041265	erato	lativitta	1	narrow yellow band	0	1	1	m	m	Ecuador	Reventador road	-0.01876	-77.52574	-0.1968	-77.3941	yes	PRJEB35570 • ERP118642	ERR3789955	ERS4212799	SAMEA6447236	Repeated genetic adaptation to altitude in two tropical butterflies	https://doi.org/10.1038/s41467-022-32316-x	ncbi	yes	98.1	yes	4.485457	0.160786	5.78419	yes	no	low_qual	low_qual
lativittaCAM041278	erato	lativitta	1	narrow yellow band	0	1	1	m	m	Ecuador	Reventador road	-0.01876	-77.52574	-0.17325	-77.4874	yes	PRJEB35570 • ERP118642	ERR3789960	ERS4212804	SAMEA6447241	Repeated genetic adaptation to altitude in two tropical butterflies	https://doi.org/10.1038/s41467-022-32316-x	ncbi	yes	96.5	yes	2.934165	0.227175	4.07349	yes	no	low_qual	low_qual
lativittaCAM041277	erato	lativitta	1	narrow yellow band	0	1	1	f	f	Ecuador	Reventador road	-0.01876	-77.52574	-0.07662	-77.6396	yes	PRJEB35570 • ERP118642	ERR3789959	ERS4212803	SAMEA6447240	Repeated genetic adaptation to altitude in two tropical butterflies	https://doi.org/10.1038/s41467-022-32316-x	ncbi	yes	98.4	yes	3.350918	0.19007	4.56775	yes	no	low_qual	low_qual
lativittaCAM041263	erato	lativitta	1	narrow yellow band	0	1	1	m	m	Ecuador	Reventador road	-0.01876	-77.52574	-0.0638	-77.3584	yes	PRJEB35570 • ERP118642	ERR3789953	ERS4212797	SAMEA6447234	Repeated genetic adaptation to altitude in two tropical butterflies	https://doi.org/10.1038/s41467-022-32316-x	ncbi	yes	98.3	yes	3.978656	0.173578	5.19695	yes	no	low_qual	low_qual
lativittaCAM041266	erato	lativitta	1	narrow yellow band	0	1	1	m	m	Ecuador	Reventador road	-0.01876	-77.52574	0.04206	-77.6739	yes	PRJEB35570 • ERP118642	ERR3789956	ERS4212800	SAMEA6447237	Repeated genetic adaptation to altitude in two tropical butterflies	https://doi.org/10.1038/s41467-022-32316-x	ncbi	yes	98.4	yes	4.290435	0.155687	5.52266	yes	no	low_qual	low_qual
lativittaCAM041264	erato	lativitta	1	narrow yellow band	0	1	1	m	m	Ecuador	Reventador road	-0.01876	-77.52574	0.152658	-77.316	yes	PRJEB35570 • ERP118642	ERR3789954	ERS4212798	SAMEA6447235	Repeated genetic adaptation to altitude in two tropical butterflies	https://doi.org/10.1038/s41467-022-32316-x	ncbi	yes	98.3	yes	3.919103	0.171811	5.1189	yes	no	low_qual	low_qual
venus15N239	erato	venus	0	red band	0	0	0	f	f	Colombia	San Pedro 1	5.57187	-77.5021	5.387127	-77.6258	yes	PRJEB35570 • ERP118642	ERR9976123_ERR9976124_ERR9976125_ERR9976126_merged	ERS12363742	SAMEA110266125	Repeated genetic adaptation to altitude in two tropical butterflies	https://doi.org/10.1038/s41467-022-32316-x	ncbi	yes	96.2	yes	14.440746	0.0460713	16.6726	yes	yes	PacificS	ChocoS
venus15N241	erato	venus	0	red band	0	0	0	f	f	Colombia	San Pedro 1	5.57187	-77.5021	5.421367	-77.6631	yes	PRJEB35570 • ERP118642	ERR9976127_ERR9976128_ERR9976129_ERR9976130_merged	ERS12363743	SAMEA110266126	Repeated genetic adaptation to altitude in two tropical butterflies	https://doi.org/10.1038/s41467-022-32316-x	ncbi	yes	96.3	yes	12.929932	0.047867	14.9321	yes	yes	PacificS	ChocoS
venus15N238	erato	venus	0	red band	0	0	0	f	f	Colombia	San Pedro 1	5.57187	-77.5021	5.577402	-77.3256	yes	PRJEB35570 • ERP118642	ERR9976119_ERR9976120_ERR9976121_ERR9976122_merged	ERS12363741	SAMEA110266124	Repeated genetic adaptation to altitude in two tropical butterflies	https://doi.org/10.1038/s41467-022-32316-x	ncbi	yes	96.2	yes	13.352178	0.047509	15.4336	yes	yes	PacificS	ChocoS
venus15N261	erato	venus	0	red band	0	0	0	m	m	Colombia	San Pedro 1	5.57187	-77.5021	5.745813	-77.4552	yes	PRJEB35570 • ERP118642	ERR9976131_ERR9976132_ERR9976133_ERR9976134_merged	ERS12363744	SAMEA110266127	Repeated genetic adaptation to altitude in two tropical butterflies	https://doi.org/10.1038/s41467-022-32316-x	ncbi	yes	96.3	yes	13.308396	0.0480339	15.1173	yes	yes	PacificS	ChocoS
favorinusBC2638	erato	favorinus	0	red band	0	0	0	m	m	Peru	Tarapoto	-6.4174	-77.44329	-6.64072	-77.3928	yes	PRJNA324415 • SRP081917	SRR6313538	SRS2706600	SAMN08049961	Patterns of Z chromosome divergence among Heliconius species highlight the importance of historical demography	DOI: 10.1111/mec.14560	ncbi	yes	94.6	yes	19.535669	0.0376014	22.8702	yes	yes	AmazonW	Yungas
favorinusBC2637	erato	favorinus	0	red band	0	0	0	m	m	Peru	Tarapoto	-6.4174	-77.44329	-6.60636	-77.4448	yes	PRJNA324415 • SRP081917	SRR6313539	SRS2706599	SAMN08049960	Patterns of Z chromosome divergence among Heliconius species highlight the importance of historical demography	DOI: 10.1111/mec.14560	ncbi	yes	94.2	yes	17.081042	0.0387225	20.0896	yes	yes	AmazonW	Yungas
favorinusBC2635	erato	favorinus	0	red band	0	0	0	f	f	Peru	Tarapoto	-6.4174	-77.44329	-6.44137	-77.3063	yes	PRJNA324415 • SRP081917	SRR6313540	SRS2706598	SAMN08049959	Patterns of Z chromosome divergence among Heliconius species highlight the importance of historical demography	DOI: 10.1111/mec.14560	ncbi	yes	93.8	yes	17.627425	0.0380946	21.0176	yes	yes	AmazonW	Yungas
venusCS000628	erato	venus	0	red band	0	0	0	m	m	Colombia	Ladrilleros	3.958333333	-77.37333333	3.777131	-77.2493	yes	PRJEB35570 • ERP118642	ERR3789973	ERS4212817	SAMEA6447254	Repeated genetic adaptation to altitude in two tropical butterflies	https://doi.org/10.1038/s41467-022-32316-x	ncbi	yes	96.8	yes	2.941048	0.163213	3.70668	yes	no	low_qual	low_qual
venusCS000630	erato	venus	0	red band	0	0	0	m	m	Colombia	Ladrilleros	3.958333333	-77.37333333	3.807586	-77.144	yes	PRJEB35570 • ERP118642	ERR3789974	ERS4212818	SAMEA6447255	Repeated genetic adaptation to altitude in two tropical butterflies	https://doi.org/10.1038/s41467-022-32316-x	ncbi	yes	98.4	yes	3.716999	0.185269	4.78212	yes	no	low_qual	low_qual
venusCS000289	erato	venus	0	red band	0	0	0	m	m	Colombia	Ladrilleros	3.958333333	-77.37333333	3.838063	-77.3283	yes	PRJEB35570 • ERP118642	ERR3789964	ERS4212808	SAMEA6447245	Repeated genetic adaptation to altitude in two tropical butterflies	https://doi.org/10.1038/s41467-022-32316-x	ncbi	yes	98.5	yes	4.531542	0.157296	5.66622	yes	no	low_qual	low_qual
venusCS00047	erato	venus	0	red band	0	0	0	f	f	Colombia	Ladrilleros	3.958333333	-77.37333333	3.862861	-77.3027	yes	PRJEB35570 • ERP118642	ERR3789970	ERS4212814	SAMEA6447251	Repeated genetic adaptation to altitude in two tropical butterflies	https://doi.org/10.1038/s41467-022-32316-x	ncbi	yes	98	yes	3.436302	0.208374	4.62938	yes	no	low_qual	low_qual
venusCS000632	erato	venus	0	red band	0	0	0	m	m	Colombia	Ladrilleros	3.958333333	-77.37333333	3.875973	-77.2899	yes	PRJEB35570 • ERP118642	ERR3789975	ERS4212819	SAMEA6447256	Repeated genetic adaptation to altitude in two tropical butterflies	https://doi.org/10.1038/s41467-022-32316-x	ncbi	yes	85.5	yes	5.162544	0.146188	6.26404	yes	no	low_qual	low_qual
venusCS00046	erato	venus	0	red band	0	0	0	m	m	Colombia	Ladrilleros	3.958333333	-77.37333333	3.910747	-77.3647	yes	PRJEB35570 • ERP118642	ERR3789968	ERS4212812	SAMEA6447249	Repeated genetic adaptation to altitude in two tropical butterflies	https://doi.org/10.1038/s41467-022-32316-x	ncbi	yes	97.7	yes	3.647405	0.187468	4.75413	yes	no	low_qual	low_qual
venusCS00265	erato	venus	0	red band	0	0	0	f	f	Colombia	La Barra	3.958333333	-77.37333333	3.935394	-77.1328	yes	PRJEB35570 • ERP118642	ERR3789986	ERS4212830	SAMEA6447267	Repeated genetic adaptation to altitude in two tropical butterflies	https://doi.org/10.1038/s41467-022-32316-x	ncbi	yes	98.4	yes	4.38932	0.174501	5.6492	yes	no	low_qual	low_qual
venusCS00275	erato	venus	0	red band	0	0	0	m	m	Colombia	Ladrilleros	3.958333333	-77.37333333	3.982159	-77.3061	yes	PRJEB35570 • ERP118642	ERR3789989	ERS4212833	SAMEA6447270	Repeated genetic adaptation to altitude in two tropical butterflies	https://doi.org/10.1038/s41467-022-32316-x	ncbi	yes	98.7	yes	3.955138	0.189368	5.12278	yes	no	low_qual	low_qual
venusCS00274	erato	venus	0	red band	0	0	0	m	m	Colombia	La Barra	3.958333333	-77.37333333	3.994626	-77.5878	yes	PRJEB35570 • ERP118642	ERR3789988	ERS4212832	SAMEA6447269	Repeated genetic adaptation to altitude in two tropical butterflies	https://doi.org/10.1038/s41467-022-32316-x	ncbi	yes	97.9	yes	3.975288	0.185403	5.08367	yes	no	low_qual	low_qual
venusCS00284	erato	venus	0	red band	0	0	0	m	m	Colombia	Ladrilleros	3.958333333	-77.37333333	4.007152	-77.1658	yes	PRJEB35570 • ERP118642	ERR3789990	ERS4212834	SAMEA6447271	Repeated genetic adaptation to altitude in two tropical butterflies	https://doi.org/10.1038/s41467-022-32316-x	ncbi	yes	98.5	yes	4.185293	0.17515	5.30933	yes	no	low_qual	low_qual
venusCS000627	erato	venus	0	red band	0	0	0	m	m	Colombia	Ladrilleros	3.958333333	-77.37333333	4.031969	-77.4051	yes	PRJEB35570 • ERP118642	ERR3789972	ERS4212816	SAMEA6447253	Repeated genetic adaptation to altitude in two tropical butterflies	https://doi.org/10.1038/s41467-022-32316-x	ncbi	yes	98.3	yes	3.926457	0.17741	4.95949	yes	no	low_qual	low_qual
venusCS000460	erato	venus	0	red band	0	0	0	f	f	Colombia	Ladrilleros	3.958333333	-77.37333333	4.065478	-77.1537	yes	PRJEB35570 • ERP118642	ERR3789969	ERS4212813	SAMEA6447250	Repeated genetic adaptation to altitude in two tropical butterflies	https://doi.org/10.1038/s41467-022-32316-x	ncbi	yes	98.5	yes	4.085092	0.195425	5.38834	yes	no	low_qual	low_qual
venusCS00287	erato	venus	0	red band	0	0	0	m	m	Colombia	Ladrilleros	3.958333333	-77.37333333	4.096919	-77.2791	yes	PRJEB35570 • ERP118642	ERR3789992	ERS4212836	SAMEA6447273	Repeated genetic adaptation to altitude in two tropical butterflies	https://doi.org/10.1038/s41467-022-32316-x	ncbi	yes	98.4	yes	3.992708	0.196452	5.16565	yes	no	low_qual	low_qual
venusCS00285	erato	venus	0	red band	0	0	0	m	m	Colombia	Ladrilleros	3.958333333	-77.37333333	4.12243	-77.2164	yes	PRJEB35570 • ERP118642	ERR3789991	ERS4212835	SAMEA6447272	Repeated genetic adaptation to altitude in two tropical butterflies	https://doi.org/10.1038/s41467-022-32316-x	ncbi	yes	98.2	yes	3.931288	0.181889	5.04042	yes	no	low_qual	low_qual
venusCS000635	erato	venus	0	red band	0	0	0	m	m	Colombia	Ladrilleros	3.958333333	-77.37333333	4.129267	-77.2292	yes	PRJEB35570 • ERP118642	ERR3789978	ERS4212822	SAMEA6447259	Repeated genetic adaptation to altitude in two tropical butterflies	https://doi.org/10.1038/s41467-022-32316-x	ncbi	yes	88.1	yes	4.231593	0.167705	5.31218	yes	no	low_qual	low_qual
sara11	sara	brevimaculata	outgroup	outgroup	outgroup	outgroup	outgroup	na	f	Colombia	na	3.94130555	-77.36483333	4.058625	-77.5092	yes	PRJEB60296 • ERP145356	ERR12713943	ERS14696797	SAMEA112699222 	Genomic evidence reveals three W-autosome fusions in Heliconius butterflies	https://doi.org/10.1371/journal.pgen.1011318	ncbi	yes	91.2	yes	12.721954	0.241386	18.7878	yes	no	sara	sara
sara12	sara	brevimaculata	outgroup	outgroup	outgroup	outgroup	outgroup	na	m	Colombia	na	3.94130555	-77.36483333	4.083798	-77.1966	yes	PRJEB60296 • ERP145356	ERR12713944	ERS14696798	SAMEA112699223	Genomic evidence reveals three W-autosome fusions in Heliconius butterflies	https://doi.org/10.1371/journal.pgen.1011318	ncbi	yes	92.4	yes	12.284422	0.242727	17.8049	yes	no	sara	sara
venus15N193	erato	venus	0	red band	0	0	0	f	f	Colombia	Queremal (Rio San Juan, Vereda El Digua)	3.83691	-77.25734	3.894895	-77.2362	yes	PRJEB35570 • ERP118642	ERR9955235_ERR9955255_merged	ERS12363738	SAMEA110266121	Repeated genetic adaptation to altitude in two tropical butterflies	https://doi.org/10.1038/s41467-022-32316-x	ncbi	yes	96.3	yes	6.30012	0.0615006	7.30093	yes	no	low_qual	low_qual
venus15N195	erato	venus	0	red band	0	0	0	m	m	Colombia	Queremal (Rio San Juan, Vereda El Digua)	3.83691	-77.25734	3.954663	-77.1444	yes	PRJEB35570 • ERP118642	ERR9955237_ERR9955257_merged	ERS12363740	SAMEA110266123	Repeated genetic adaptation to altitude in two tropical butterflies	https://doi.org/10.1038/s41467-022-32316-x	ncbi	yes	96.4	yes	5.876005	0.0642465	6.72176	yes	no	low_qual	low_qual
venus15N194	erato	venus	0	red band	0	0	0	m	m	Colombia	Queremal (Rio San Juan, Vereda El Digua)	3.83691	-77.25734	3.961118	-77.4661	yes	PRJEB35570 • ERP118642	ERR9955236_ERR9955256_merged	ERS12363739	SAMEA110266122	Repeated genetic adaptation to altitude in two tropical butterflies	https://doi.org/10.1038/s41467-022-32316-x	ncbi	yes	96.1	yes	6.032537	0.0632114	6.90001	yes	no	low_qual	low_qual
venus15N192	erato	venus	0	red band	0	0	0	m	m	Colombia	Queremal (Rio San Juan, Vereda El Digua)	3.83691	-77.25734	3.97744	-77.1473	yes	PRJEB35570 • ERP118642	ERR9955234_ERR9955254_merged	ERS12363737	SAMEA110266120	Repeated genetic adaptation to altitude in two tropical butterflies	https://doi.org/10.1038/s41467-022-32316-x	ncbi	yes	96.1	yes	6.28512	0.0618279	7.18983	yes	no	low_qual	low_qual
venusCS003350	erato	venus	0	red band	0	0	0	m	m	Colombia	Queremal (Rio San Juan, Vereda El Digua)	3.500833333	-76.75722222	3.285108	-76.7367	yes	PRJEB35570 • ERP118642	ERR3789997	ERS4212841	SAMEA6447278	Repeated genetic adaptation to altitude in two tropical butterflies	https://doi.org/10.1038/s41467-022-32316-x	ncbi	yes	98.5	yes	4.332934	0.169299	5.48921	yes	no	low_qual	low_qual
venusCS003357	erato	venus	0	red band	0	0	0	f	f	Colombia	Queremal (Rio San Juan, Vereda El Digua)	3.500833333	-76.75722222	3.340492	-76.878	yes	PRJEB35570 • ERP118642	ERR3790001	ERS4212845	SAMEA6447282	Repeated genetic adaptation to altitude in two tropical butterflies	https://doi.org/10.1038/s41467-022-32316-x	ncbi	yes	98.4	yes	4.394359	0.157175	5.55127	yes	no	low_qual	low_qual
venusCS003349	erato	venus	0	red band	0	0	0	m	m	Colombia	Queremal (Rio San Juan, Vereda El Digua)	3.500833333	-76.75722222	3.369699	-77.0035	yes	PRJEB35570 • ERP118642	ERR3789996	ERS4212840	SAMEA6447277	Repeated genetic adaptation to altitude in two tropical butterflies	https://doi.org/10.1038/s41467-022-32316-x	ncbi	yes	98.3	yes	4.053085	0.1849	5.17338	yes	no	low_qual	low_qual
venusCS003351	erato	venus	0	red band	0	0	0	f	f	Colombia	Queremal (Rio San Juan, Vereda El Digua)	3.500833333	-76.75722222	3.51111	-76.6272	yes	PRJEB35570 • ERP118642	ERR3789998	ERS4212842	SAMEA6447279	Repeated genetic adaptation to altitude in two tropical butterflies	https://doi.org/10.1038/s41467-022-32316-x	ncbi	yes	98.4	yes	4.363354	0.159655	5.54116	yes	no	low_qual	low_qual
venusCS003348	erato	venus	0	red band	0	0	0	m	m	Colombia	Queremal (Rio San Juan, Vereda El Digua)	3.500833333	-76.75722222	3.539524	-76.8529	yes	PRJEB35570 • ERP118642	ERR3789995	ERS4212839	SAMEA6447276	Repeated genetic adaptation to altitude in two tropical butterflies	https://doi.org/10.1038/s41467-022-32316-x	ncbi	yes	97.8	yes	4.93084	0.159445	6.16126	yes	no	low_qual	low_qual
venusCS003352	erato	venus	0	red band	0	0	0	m	m	Colombia	Queremal (Rio San Juan, Vereda El Digua)	3.500833333	-76.75722222	3.547467	-76.8916	yes	PRJEB35570 • ERP118642	ERR3789999	ERS4212843	SAMEA6447280	Repeated genetic adaptation to altitude in two tropical butterflies	https://doi.org/10.1038/s41467-022-32316-x	ncbi	yes	97.8	yes	3.917128	0.177775	4.99829	yes	no	low_qual	low_qual
venusCS003356	erato	venus	0	red band	0	0	0	m	m	Colombia	Queremal (Rio San Juan, Vereda El Digua)	3.500833333	-76.75722222	3.5994	-76.9895	yes	PRJEB35570 • ERP118642	ERR3790000	ERS4212844	SAMEA6447281	Repeated genetic adaptation to altitude in two tropical butterflies	https://doi.org/10.1038/s41467-022-32316-x	ncbi	yes	97.8	yes	4.10232	0.186188	5.29646	yes	no	low_qual	low_qual
venusCS003130	erato	venus	0	red band	0	0	0	m	m	Colombia	Queremal (Rio San Juan, Vereda El Digua)	3.500833333	-76.75722222	3.688771	-76.5185	yes	PRJEB35570 • ERP118642	ERR3789994	ERS4212838	SAMEA6447275	Repeated genetic adaptation to altitude in two tropical butterflies	https://doi.org/10.1038/s41467-022-32316-x	ncbi	yes	98.3	yes	3.612319	0.204826	4.76113	yes	no	low_qual	low_qual
venusCS003128	erato	venus	0	red band	0	0	0	m	m	Colombia	Queremal (Rio San Juan, Vereda El Digua)	3.500833333	-76.75722222	3.746534	-76.8541	yes	PRJEB35570 • ERP118642	ERR3789993	ERS4212837	SAMEA6447274	Repeated genetic adaptation to altitude in two tropical butterflies	https://doi.org/10.1038/s41467-022-32316-x	ncbi	yes	98.5	yes	4.528979	0.16992	5.68907	yes	no	low_qual	low_qual
venus15N120	erato	venus	0	red band	0	0	0	f	f	Colombia	Mashpi town (117)	3.50083333	-76.757222	3.251575	-76.95	yes	PRJEB35570 • ERP118642	ERR9955232_ERR9955252_merged	ERS12363735	SAMEA110266118	Repeated genetic adaptation to altitude in two tropical butterflies	https://doi.org/10.1038/s41467-022-32316-x	ncbi	yes	96	yes	7.001686	0.0584419	8.05222	yes	yes	PacificS	ChocoS
venusCS000634	erato	venus	0	red band	0	0	0	f	na	Colombia	Ladrilleros	3.958333333	-77.37333333	4.052852	-77.5849	yes	PRJEB35570 • ERP118642	ERR3789977	ERS4212821	SAMEA6447258	Repeated genetic adaptation to altitude in two tropical butterflies	https://doi.org/10.1038/s41467-022-32316-x	ncbi	yes	53.4	no	1.18602	na	na	na	no	na	na
venus15N111	erato	venus	0	red band	0	0	0	m	m	Colombia	Quebrada Las Doraditas	3.50083333	-76.757222	3.620094	-76.9742	yes	PRJEB35570 • ERP118642	ERR9955229_ERR9955249_merged	ERS12363732	SAMEA110266115	Repeated genetic adaptation to altitude in two tropical butterflies	https://doi.org/10.1038/s41467-022-32316-x	ncbi	yes	96.2	yes	5.957852	0.0639969	6.81029	yes	no	low_qual	low_qual
venus15N112	erato	venus	0	red band	0	0	0	m	m	Colombia	Road to Mashpi 3 (116)	3.50083333	-76.757222	3.653041	-76.9299	yes	PRJEB35570 • ERP118642	ERR9955230_ERR9955250_merged	ERS12363733	SAMEA110266116	Repeated genetic adaptation to altitude in two tropical butterflies	https://doi.org/10.1038/s41467-022-32316-x	ncbi	yes	96.2	yes	5.509664	0.0664912	6.28439	yes	no	low_qual	low_qual
venus15N121	erato	venus	0	red band	0	0	0	m	m	Colombia	Queremal (Rio San Juan, Vereda El Digua)	3.50083333	-76.757222	3.655752	-76.6151	yes	PRJEB35570 • ERP118642	ERR9955233_ERR9955253_merged	ERS12363736	SAMEA110266119	Repeated genetic adaptation to altitude in two tropical butterflies	https://doi.org/10.1038/s41467-022-32316-x	ncbi	yes	96.3	yes	7.33868	0.0580432	8.35622	yes	yes	PacificS	ChocoS
venus15N113	erato	venus	0	red band	0	0	0	f	f	Colombia	Mashpi town (117)	3.50083333	-76.757222	3.703721	-76.5157	yes	PRJEB35570 • ERP118642	ERR9955231_ERR9955251_merged	ERS12363734	SAMEA110266117	Repeated genetic adaptation to altitude in two tropical butterflies	https://doi.org/10.1038/s41467-022-32316-x	ncbi	yes	96	yes	5.358195	0.0673922	6.22618	yes	no	low_qual	low_qual
venus15N146	erato	venus	0	red band	0	0	0	m	m	Colombia	Queremal	3.53199	-76.75461	3.625092	-76.9405	yes	PRJEB35570 • ERP118642	ERR3789732	ERS4212598	SAMEA6447035	Repeated genetic adaptation to altitude in two tropical butterflies	https://doi.org/10.1038/s41467-022-32316-x	ncbi	yes	98.4	yes	4.923887	0.165138	6.21334	yes	no	low_qual	low_qual
venus15N145	erato	venus	0	red band	0	0	0	m	m	Colombia	Queremal	3.53199	-76.75461	3.729392	-76.6295	yes	PRJEB35570 • ERP118642	ERR3789731	ERS4212597	SAMEA6447034	Repeated genetic adaptation to altitude in two tropical butterflies	https://doi.org/10.1038/s41467-022-32316-x	ncbi	yes	98.1	yes	4.733392	0.170192	5.9719	yes	no	low_qual	low_qual
guaricaM3375	erato	guarica	0	red band	0	0	0	f	f	Colombia	Mocoa	1.148888889	-76.73258611	1.131267	-76.8691	no	new from this study	guaricaM3375_trim	new from this study	new from this study	new from this study	new from this study	local	yes	97.5	yes	24.58552	0.0351328	28.5281	yes	yes	PacificN	Magdalena
guaricaM3121	erato	guarica	0	red band	0	0	0	m	m	Colombia	Mocoa	1.148888889	-76.73258611	1.164186	-76.8016	no	new from this study	guaricaM3121_trim	new from this study	new from this study	new from this study	new from this study	local	yes	98	yes	19.881323	0.0372277	23.011	yes	yes	PacificN	Magdalena
guaricaM3125	erato	guarica	0	red band	0	0	0	m	m	Colombia	Mocoa	1.148888889	-76.73258611	1.200706	-76.5661	no	new from this study	guaricaM3125_trim	new from this study	new from this study	new from this study	new from this study	local	yes	97.8	yes	25.783873	0.0347655	29.5721	yes	yes	PacificN	Magdalena
guaricaM3428	erato	guarica	0	red band	0	0	0	m	f	Colombia	Mocoa	1.148888889	-76.73258611	1.307462	-76.6375	no	new from this study	guaricaM3428_trim	new from this study	new from this study	new from this study	new from this study	local	yes	97.9	yes	26.733654	0.0345278	31.1639	yes	yes	PacificN	Magdalena
guaricaM3376	erato	guarica	0	red band	0	0	0	m	m	Colombia	Mocoa	1.148888889	-76.73258611	1.338993	-76.8181	no	new from this study	guaricaM3376_trim	new from this study	new from this study	new from this study	new from this study	local	yes	97.9	yes	23.120616	0.0352485	26.619	yes	yes	PacificN	Magdalena
venusM3655	erato	venus	0	red band	0	0	0	f	f	Colombia	Queremal	3.5166883	-76.7254218	3.372514	-76.6624	yes	PRJNA324415 • SRP081917	SRR4032049	SRS1618049	SAMN05224142	Complex modular architecture around a simple toolkit of wing pattern genes	DOI: 10.1038/s41559-016-0052 | www.nature.com/natecolevol	ncbi	yes	95.9	yes	24.512564	0.0450576	28.2153	yes	yes	PacificS	ChocoS
venusM3654	erato	venus	0	red band	0	0	0	m	m	Colombia	Queremal	3.5166883	-76.7254218	3.443307	-76.7998	yes	PRJNA324415 • SRP081917	SRR4032048	SRS1618048	SAMN05224141	Complex modular architecture around a simple toolkit of wing pattern genes	DOI: 10.1038/s41559-016-0052 | www.nature.com/natecolevol	ncbi	yes	96.1	yes	20.601026	0.0478805	23.4031	yes	yes	PacificS	ChocoS
venusM3657	erato	venus	0	red band	0	0	0	m	m	Colombia	Queremal	3.5166883	-76.7254218	3.462942	-76.579	yes	PRJNA324415 • SRP081917	SRR4032051	SRS1618051	SAMN05224144	Complex modular architecture around a simple toolkit of wing pattern genes	DOI: 10.1038/s41559-016-0052 | www.nature.com/natecolevol	ncbi	yes	96.3	yes	29.714471	0.0465789	32.7911	yes	yes	PacificS	ChocoS
venusM3656	erato	venus	0	red band	0	0	0	m	m	Colombia	Queremal	3.5166883	-76.7254218	3.610342	-76.7922	yes	PRJNA324415 • SRP081917	SRR4032050	SRS1618050	SAMN05224143	Complex modular architecture around a simple toolkit of wing pattern genes	DOI: 10.1038/s41559-016-0052 | www.nature.com/natecolevol	ncbi	yes	96.2	yes	20.695426	0.0471756	23.5718	yes	yes	PacificS	ChocoS
venusM3659	erato	venus	0	red band	0	0	0	m	m	Colombia	Queremal	3.5166883	-76.7254218	3.663244	-76.9709	yes	PRJNA324415 • SRP081917	SRR4032052	SRS1618052	SAMN05224145	Complex modular architecture around a simple toolkit of wing pattern genes	DOI: 10.1038/s41559-016-0052 | www.nature.com/natecolevol	ncbi	yes	96	yes	22.385154	0.0475667	25.5256	yes	yes	PacificS	ChocoS
dignusCAM040108	erato	dignus	0	red band	0	0	0	m	m	Colombia	Mocoa-Subundoy site 5	1.07793	-76.71753	0.9229	-76.6672	yes	PRJEB35570 • ERP118642	ERR3773924	ERS4199147	SAMEA6432950	Repeated genetic adaptation to altitude in two tropical butterflies	https://doi.org/10.1038/s41467-022-32316-x	ncbi	yes	98.3	yes	3.70128	0.135629	4.70348	yes	no	low_qual	low_qual
dignusCAM040103	erato	dignus	0	red band	0	0	0	f	f	Colombia	Mocoa-Subundoy site 5	1.07793	-76.71753	1.057173	-76.4764	yes	PRJEB35570 • ERP118642	ERR3773922	ERS4199149	SAMEA6432952	Repeated genetic adaptation to altitude in two tropical butterflies	https://doi.org/10.1038/s41467-022-32316-x	ncbi	yes	98.2	yes	4.183574	0.126661	5.36585	yes	no	low_qual	low_qual
dignusCAM040102	erato	dignus	0	red band	0	0	0	f	f	Colombia	Mocoa-Subundoy site 5	1.07793	-76.71753	1.225414	-76.9083	yes	PRJEB35570 • ERP118642	ERR3773921	ERS4199145	SAMEA6432948	Repeated genetic adaptation to altitude in two tropical butterflies	https://doi.org/10.1038/s41467-022-32316-x	ncbi	yes	97.9	yes	2.775102	0.188684	3.73071	yes	no	low_qual	low_qual
dignusCAM40106	erato	dignus	0	red band	0	0	0	f	f	Colombia	Mocoa	1.08042	-76.71533	1.091531	-76.6645	yes	PRJEB35570 • ERP118642	ERR3790126	ERS4212893	SAMEA6447330	Repeated genetic adaptation to altitude in two tropical butterflies	https://doi.org/10.1038/s41467-022-32316-x	ncbi	yes	97.4	yes	13.837454	0.0414381	16.5956	yes	yes	AmazonW	Napo
dignusCAM040105	erato	dignus	0	red band	0	0	0	f	f	Colombia	Mocoa-Subundoy site 4	1.08042	-76.71533	1.149849	-76.6612	yes	PRJEB35570 • ERP118642	ERR3773923	ERS4199146	SAMEA6432949	Repeated genetic adaptation to altitude in two tropical butterflies	https://doi.org/10.1038/s41467-022-32316-x	ncbi	yes	98	yes	3.729576	0.131081	4.76863	yes	no	low_qual	low_qual
dignusCAM040101	erato	dignus	0	red band	0	0	0	m	m	Colombia	Mocoa-Subundoy site 4	1.08042	-76.71533	1.15847	-76.6009	yes	PRJEB35570 • ERP118642	ERR3773920	ERS4199144	SAMEA6432947	Repeated genetic adaptation to altitude in two tropical butterflies	https://doi.org/10.1038/s41467-022-32316-x	ncbi	yes	98.4	yes	3.318884	0.157855	4.31049	yes	no	low_qual	low_qual
dignusCAM40112	erato	dignus	0	red band	0	0	0	m	m	Colombia	Mocoa	1.21412	-76.68982	1.046942	-76.9225	yes	PRJEB35570 • ERP118642	ERR3790128	ERS4212896	SAMEA6447334	Repeated genetic adaptation to altitude in two tropical butterflies	https://doi.org/10.1038/s41467-022-32316-x	ncbi	yes	97.1	yes	14.182009	0.0421521	16.7511	yes	yes	AmazonW	Napo
dignusCAM40114	erato	dignus	0	red band	0	0	0	m	m	Colombia	Mocoa	1.21412	-76.68982	1.051401	-76.7326	yes	PRJEB35570 • ERP118642	ERR3790130	ERS4212897	SAMEA6447335	Repeated genetic adaptation to altitude in two tropical butterflies	https://doi.org/10.1038/s41467-022-32316-x	ncbi	yes	97.5	yes	13.350114	0.0428965	15.7069	yes	yes	AmazonW	Napo
dignusCAM40113	erato	dignus	0	red band	0	0	0	m	m	Colombia	Mocoa	1.21412	-76.68982	1.402619	-76.5125	yes	PRJEB35570 • ERP118642	ERR3790129	ERS4212581	SAMEA6447018	Repeated genetic adaptation to altitude in two tropical butterflies	https://doi.org/10.1038/s41467-022-32316-x	ncbi	yes	97.5	yes	15.842912	0.0405835	18.6959	yes	yes	AmazonW	Napo
dignusCAM040039	erato	dignus	0	red band	0	0	0	m	m	Colombia	Campo Cana 11	1.21757	-76.68879	1.191556	-76.785	yes	PRJEB35570 • ERP118642	ERR3773917	ERS4199142	SAMEA6432945	Repeated genetic adaptation to altitude in two tropical butterflies	https://doi.org/10.1038/s41467-022-32316-x	ncbi	yes	98.5	yes	3.60607	0.143735	4.67502	yes	no	low_qual	low_qual
dignusCAM040017	erato	dignus	0	red band	0	0	0	m	m	Colombia	Campo Cana	1.21286	-76.68748	0.996743	-76.6062	yes	PRJEB35570 • ERP118642	ERR3773910	ERS3935931	SAMEA6135649	Repeated genetic adaptation to altitude in two tropical butterflies	https://doi.org/10.1038/s41467-022-32316-x	ncbi	yes	98.3	yes	3.340072	0.162061	4.3579	yes	no	low_qual	low_qual
dignusCAM040015	erato	dignus	0	red band	0	0	0	m	m	Colombia	Campo Cana	1.21286	-76.68748	1.002848	-76.5095	yes	PRJEB35570 • ERP118642	ERR3773908	ERS3935929	SAMEA6135647	Repeated genetic adaptation to altitude in two tropical butterflies	https://doi.org/10.1038/s41467-022-32316-x	ncbi	yes	98.1	yes	3.403656	0.172102	4.46986	yes	no	low_qual	low_qual
dignusCAM040066	erato	dignus	0	red band	0	0	0	f	f	Colombia	Campo Cana	1.21286	-76.68748	1.095714	-76.5309	yes	PRJEB35570 • ERP118642	ERR3773918	ERS4199148	SAMEA6432951	Repeated genetic adaptation to altitude in two tropical butterflies	https://doi.org/10.1038/s41467-022-32316-x	ncbi	yes	98.3	yes	3.882107	0.139013	5.02344	yes	no	low_qual	low_qual
dignusCAM040042	erato	dignus	0	red band	0	0	0	m	m	Colombia	Campo Cana	1.21286	-76.68748	1.196007	-76.8085	yes	PRJEB35570 • ERP118642	ERR3781099	ERS4201829	SAMEA6435636	Repeated genetic adaptation to altitude in two tropical butterflies	https://doi.org/10.1038/s41467-022-32316-x	ncbi	yes	98.5	yes	4.453833	0.117212	5.63005	yes	no	low_qual	low_qual
dignusCAM040018	erato	dignus	0	red band	0	0	0	m	m	Colombia	Campo Cana	1.21286	-76.68748	1.272438	-76.6528	yes	PRJEB35570 • ERP118642	ERR3773911	ERS3935932	SAMEA6135650	Repeated genetic adaptation to altitude in two tropical butterflies	https://doi.org/10.1038/s41467-022-32316-x	ncbi	yes	98.6	yes	3.067373	0.190785	4.16074	yes	no	low_qual	low_qual
dignusCAM40111	erato	dignus	0	red band	0	0	0	m	m	Colombia	Mocoa	1.21286	-76.68748	1.311001	-76.6228	yes	PRJEB35570 • ERP118642	ERR3790127	ERS4212895	SAMEA6447333	Repeated genetic adaptation to altitude in two tropical butterflies	https://doi.org/10.1038/s41467-022-32316-x	ncbi	yes	97.5	yes	15.135156	0.0411047	17.9156	yes	yes	AmazonW	Napo
dignusCAM040016	erato	dignus	0	red band	0	0	0	m	m	Colombia	Campo Cana	1.21286	-76.68748	1.439218	-76.8945	yes	PRJEB35570 • ERP118642	ERR3773909	ERS3935930	SAMEA6135648	Repeated genetic adaptation to altitude in two tropical butterflies	https://doi.org/10.1038/s41467-022-32316-x	ncbi	yes	98	yes	2.963888	0.169752	3.8833	yes	no	low_qual	low_qual
dignusCAM040077	erato	dignus	0	red band	0	0	0	m	m	Colombia	Campo Cana Mauricio3	1.21314	-76.68354	1.40651	-76.8026	yes	PRJEB35570 • ERP118642	ERR3773919	ERS4199143	SAMEA6432946	Repeated genetic adaptation to altitude in two tropical butterflies	https://doi.org/10.1038/s41467-022-32316-x	ncbi	yes	98.2	yes	3.461975	0.153242	4.49959	yes	no	low_qual	low_qual
dignusCAM040078	erato	dignus	0	red band	0	0	0	m	m	Colombia	Campo Cana 04	1.20931	-76.68172	1.114848	-76.4483	yes	PRJEB35570 • ERP118642	ERR3781100	ERS4201830	SAMEA6435637	Repeated genetic adaptation to altitude in two tropical butterflies	https://doi.org/10.1038/s41467-022-32316-x	ncbi	yes	98.7	yes	5.569567	0.0964709	6.9167	yes	no	low_qual	low_qual
dignusCAM040038	erato	dignus	0	red band	0	0	0	m	m	Colombia	Campo Cana 03	1.20848	-76.68135	1.078485	-76.7841	yes	PRJEB35570 • ERP118642	ERR3773916	ERS3935933	SAMEA6135651	Repeated genetic adaptation to altitude in two tropical butterflies	https://doi.org/10.1038/s41467-022-32316-x	ncbi	yes	98.5	yes	3.163565	0.168976	4.15726	yes	no	low_qual	low_qual
sara10	sara	elektra	outgroup	outgroup	outgroup	outgroup	outgroup	na	f	Colombia	na	3.32197222	-76.63291666	3.464381	-76.8686	yes	PRJEB60296 • ERP145356	ERR12713945	ERS14696799	SAMEA112699224 	Genomic evidence reveals three W-autosome fusions in Heliconius butterflies	https://doi.org/10.1371/journal.pgen.1011318	ncbi	yes	91.5	yes	13.01397	0.240747	19.328	yes	no	sara	sara
lativittaCAM040130	erato	lativitta	1	narrow yellow band	0	1	1	m	m	Colombia	Finca el Escondite	0.79536	-76.58573	0.629214	-76.4325	yes	PRJEB35570 • ERP118642	ERR3781105	ERS4201844	SAMEA6435651	Repeated genetic adaptation to altitude in two tropical butterflies	https://doi.org/10.1038/s41467-022-32316-x	ncbi	yes	98.5	yes	4.720926	0.116484	5.92186	yes	no	low_qual	low_qual
lativittaCAM040123	erato	lativitta	1	narrow yellow band	0	1	1	m	m	Colombia	Finca el Escondite	0.79536	-76.58573	0.653843	-76.3372	yes	PRJEB35570 • ERP118642	ERR3773928	ERS4199160	SAMEA6432963	Repeated genetic adaptation to altitude in two tropical butterflies	https://doi.org/10.1038/s41467-022-32316-x	ncbi	yes	98	yes	3.823782	0.1288	4.8172	yes	no	low_qual	low_qual
lativittaCAM040135	erato	lativitta	1	narrow yellow band	0	1	1	m	m	Colombia	Finca el Escondite	0.79536	-76.58573	0.675435	-76.4676	yes	PRJEB35570 • ERP118642	ERR3781108	ERS4201847	SAMEA6435654	Repeated genetic adaptation to altitude in two tropical butterflies	https://doi.org/10.1038/s41467-022-32316-x	ncbi	yes	97.9	yes	3.425029	0.164141	4.48509	yes	no	low_qual	low_qual
lativittaCAM040136	erato	lativitta	1	narrow yellow band	0	1	1	f	f	Colombia	Finca el Escondite	0.79536	-76.58573	0.683762	-76.3705	yes	PRJEB35570 • ERP118642	ERR3773931	ERS4199152	SAMEA6432955	Repeated genetic adaptation to altitude in two tropical butterflies	https://doi.org/10.1038/s41467-022-32316-x	ncbi	yes	98.2	yes	4.167777	0.114743	5.24898	yes	no	low_qual	low_qual
lativittaCAM040119	erato	lativitta	1	narrow yellow band	0	1	1	m	m	Colombia	Finca el Escondite	0.79536	-76.58573	0.746228	-76.5807	yes	PRJEB35570 • ERP118642	ERR3773925	ERS4199159	SAMEA6432962	Repeated genetic adaptation to altitude in two tropical butterflies	https://doi.org/10.1038/s41467-022-32316-x	ncbi	yes	98.3	yes	4.037465	0.12433	5.08196	yes	no	low_qual	low_qual
lativittaCAM040128	erato	lativitta	1	narrow yellow band	0	1	1	m	m	Colombia	Finca el Escondite	0.79536	-76.58573	0.81338	-76.7776	yes	PRJEB35570 • ERP118642	ERR3781104	ERS4201843	SAMEA6435650	Repeated genetic adaptation to altitude in two tropical butterflies	https://doi.org/10.1038/s41467-022-32316-x	ncbi	yes	98.3	yes	4.329587	0.124862	5.41544	yes	no	low_qual	low_qual
lativittaCAM040127	erato	lativitta	1	narrow yellow band	0	1	1	m	m	Colombia	Finca el Escondite	0.79536	-76.58573	0.824699	-76.462	yes	PRJEB35570 • ERP118642	ERR3781103_ERR3773930_merged	ERS4199156	SAMEA6432959	Repeated genetic adaptation to altitude in two tropical butterflies	https://doi.org/10.1038/s41467-022-32316-x	ncbi	yes	98.8	yes	4.943342	0.110648	6.14736	yes	no	low_qual	low_qual
lativittaCAM040125	erato	lativitta	1	narrow yellow band	0	1	1	m	m	Colombia	Finca el Escondite	0.79536	-76.58573	0.883623	-76.6742	yes	PRJEB35570 • ERP118642	ERR3781102	ERS4201842	SAMEA6435649	Repeated genetic adaptation to altitude in two tropical butterflies	https://doi.org/10.1038/s41467-022-32316-x	ncbi	yes	98.5	yes	4.209251	0.119682	5.29898	yes	no	low_qual	low_qual
lativittaCAM40139	erato	lativitta	1	narrow yellow band	0	1	1	m	m	Colombia	Pto Leguízamo	0.79536	-76.58573	0.88508	-76.5271	yes	PRJEB35570 • ERP118642	ERR3790132	ERS4212899	SAMEA6447337	Repeated genetic adaptation to altitude in two tropical butterflies	https://doi.org/10.1038/s41467-022-32316-x	ncbi	yes	97.4	yes	14.280767	0.0416255	16.8771	yes	yes	AmazonW	Napo
lativittaCAM040122	erato	lativitta	1	narrow yellow band	0	1	1	m	m	Colombia	Finca el Escondite	0.79536	-76.58573	0.910256	-76.4472	yes	PRJEB35570 • ERP118642	ERR3773927	ERS4199155	SAMEA6432958	Repeated genetic adaptation to altitude in two tropical butterflies	https://doi.org/10.1038/s41467-022-32316-x	ncbi	yes	98.3	yes	4.331229	0.113829	5.41049	yes	no	low_qual	low_qual
lativittaCAM40133	erato	lativitta	1	narrow yellow band	0	1	1	m	m	Colombia	Pto Leguízamo	0.79536	-76.58573	0.914059	-76.7379	yes	PRJEB35570 • ERP118642	ERR3790131	ERS4212898	SAMEA6447336	Repeated genetic adaptation to altitude in two tropical butterflies	https://doi.org/10.1038/s41467-022-32316-x	ncbi	yes	96.8	yes	14.703382	0.0411179	17.2532	yes	yes	AmazonW	Napo
lativittaCAM040120	erato	lativitta	1	narrow yellow band	0	1	1	m	m	Colombia	Finca el Escondite	0.79536	-76.58573	0.934784	-76.6144	yes	PRJEB35570 • ERP118642	ERR3773926	ERS4199154	SAMEA6432957	Repeated genetic adaptation to altitude in two tropical butterflies	https://doi.org/10.1038/s41467-022-32316-x	ncbi	yes	98.2	yes	3.842365	0.118766	4.82662	yes	no	low_qual	low_qual
lativittaCAM040140	erato	lativitta	1	narrow yellow band	0	1	1	f	f	Colombia	Finca el Escondite	0.79536	-76.58573	0.956299	-76.7952	yes	PRJEB35570 • ERP118642	ERR3781110	ERS4201849	SAMEA6435656	Repeated genetic adaptation to altitude in two tropical butterflies	https://doi.org/10.1038/s41467-022-32316-x	ncbi	yes	98.4	yes	4.027661	0.11978	5.1527	yes	no	low_qual	low_qual
lativittaCAM040134	erato	lativitta	1	narrow yellow band	0	1	1	m	m	Colombia	Finca el Escondite	0.79536	-76.58573	0.970462	-76.7485	yes	PRJEB35570 • ERP118642	ERR3781107	ERS4201846	SAMEA6435653	Repeated genetic adaptation to altitude in two tropical butterflies	https://doi.org/10.1038/s41467-022-32316-x	ncbi	yes	98.5	yes	4.462526	0.114971	5.57336	yes	no	low_qual	low_qual
lativittaCAM040124	erato	lativitta	1	narrow yellow band	0	1	1	m	m	Colombia	Finca el Escondite	0.79536	-76.58573	0.977877	-76.6047	yes	PRJEB35570 • ERP118642	ERR3773929	ERS4199161	SAMEA6432964	Repeated genetic adaptation to altitude in two tropical butterflies	https://doi.org/10.1038/s41467-022-32316-x	ncbi	yes	97.8	yes	4.076554	0.121311	5.10513	yes	no	low_qual	low_qual
lativittaCAM040131	erato	lativitta	1	narrow yellow band	0	1	1	m	m	Colombia	Finca el Escondite	0.79536	-76.58573	0.982518	-76.5341	yes	PRJEB35570 • ERP118642	ERR3781106	ERS4201845	SAMEA6435652	Repeated genetic adaptation to altitude in two tropical butterflies	https://doi.org/10.1038/s41467-022-32316-x	ncbi	yes	98.5	yes	3.379544	0.148185	4.36191	yes	no	low_qual	low_qual
lativittaCAM040121	erato	lativitta	1	narrow yellow band	0	1	1	m	m	Colombia	Finca el Escondite	0.79536	-76.58573	0.999651	-76.829	yes	PRJEB35570 • ERP118642	ERR3781101	ERS4201841	SAMEA6435648	Repeated genetic adaptation to altitude in two tropical butterflies	https://doi.org/10.1038/s41467-022-32316-x	ncbi	yes	98.6	yes	6.765332	0.0746935	8.30623	yes	yes	AmazonW	Napo
lativittaCAM040138	erato	lativitta	1	narrow yellow band	0	1	1	m	f	Colombia	Finca el Escondite	0.79536	-76.58573	1.03524	-76.7841	yes	PRJEB35570 • ERP118642	ERR3781109	ERS4201848	SAMEA6435655	Repeated genetic adaptation to altitude in two tropical butterflies	https://doi.org/10.1038/s41467-022-32316-x	ncbi	yes	97.8	yes	4.31671	0.114147	5.48097	yes	no	low_qual	low_qual
lativittaCS004295	erato	lativitta	1	narrow yellow band	0	1	1	f	f	Colombia	Via a la Joya-finca el Escondite-vereda san Rafael	0.794861	-76.584	0.631254	-76.4814	yes	PRJEB35570 • ERP118642	ERR3790040	ERS4212875	SAMEA6447312	Repeated genetic adaptation to altitude in two tropical butterflies	https://doi.org/10.1038/s41467-022-32316-x	ncbi	yes	98	yes	3.854392	0.171871	5.11809	yes	no	low_qual	low_qual
lativittaCS004296	erato	lativitta	1	narrow yellow band	0	1	1	m	m	Colombia	Via a la Joya-finca el Escondite-vereda san Rafael	0.794861	-76.584	0.899308	-76.3719	yes	PRJEB35570 • ERP118642	ERR3790041	ERS4212876	SAMEA6447313	Repeated genetic adaptation to altitude in two tropical butterflies	https://doi.org/10.1038/s41467-022-32316-x	ncbi	yes	98.3	yes	4.292306	0.167416	5.61917	yes	no	low_qual	low_qual
lativittaCS004297	erato	lativitta	1	narrow yellow band	0	1	1	m	m	Colombia	Via a la Joya-finca el Escondite-vereda san Rafael	0.794861	-76.584	0.901036	-76.6393	yes	PRJEB35570 • ERP118642	ERR3790042	ERS4212877	SAMEA6447314	Repeated genetic adaptation to altitude in two tropical butterflies	https://doi.org/10.1038/s41467-022-32316-x	ncbi	yes	95.2	yes	3.661667	0.189686	4.90436	yes	no	low_qual	low_qual
lativittaCS004308	erato	lativitta	1	narrow yellow band	0	1	1	m	m	Colombia	finca la cimita Guzman	0.956861	-76.408556	1.001165	-76.2552	yes	PRJEB35570 • ERP118642	ERR3790044	ERS4212879	SAMEA6447316	Repeated genetic adaptation to altitude in two tropical butterflies	https://doi.org/10.1038/s41467-022-32316-x	ncbi	yes	98.3	yes	4.243327	0.154172	5.47483	yes	no	low_qual	low_qual
lativittaCAM040025	erato	lativitta	1	narrow yellow band	0	1	1	m	m	Colombia	Pto Guzman	0.95637	-76.40855	0.741646	-76.4309	yes	PRJEB35570 • ERP118642	ERR3773913	ERS4199151	SAMEA6432954	Repeated genetic adaptation to altitude in two tropical butterflies	https://doi.org/10.1038/s41467-022-32316-x	ncbi	yes	98.2	yes	3.911973	0.129059	4.92162	yes	no	low_qual	low_qual
lativittaCAM040152	erato	lativitta	1	narrow yellow band	0	1	1	m	m	Colombia	Pto Guzman	0.95637	-76.40855	0.784281	-76.4254	yes	PRJEB35570 • ERP118642	ERR3781111	ERS4201850	SAMEA6435657	Repeated genetic adaptation to altitude in two tropical butterflies	https://doi.org/10.1038/s41467-022-32316-x	ncbi	yes	98.6	yes	3.892759	0.125747	4.90998	yes	no	low_qual	low_qual
lativittaCAM040170	erato	lativitta	1	narrow yellow band	0	1	1	m	m	Colombia	Pto Guzman	0.95637	-76.40855	0.806268	-76.2952	yes	PRJEB35570 • ERP118642	ERR3781114	ERS4201853	SAMEA6435660	Repeated genetic adaptation to altitude in two tropical butterflies	https://doi.org/10.1038/s41467-022-32316-x	ncbi	yes	98.7	yes	4.583224	0.119323	5.68855	yes	no	low_qual	low_qual
lativittaCAM040157	erato	lativitta	1	narrow yellow band	0	1	1	f	f	Colombia	Pto Guzman	0.95637	-76.40855	0.814967	-76.6193	yes	PRJEB35570 • ERP118642	ERR3773932	ERS4199153	SAMEA6432956	Repeated genetic adaptation to altitude in two tropical butterflies	https://doi.org/10.1038/s41467-022-32316-x	ncbi	yes	98.8	yes	3.061713	0.191046	4.20052	yes	no	low_qual	low_qual
lativittaCAM040024	erato	lativitta	1	narrow yellow band	0	1	1	m	m	Colombia	Pto Guzman	0.95637	-76.40855	0.823758	-76.6475	yes	PRJEB35570 • ERP118642	ERR3773912	ERS4199150	SAMEA6432953	Repeated genetic adaptation to altitude in two tropical butterflies	https://doi.org/10.1038/s41467-022-32316-x	ncbi	yes	97.9	yes	3.031046	0.154923	3.92261	yes	no	low_qual	low_qual
lativittaCAM040154	erato	lativitta	1	narrow yellow band	0	1	1	f	f	Colombia	Pto Guzman	0.95637	-76.40855	0.91172	-76.2213	yes	PRJEB35570 • ERP118642	ERR3781112	ERS4201851	SAMEA6435658	Repeated genetic adaptation to altitude in two tropical butterflies	https://doi.org/10.1038/s41467-022-32316-x	ncbi	yes	98.1	yes	3.867671	0.130168	4.96337	yes	no	low_qual	low_qual
lativittaCAM40158	erato	lativitta	1	narrow yellow band	0	1	1	m	m	Colombia	Pto Leguízamo	0.95637	-76.40855	0.917409	-76.3752	yes	PRJEB35570 • ERP118642	ERR3790133	ERS4212900	SAMEA6447338	Repeated genetic adaptation to altitude in two tropical butterflies	https://doi.org/10.1038/s41467-022-32316-x	ncbi	yes	97.4	yes	12.559146	0.0438841	14.8182	yes	yes	AmazonW	Napo
lativittaCAM040026	erato	lativitta	1	narrow yellow band	0	1	1	m	m	Colombia	Pto Guzman	0.95637	-76.40855	0.984867	-76.4905	yes	PRJEB35570 • ERP118642	ERR3773914	ERS4199157	SAMEA6432960	Repeated genetic adaptation to altitude in two tropical butterflies	https://doi.org/10.1038/s41467-022-32316-x	ncbi	yes	98.2	yes	4.091447	0.123636	5.14657	yes	no	low_qual	low_qual
lativittaCAM40160	erato	lativitta	1	narrow yellow band	0	1	1	m	m	Colombia	Pto Leguízamo	0.95637	-76.40855	0.996763	-76.1745	yes	PRJEB35570 • ERP118642	ERR3790134	ERS4212584	SAMEA6447021	Repeated genetic adaptation to altitude in two tropical butterflies	https://doi.org/10.1038/s41467-022-32316-x	ncbi	yes	96.9	yes	13.084742	0.0437332	15.4147	yes	yes	AmazonW	Napo
lativittaCAM040027	erato	lativitta	1	narrow yellow band	0	1	1	f	f	Colombia	Pto Guzman	0.95637	-76.40855	1.0672	-76.4567	yes	PRJEB35570 • ERP118642	ERR3773915	ERS4199158	SAMEA6432961	Repeated genetic adaptation to altitude in two tropical butterflies	https://doi.org/10.1038/s41467-022-32316-x	ncbi	yes	97.9	yes	3.276408	0.150079	4.22659	yes	no	low_qual	low_qual
lativittaCAM40162	erato	lativitta	1	narrow yellow band	0	1	1	m	m	Colombia	Pto Leguízamo	0.95637	-76.40855	1.127012	-76.1587	yes	PRJEB35570 • ERP118642	ERR3790135	ERS4212901	SAMEA6447339	Repeated genetic adaptation to altitude in two tropical butterflies	https://doi.org/10.1038/s41467-022-32316-x	ncbi	yes	97.4	yes	12.007014	0.04433	14.2968	yes	yes	AmazonW	Napo
lativittaSHM101	erato	lativitta	1	narrow yellow band	0	1	1	m	m	Ecuador	Yasuni Research Station,	-0.6743	-76.3971	-0.91356	-76.4231	yes	PRJEB35570 • ERP118642	ERR3790050	ERS4212885	SAMEA6447322	Repeated genetic adaptation to altitude in two tropical butterflies	https://doi.org/10.1038/s41467-022-32316-x	ncbi	yes	98	yes	2.994107	0.224266	4.14386	yes	no	low_qual	low_qual
lativittaCAM040438	erato	lativitta	1	narrow yellow band	0	1	1	m	m	Ecuador	Yasuni Research Station,	-0.6743	-76.3971	-0.8571	-76.6342	yes	PRJEB35570 • ERP118642	ERR3789820	ERS4212701	SAMEA6447138	Repeated genetic adaptation to altitude in two tropical butterflies	https://doi.org/10.1038/s41467-022-32316-x	ncbi	yes	97.8	yes	12.499007	0.0471485	14.3583	yes	yes	AmazonW	Napo
lativittaSHM000341	erato	lativitta	1	narrow yellow band	0	1	1	m	m	Ecuador	Yasuni Research Station,	-0.6743	-76.3971	-0.85687	-76.6411	yes	PRJEB35570 • ERP118642	ERR3781215	ERS4201906	SAMEA6435713	Repeated genetic adaptation to altitude in two tropical butterflies	https://doi.org/10.1038/s41467-022-32316-x	ncbi	yes	98.5	yes	10.818266	0.0573771	12.9473	yes	yes	AmazonW	Napo
lativittaCAM040436	erato	lativitta	1	narrow yellow band	0	1	1	m	m	Ecuador	Yasuni Research Station,	-0.6743	-76.3971	-0.82932	-76.6039	yes	PRJEB35570 • ERP118642	ERR3789818	ERS4212699	SAMEA6447136	Repeated genetic adaptation to altitude in two tropical butterflies	https://doi.org/10.1038/s41467-022-32316-x	ncbi	yes	97.8	yes	12.669842	0.0447675	14.8054	yes	yes	AmazonW	Napo
lativittaSHM154	erato	lativitta	1	narrow yellow band	0	1	1	m	m	Ecuador	Yasuni Research Station,	-0.6743	-76.3971	-0.78589	-76.2812	yes	PRJEB35570 • ERP118642	ERR3790052	ERS4212887	SAMEA6447324	Repeated genetic adaptation to altitude in two tropical butterflies	https://doi.org/10.1038/s41467-022-32316-x	ncbi	yes	98.3	yes	4.4105	0.148301	5.6152	yes	no	low_qual	low_qual
lativittaCAM002837	erato	lativitta	1	narrow yellow band	0	1	1	m	m	Ecuador	Yasuni Research Station,	-0.6743	-76.3971	-0.6912	-76.2825	yes	PRJEB35570 • ERP118642	ERR3781088	ERS4201832	SAMEA6435639	Repeated genetic adaptation to altitude in two tropical butterflies	https://doi.org/10.1038/s41467-022-32316-x	ncbi	yes	98.5	yes	3.136596	0.151454	4.02256	yes	no	low_qual	low_qual
lativittaSHM000340	erato	lativitta	1	narrow yellow band	0	1	1	m	m	Ecuador	Yasuni Research Station,	-0.6743	-76.3971	-0.67988	-76.2943	yes	PRJEB35570 • ERP118642	ERR3781214	ERS4201905	SAMEA6435712	Repeated genetic adaptation to altitude in two tropical butterflies	https://doi.org/10.1038/s41467-022-32316-x	ncbi	yes	98.6	yes	6.589443	0.081006	8.02288	yes	yes	AmazonW	Napo
lativittaCAM040435	erato	lativitta	1	narrow yellow band	0	1	1	m	m	Ecuador	Yasuni Research Station,	-0.6743	-76.3971	-0.61951	-76.567	yes	PRJEB35570 • ERP118642	ERR3789817	ERS4212698	SAMEA6447135	Repeated genetic adaptation to altitude in two tropical butterflies	https://doi.org/10.1038/s41467-022-32316-x	ncbi	yes	97.7	yes	13.96865	0.0428575	16.3055	yes	yes	AmazonW	Napo
lativittaCAM002869	erato	lativitta	1	narrow yellow band	0	1	1	m	m	Ecuador	Yasuni Research Station,	-0.6743	-76.3971	-0.58556	-76.1499	yes	PRJEB35570 • ERP118642	ERR3781089	ERS4201833	SAMEA6435640	Repeated genetic adaptation to altitude in two tropical butterflies	https://doi.org/10.1038/s41467-022-32316-x	ncbi	yes	99	yes	2.647204	0.230577	3.7766	yes	no	low_qual	low_qual
lativittaCAM040437	erato	lativitta	1	narrow yellow band	0	1	1	m	m	Ecuador	Yasuni Research Station,	-0.6743	-76.3971	-0.5513	-76.3052	yes	PRJEB35570 • ERP118642	ERR3789819	ERS4212700	SAMEA6447137	Repeated genetic adaptation to altitude in two tropical butterflies	https://doi.org/10.1038/s41467-022-32316-x	ncbi	yes	96.8	yes	12.23158	0.0457237	14.0417	yes	yes	AmazonW	Napo
lativittaCAM040434	erato	lativitta	1	narrow yellow band	0	1	1	f	f	Ecuador	Yasuni Research Station,	-0.6743	-76.3971	-0.47578	-76.2818	yes	PRJEB35570 • ERP118642	ERR3789816	ERS4212697	SAMEA6447134	Repeated genetic adaptation to altitude in two tropical butterflies	https://doi.org/10.1038/s41467-022-32316-x	ncbi	yes	96.4	yes	12.111711	0.0472938	14.1573	yes	yes	AmazonW	Napo
lativittaSHM000018	erato	lativitta	1	narrow yellow band	0	1	1	f	f	Ecuador	Yasuni Research Station,	-0.6743	-76.3971	-0.46954	-76.1771	yes	PRJEB35570 • ERP118642	ERR3781211	ERS4201902	SAMEA6435709	Repeated genetic adaptation to altitude in two tropical butterflies	https://doi.org/10.1038/s41467-022-32316-x	ncbi	yes	98.6	yes	4.184154	0.131409	5.36427	yes	no	low_qual	low_qual
lativittaCAM002836	erato	lativitta	1	narrow yellow band	0	1	1	m	m	Ecuador	Yasuni Research Station,	-0.6743	-76.3971	-0.42767	-76.1778	yes	PRJEB35570 • ERP118642	ERR3781087	ERS4201831	SAMEA6435638	Repeated genetic adaptation to altitude in two tropical butterflies	https://doi.org/10.1038/s41467-022-32316-x	ncbi	yes	98.3	yes	6.026832	0.0899354	7.31669	yes	no	low_qual	low_qual
lativittaCAM020796	erato	lativitta	1	narrow yellow band	0	1	1	m	m	Ecuador	Anangu Boca del Rio ECD OR	-0.502982	-76.385212	-0.71768	-76.3354	yes	PRJEB35570 • ERP118642	ERR3781091	ERS4201835	SAMEA6435642	Repeated genetic adaptation to altitude in two tropical butterflies	https://doi.org/10.1038/s41467-022-32316-x	ncbi	yes	98.5	yes	3.736923	0.13977	4.72026	yes	no	low_qual	low_qual
lativittaCAM120474	erato	lativitta	1	narrow yellow band	0	1	1	f	m	Ecuador	Anangu Boca del Rio ECD OR	-0.502982	-76.385212	-0.71432	-76.5027	yes	PRJEB35570 • ERP118642	ERR3781206	ERS4201897	SAMEA6435704	Repeated genetic adaptation to altitude in two tropical butterflies	https://doi.org/10.1038/s41467-022-32316-x	ncbi	yes	98.2	yes	4.633982	0.126856	5.82973	yes	no	low_qual	low_qual
lativittaCAM120739	erato	lativitta	1	narrow yellow band	0	1	1	m	m	Ecuador	Anangu Boca del Rio ECD OR	-0.502982	-76.385212	-0.67392	-76.3573	yes	PRJEB35570 • ERP118642	ERR3781209	ERS4201900	SAMEA6435707	Repeated genetic adaptation to altitude in two tropical butterflies	https://doi.org/10.1038/s41467-022-32316-x	ncbi	yes	98.3	yes	2.462932	0.223073	3.46264	yes	no	low_qual	low_qual
lativittaCAM120738	erato	lativitta	1	narrow yellow band	0	1	1	m	m	Ecuador	Anangu Boca del Rio ECD OR	-0.502982	-76.385212	-0.58414	-76.1604	yes	PRJEB35570 • ERP118642	ERR3781208	ERS4201899	SAMEA6435706	Repeated genetic adaptation to altitude in two tropical butterflies	https://doi.org/10.1038/s41467-022-32316-x	ncbi	yes	98.9	yes	5.701914	0.118942	7.18233	yes	no	low_qual	low_qual
lativittaCAM020799	erato	lativitta	1	narrow yellow band	0	1	1	m	m	Ecuador	Anangu Boca del Rio ECD OR	-0.502982	-76.385212	-0.56458	-76.4207	yes	PRJEB35570 • ERP118642	ERR3781094	ERS4201838	SAMEA6435645	Repeated genetic adaptation to altitude in two tropical butterflies	https://doi.org/10.1038/s41467-022-32316-x	ncbi	yes	98.6	yes	2.847151	0.1969	3.87329	yes	no	low_qual	low_qual
lativittaCAM120473	erato	lativitta	1	narrow yellow band	0	1	1	f	f	Ecuador	Anangu Boca del Rio ECD OR	-0.502982	-76.385212	-0.47736	-76.2706	yes	PRJEB35570 • ERP118642	ERR3781205	ERS4201896	SAMEA6435703	Repeated genetic adaptation to altitude in two tropical butterflies	https://doi.org/10.1038/s41467-022-32316-x	ncbi	yes	97.1	yes	4.193362	0.130056	5.3517	yes	no	low_qual	low_qual
lativittaCAM020854	erato	lativitta	1	narrow yellow band	0	1	1	f	f	Ecuador	Anangu Boca del Rio ECD OR	-0.502982	-76.385212	-0.46263	-76.5298	yes	PRJEB35570 • ERP118642	ERR3781096	ERS4201840	SAMEA6435647	Repeated genetic adaptation to altitude in two tropical butterflies	https://doi.org/10.1038/s41467-022-32316-x	ncbi	yes	98.2	yes	3.00065	0.172363	3.96231	yes	no	low_qual	low_qual
lativittaCAM020769	erato	lativitta	1	narrow yellow band	0	1	1	m	m	Ecuador	Anangu Boca del Rio ECD OR	-0.502982	-76.385212	-0.45071	-76.2397	yes	PRJEB35570 • ERP118642	ERR3781090	ERS4201834	SAMEA6435641	Repeated genetic adaptation to altitude in two tropical butterflies	https://doi.org/10.1038/s41467-022-32316-x	ncbi	yes	98.3	yes	3.633302	0.142563	4.62911	yes	no	low_qual	low_qual
lativittaCAM020840	erato	lativitta	1	narrow yellow band	0	1	1	m	m	Ecuador	Anangu Boca del Rio ECD OR	-0.502982	-76.385212	-0.41722	-76.4232	yes	PRJEB35570 • ERP118642	ERR3781095	ERS4201839	SAMEA6435646	Repeated genetic adaptation to altitude in two tropical butterflies	https://doi.org/10.1038/s41467-022-32316-x	ncbi	yes	98.6	yes	3.714602	0.142766	4.68041	yes	no	low_qual	low_qual
lativittaCAM020797	erato	lativitta	1	narrow yellow band	0	1	1	f	f	Ecuador	Anangu Boca del Rio ECD OR	-0.502982	-76.385212	-0.40328	-76.5071	yes	PRJEB35570 • ERP118642	ERR3781092	ERS4201836	SAMEA6435643	Repeated genetic adaptation to altitude in two tropical butterflies	https://doi.org/10.1038/s41467-022-32316-x	ncbi	yes	98.5	yes	2.905702	0.189625	3.9222	yes	no	low_qual	low_qual
lativittaCAM020798	erato	lativitta	1	narrow yellow band	0	1	1	m	m	Ecuador	Anangu Boca del Rio ECD OR	-0.502982	-76.385212	-0.38097	-76.4435	yes	PRJEB35570 • ERP118642	ERR3781093	ERS4201837	SAMEA6435644	Repeated genetic adaptation to altitude in two tropical butterflies	https://doi.org/10.1038/s41467-022-32316-x	ncbi	yes	98.3	yes	4.144486	0.122899	5.14648	yes	no	low_qual	low_qual
lativittaCAM120424	erato	lativitta	1	narrow yellow band	0	1	1	m	f	Ecuador	Anangu Boca del Rio ECD OR	-0.502982	-76.385212	-0.3761	-76.3937	yes	PRJEB35570 • ERP118642	ERR3781204	ERS4201895	SAMEA6435702	Repeated genetic adaptation to altitude in two tropical butterflies	https://doi.org/10.1038/s41467-022-32316-x	ncbi	yes	96.6	yes	3.318833	0.171053	4.40649	yes	no	low_qual	low_qual
lativittaCAM120589	erato	lativitta	1	narrow yellow band	0	1	1	m	m	Ecuador	Anangu Boca del Rio ECD OR	-0.502982	-76.385212	-0.30882	-76.623	yes	PRJEB35570 • ERP118642	ERR3781207	ERS4201898	SAMEA6435705	Repeated genetic adaptation to altitude in two tropical butterflies	https://doi.org/10.1038/s41467-022-32316-x	ncbi	yes	98.4	yes	9.501891	0.0640907	11.3804	yes	yes	AmazonW	Napo
lativittaCAM120740	erato	lativitta	1	narrow yellow band	0	1	1	f	f	Ecuador	Anangu Boca del Rio ECD OR	-0.502982	-76.385212	-0.27341	-76.3184	yes	PRJEB35570 • ERP118642	ERR3781210	ERS4201901	SAMEA6435708	Repeated genetic adaptation to altitude in two tropical butterflies	https://doi.org/10.1038/s41467-022-32316-x	ncbi	yes	98.4	yes	3.380641	0.153875	4.4253	yes	no	low_qual	low_qual
emmaNCS1675	erato	emma	1	narrow yellow band	0	1	1	m	m	Peru	Tarapoto	-6.176944444	-76.25677778	-6.41271	-76.4233	yes	PRJNA324415 • SRP081917	SRR4032067	SRS1618067	SAMN05224158	Complex modular architecture around a simple toolkit of wing pattern genes	DOI: 10.1038/s41559-016-0052 | www.nature.com/natecolevol	ncbi	yes	95.6	yes	14.489652	0.04793	16.9039	yes	yes	AmazonW	Yungas
emmaNCS1673	erato	emma	1	narrow yellow band	0	1	1	m	m	Peru	Tarapoto	-6.176944444	-76.25677778	-6.34804	-76.069	yes	PRJNA324415 • SRP081917	SRR4032065	SRS1618065	SAMN05224156	Complex modular architecture around a simple toolkit of wing pattern genes	DOI: 10.1038/s41559-016-0052 | www.nature.com/natecolevol	ncbi	yes	95.1	yes	22.132744	0.0386239	25.8716	yes	yes	AmazonW	Yungas
emmaNCS1671	erato	emma	1	narrow yellow band	0	1	1	m	m	Peru	Tarapoto	-6.176944444	-76.25677778	-6.13663	-76.0847	yes	PRJNA324415 • SRP081917	SRR4032062	SRS1618062	SAMN05224154	Complex modular architecture around a simple toolkit of wing pattern genes	DOI: 10.1038/s41559-016-0052 | www.nature.com/natecolevol	ncbi	yes	95.3	yes	22.607952	0.037428	26.5406	yes	yes	AmazonW	Yungas
emmaGS021	erato	emma	1	narrow yellow band	0	1	1	m	m	Peru	Tarapoto	-6.176944444	-76.25677778	-5.96903	-76.1119	yes	PRJNA324415 • SRP081917	SRR4032034	SRS1618034	SAMN05224128	Complex modular architecture around a simple toolkit of wing pattern genes	DOI: 10.1038/s41559-016-0052 | www.nature.com/natecolevol	ncbi	yes	93.1	yes	16.72837	0.0506233	19.4807	yes	yes	AmazonW	Yungas
emmaNCS1674	erato	emma	1	narrow yellow band	0	1	1	m	m	Peru	Tarapoto	-6.176944444	-76.25677778	-5.96885	-76.0422	yes	PRJNA324415 • SRP081917	SRR4032066	SRS1618066	SAMN05224157	Complex modular architecture around a simple toolkit of wing pattern genes	DOI: 10.1038/s41559-016-0052 | www.nature.com/natecolevol	ncbi	yes	95.2	yes	20.421251	0.0387117	23.7864	yes	yes	AmazonW	Yungas
emmaNCS1672	erato	emma	1	narrow yellow band	0	1	1	m	m	Peru	Tarapoto	-6.176944444	-76.25677778	-5.9547	-76.3833	yes	PRJNA324415 • SRP081917	SRR4032063	SRS1618063	SAMN05224155	Complex modular architecture around a simple toolkit of wing pattern genes	DOI: 10.1038/s41559-016-0052 | www.nature.com/natecolevol	ncbi	yes	95.7	yes	20.037779	0.0397293	23.5383	yes	yes	AmazonW	Yungas
emmaGS020	erato	emma	1	narrow yellow band	0	1	1	f	f	Peru	Tarapoto	-6.176944444	-76.25677778	-5.9466	-76.029	yes	PRJNA324415 • SRP081917	SRR4032033	SRS1618033	SAMN05224127	Complex modular architecture around a simple toolkit of wing pattern genes	DOI: 10.1038/s41559-016-0052 | www.nature.com/natecolevol	ncbi	yes	94.3	yes	19.372029	0.044991	22.6302	yes	yes	AmazonW	Yungas
chestertonii0058	chestertonii	chestertonii	0	chesform	chesform	0	0	f	f	Colombia	Rio Bravo	3.88399	-76.012873	3.657125	-76.2577	yes	PRJNA324415 • SRP081917	SRR4032105	SRS1618105	SAMN05224193	Complex modular architecture around a simple toolkit of wing pattern genes	DOI: 10.1038/s41559-016-0052 | www.nature.com/natecolevol	ncbi	yes	96.1	yes	18.772427	0.0518441	21.4888	yes	yes	chestertonii	ches
chestertonii3663	chestertonii	chestertonii	0	chesform	chesform	0	0	m	m	Colombia	Rio Bravo	3.88399	-76.012873	3.816952	-76.055	yes	PRJNA324415 • SRP081917	SRR4032020	SRS1618020	SAMN05224098	Complex modular architecture around a simple toolkit of wing pattern genes	DOI: 10.1038/s41559-016-0052 | www.nature.com/natecolevol	ncbi	yes	96.7	yes	26.174309	0.048197	29.3978	yes	yes	chestertonii	ches
chestertonii3662	chestertonii	chestertonii	0	chesform	chesform	0	0	m	m	Colombia	Rio Bravo	3.88399	-76.012873	3.98916	-75.8417	yes	PRJNA324415 • SRP081917	SRR4031993	SRS1617993	SAMN05224097	Complex modular architecture around a simple toolkit of wing pattern genes	DOI: 10.1038/s41559-016-0052 | www.nature.com/natecolevol	ncbi	yes	94.7	yes	26.138013	0.0454153	29.7935	yes	yes	chestertonii	ches
chestertonii0057	chestertonii	chestertonii	0	chesform	chesform	0	0	f	f	Colombia	Rio Bravo	3.88399	-76.012873	4.013728	-75.7729	yes	PRJNA324415 • SRP081917	SRR4032104	SRS1618104	SAMN05224192	Complex modular architecture around a simple toolkit of wing pattern genes	DOI: 10.1038/s41559-016-0052 | www.nature.com/natecolevol	ncbi	yes	94.5	yes	18.392933	0.0520234	21.1021	yes	yes	chestertonii	ches
chestertonii0059	chestertonii	chestertonii	0	chesform	chesform	0	0	m	m	Colombia	Rio Bravo	3.88399	-76.012873	4.045126	-76.0482	yes	PRJNA324415 • SRP081917	SRR4032106	SRS1618106	SAMN05224194	Complex modular architecture around a simple toolkit of wing pattern genes	DOI: 10.1038/s41559-016-0052 | www.nature.com/natecolevol	ncbi	yes	96.3	yes	22.757397	0.0497883	25.9033	yes	yes	chestertonii	ches
chestertonii3664	chestertonii	chestertonii	0	chesform	chesform	0	0	m	m	Colombia	Rio Bravo	3.88399	-76.012873	4.11599	-76.0569	yes	PRJNA324415 • SRP081917	SRR4032031	SRS1618031	SAMN05224099	Complex modular architecture around a simple toolkit of wing pattern genes	DOI: 10.1038/s41559-016-0052 | www.nature.com/natecolevol	ncbi	yes	97.4	yes	33.592414	0.0455517	37.2572	yes	yes	chestertonii	ches
favorinusNCS0479	erato	favorinus	0	red band	0	0	0	m	m	Peru	Tarapoto	-6.4741	-76.0104	-6.70402	-76.1267	yes	PRJNA324415 • SRP081917	SRR4032060	SRS1618060	SAMN05224152	Complex modular architecture around a simple toolkit of wing pattern genes	DOI: 10.1038/s41559-016-0052 | www.nature.com/natecolevol	ncbi	yes	94.1	yes	18.964469	0.0390606	22.1035	yes	yes	AmazonW	Yungas
favorinusNCS0476	erato	favorinus	0	red band	0	0	0	m	m	Peru	Tarapoto	-6.4741	-76.0104	-6.51403	-75.8669	yes	PRJNA324415 • SRP081917	SRR4032058	SRS1618058	SAMN05224150	Complex modular architecture around a simple toolkit of wing pattern genes	DOI: 10.1038/s41559-016-0052 | www.nature.com/natecolevol	ncbi	yes	93.6	yes	19.785001	0.0398059	23.2451	yes	yes	AmazonW	Yungas
favorinusNCS0473	erato	favorinus	0	red band	0	0	0	m	m	Peru	Tarapoto	-6.4741	-76.0104	-6.44213	-76.2201	yes	PRJNA324415 • SRP081917	SRR4032057	SRS1618056	SAMN05224149	Complex modular architecture around a simple toolkit of wing pattern genes	DOI: 10.1038/s41559-016-0052 | www.nature.com/natecolevol	ncbi	yes	94.6	yes	16.362824	0.0453229	19.1274	yes	yes	AmazonW	Yungas
favorinusNCS0471	erato	favorinus	0	red band	0	0	0	m	m	Peru	Tarapoto	-6.4741	-76.0104	-6.36348	-76.2581	yes	PRJNA324415 • SRP081917	SRR4032056	SRS1618057	SAMN05224148	Complex modular architecture around a simple toolkit of wing pattern genes	DOI: 10.1038/s41559-016-0052 | www.nature.com/natecolevol	ncbi	yes	93.6	yes	17.078565	0.0441289	19.9343	yes	yes	AmazonW	Yungas
favorinusNCS2554	erato	favorinus	0	red band	0	0	0	f	f	Peru	Tarapoto	-6.4741	-76.0104	-6.35923	-76.1911	yes	PRJNA324415 • SRP081917	SRR4032082	SRS1618082	SAMN05224172	Complex modular architecture around a simple toolkit of wing pattern genes	DOI: 10.1038/s41559-016-0052 | www.nature.com/natecolevol	ncbi	yes	95	yes	17.076373	0.0409031	20.5061	yes	yes	AmazonW	Yungas
favorinusNCS2555	erato	favorinus	0	red band	0	0	0	m	m	Peru	Tarapoto	-6.4741	-76.0104	-6.35581	-76.196	yes	PRJNA324415 • SRP081917	SRR4032083	SRS1618083	SAMN05224173	Complex modular architecture around a simple toolkit of wing pattern genes	DOI: 10.1038/s41559-016-0052 | www.nature.com/natecolevol	ncbi	yes	95.9	yes	22.254854	0.0400507	26.1545	yes	yes	AmazonW	Yungas
favorinusGS012	erato	favorinus	0	red band	0	0	0	m	m	Peru	Tarapoto	-6.4741	-76.0104	-6.34705	-76.1152	yes	PRJNA324415 • SRP081917	SRR4032032	SRS1618032	SAMN05224126	Complex modular architecture around a simple toolkit of wing pattern genes	DOI: 10.1038/s41559-016-0052 | www.nature.com/natecolevol	ncbi	yes	95.4	yes	21.706551	0.0450256	24.9922	yes	yes	AmazonW	Yungas
favorinusNCS0478	erato	favorinus	0	red band	0	0	0	f	f	Peru	Tarapoto	-6.4741	-76.0104	-6.27164	-76.1709	yes	PRJNA324415 • SRP081917	SRR4032059	SRS1618059	SAMN05224151	Complex modular architecture around a simple toolkit of wing pattern genes	DOI: 10.1038/s41559-016-0052 | www.nature.com/natecolevol	ncbi	yes	95.5	yes	23.180773	0.0371908	27.0991	yes	yes	AmazonW	Yungas
lativittaMAC004461	erato	lativitta	1	narrow yellow band	0	1	1	f	f	Colombia	Caqueta	1.713611	-75.708889	1.837149	-75.7557	yes	PRJEB35570 • ERP118642	ERR9907869	ERS12338803	SAMEA110241181	Repeated genetic adaptation to altitude in two tropical butterflies	https://doi.org/10.1038/s41467-022-32316-x	ncbi	yes	93.4	yes	16.373527	0.0426067	19.4252	yes	yes	AmazonW	Napo
lativittaMAC003747	erato	lativitta	1	narrow yellow band	0	1	1	m	m	Colombia	Caqueta	1.803333	-75.655278	1.831546	-75.6748	yes	PRJEB35570 • ERP118642	ERR9907861	ERS12338795	SAMEA110241173	Repeated genetic adaptation to altitude in two tropical butterflies	https://doi.org/10.1038/s41467-022-32316-x	ncbi	yes	98.2	yes	37.293516	0.0340235	42.13	yes	yes	AmazonW	Napo
lativittaMAC004457	erato	lativitta	1	narrow yellow band	0	1	1	m	m	Colombia	Caqueta	1.790556	-75.6525	1.586259	-75.6546	yes	PRJEB35570 • ERP118642	ERR9907867	ERS12338801	SAMEA110241179	Repeated genetic adaptation to altitude in two tropical butterflies	https://doi.org/10.1038/s41467-022-32316-x	ncbi	yes	98.3	yes	31.554392	0.0352681	35.9683	yes	yes	AmazonW	Napo
lativittaMAC004458	erato	lativitta	1	narrow yellow band	0	1	1	m	m	Colombia	Caqueta	1.790556	-75.6525	1.723549	-75.8571	yes	PRJEB35570 • ERP118642	ERR9907868	ERS12338802	SAMEA110241180	Repeated genetic adaptation to altitude in two tropical butterflies	https://doi.org/10.1038/s41467-022-32316-x	ncbi	yes	98.2	yes	28.266042	0.0357243	32.5427	yes	yes	AmazonW	Napo
microcleaKK338	erato	microclea	0	double_band	1	0	0	m	m	Peru	Pampa Hermosa	-11.0545	-75.41947	-11.2531	-75.6302	yes	PRJEB35999 • ERP119127	KK338_KD17030562-6_HJMFWALXX_L2	ERS4212586	SAMEA6447023	Species specificity and intraspecific variation in the chemical profiles of Heliconius butterflies across a large geographic range	https://doi.org/10.1002/ece3.6079	local	yes	97.7	yes	27.437805	0.0363916	31.9109	yes	yes	AmazonW	Yungas
microcleaKK334	erato	microclea	0	double_band	1	0	0	f	f	Peru	Pampa Hermosa	-11.0545	-75.41947	-10.9051	-75.2705	no	new from this study	KK334_KD17030562-5_HJMFWALXX_L2	new from this study	new from this study	new from this study	new from this study	local	yes	96.6	yes	21.25162	0.0375764	25.3684	yes	yes	AmazonW	Yungas
microcleaKK333	erato	microclea	0	double_band	1	0	0	f	f	Peru	Pampa Hermosa	-11.0545	-75.41947	-10.8343	-75.1979	no	new from this study	KK333_KD17030565-7_HJMFWALXX_L5	new from this study	new from this study	new from this study	new from this study	local	yes	97.2	yes	19.825189	0.03829	23.7655	yes	yes	AmazonW	Yungas
emmaKK595	erato	emma	1	narrow yellow band	0	1	1	m	m	Peru	Hoatzins	-10.374941	-74.979963	-10.5732	-74.9199	no	new from this study	emmaKK595_trim	new from this study	new from this study	new from this study	new from this study	local	yes	98.3	yes	23.144167	0.0374934	27.0893	yes	yes	AmazonW	Yungas
emmaKK403	erato	emma	1	narrow yellow band	0	1	1	m	m	Peru	Hoatzins	-10.374941	-74.979963	-10.1887	-74.9655	no	new from this study	K211_USPD16082428-12_H3KCCCCXY_L5	new from this study	new from this study	new from this study	new from this study	local	yes	97.8	yes	21.708938	0.038552	25.4772	yes	yes	AmazonW	Yungas
emmaKK402	erato	emma	1	narrow yellow band	0	1	1	m	f	Peru	Hoatzins	-10.374941	-74.979963	-10.1842	-74.8204	yes	PRJEB35999 • ERP119127	emmaKK402_trim	ERS4212582	SAMEA6447019	Species specificity and intraspecific variation in the chemical profiles of Heliconius butterflies across a large geographic range	https://doi.org/10.1002/ece3.6079	local	yes	97.8	yes	24.598434	0.0381734	29.2246	yes	yes	AmazonW	Yungas
emmaKK401	erato	emma	1	narrow yellow band	0	1	1	m	m	Peru	Hoatzins	-10.374941	-74.979963	-10.1821	-75.215	no	new from this study	emmaKK401_trim	new from this study	new from this study	new from this study	new from this study	local	yes	98.2	yes	24.967239	0.0381288	29.1464	yes	yes	AmazonW	Yungas
emmaKK599	erato	emma	1	narrow yellow band	0	1	1	m	m	Peru	Hoatzins	-10.374941	-74.979963	-10.1605	-74.9501	no	new from this study	emmaKK599_trim	new from this study	new from this study	new from this study	new from this study	local	yes	98	yes	11.561382	0.0479099	13.6773	yes	yes	AmazonW	Yungas
colombinaM4164	erato	colombina	0	red band	0	0	0	f	m	Colombia	Muzo	5.535277778	-74.10777778	5.324719	-73.9735	no	new from this study	colombinaM4164_trim	new from this study	new from this study	new from this study	new from this study	local	yes	98.4	yes	12.035695	0.044598	13.9087	yes	yes	PacificN	Magdalena
amphitriteKK491	erato	amphitrite	0	red band	0	0	0	f	f	Peru	Kiteni	-12.64103	-73.0475	-12.881	-73.2411	no	new from this study	KK491_KD17030565-12_HJMFWALXX_L5	new from this study	new from this study	new from this study	new from this study	local	yes	97.4	yes	20.485627	0.0378844	24.617	yes	yes	AmazonW	Yungas
amphitriteKK492	erato	amphitrite	0	red band	0	0	0	m	f	Peru	Kiteni	-12.64103	-73.0475	-12.523	-72.8555	no	new from this study	KK492_KD17030563-6_HJMFWALXX_L3	new from this study	new from this study	new from this study	new from this study	local	yes	97	yes	20.766464	0.038087	24.4403	yes	yes	AmazonW	Yungas
amphitriteKK497	erato	amphitrite	0	red band	0	0	0	m	m	Peru	Kiteni	-12.64103	-73.0475	-12.4032	-72.9556	no	new from this study	KK497_KD17030567-AK68_HJMFWALXX_L7	new from this study	new from this study	new from this study	new from this study	local	yes	97.1	yes	14.85349	0.0434693	17.3589	yes	yes	AmazonW	Yungas
amphitriteKK462	erato	amphitrite	0	red band	0	0	0	m	m	Peru	Kiteni	-12.60483	-72.79061	-12.3845	-72.6151	no	new from this study	KK462_KD17030563-7_HJMFWALXX_L3	new from this study	new from this study	new from this study	new from this study	local	yes	97.8	yes	17.843443	0.0399574	20.8887	yes	yes	AmazonW	Yungas
amphitriteKK528	erato	amphitrite	0	red band	0	0	0	f	f	Peru	Maranura	-12.95495	-72.65556	-13.1151	-72.6831	no	new from this study	KK528_KD17030569-AK67_HH2N7ALXX_L5	new from this study	new from this study	new from this study	new from this study	local	yes	97.6	yes	16.860761	0.0410979	20.2983	yes	yes	AmazonW	Yungas
amphitriteKK463	erato	amphitrite	0	red band	0	0	0	m	m	Peru	Maranura	-12.95495	-72.65556	-13.0142	-72.5114	no	new from this study	KK463_KD17030562-12_HJMFWALXX_L2	new from this study	new from this study	new from this study	new from this study	local	yes	97.6	yes	23.778352	0.0376772	27.5717	yes	yes	AmazonW	Yungas
amphitriteKK520	erato	amphitrite	0	red band	0	0	0	m	m	Peru	Maranura	-12.95495	-72.65556	-12.9062	-72.4541	no	new from this study	KK520_KD17030568-AK68_HJMFWALXX_L8	new from this study	new from this study	new from this study	new from this study	local	yes	97.7	yes	12.322999	0.0490411	14.6202	yes	yes	AmazonW	Yungas
amphitriteKK522	erato	amphitrite	0	red band	0	0	0	f	f	Peru	Maranura	-12.95495	-72.65556	-12.8991	-72.6508	no	new from this study	KK522_KD17030567-AK67_HJMFWALXX_L7	new from this study	new from this study	new from this study	new from this study	local	yes	97.3	yes	14.648047	0.0430976	17.6787	yes	yes	AmazonW	Yungas
amphitriteKK464	erato	amphitrite	0	red band	0	0	0	m	m	Peru	Maranura	-12.95495	-72.65556	-12.7509	-72.4277	yes	PRJEB35999 • ERP119127	KK464_KD17030564-6_HJMFWALXX_L4	ERS4212579	SAMEA6447016	Species specificity and intraspecific variation in the chemical profiles of Heliconius butterflies across a large geographic range	https://doi.org/10.1002/ece3.6079	local	yes	97.7	yes	25.344471	0.0373054	29.5977	yes	yes	AmazonW	Yungas
hydaraSTRI354	erato	hydara	0	red band	0	0	0	f	f	Venezuela	Burro Negro	10.176946	-71.041571	10.03668	-70.933	no	new from this study	hydaraSTRI354_trim	new from this study	new from this study	new from this study	new from this study	local	yes	98.3	yes	25.891376	0.0357647	30.2904	yes	yes	PacificN	Magdalena
hydaraSTRI359	erato	hydara	0	red band	0	0	0	f	f	Venezuela	Burro Negro	10.176946	-71.041571	10.31101	-71.1153	no	new from this study	hydaraSTRI359_trim	new from this study	new from this study	new from this study	new from this study	local	yes	98.3	yes	28.554215	0.0356467	33.3262	yes	yes	PacificN	Magdalena
hydaraHE1	erato	hydara	0	red band	0	0	0	m	m	Venezuela	Burro Negro	10.176946	-71.041571	10.36689	-70.9413	no	new from this study	HE1_KD17030565-AK66_HJMFWALXX_L5	new from this study	new from this study	new from this study	new from this study	local	yes	97	yes	17.946781	0.0381409	21.0303	yes	yes	PacificN	Magdalena
hydaraHE2	erato	hydara	0	red band	0	0	0	f	f	Venezuela	Burro Negro	10.176946	-71.041571	10.38654	-71.2373	no	new from this study	HE2_KD17030566-7_HJMFWALXX_L6	new from this study	new from this study	new from this study	new from this study	local	yes	97.8	yes	21.132503	0.0360698	24.9178	no (identical twin of hydaraSTRI354)	no	relative	relative
luscombeiKK580	erato	luscombei	1	narrow yellow band	0	1	1	m	m	Peru	Quincemil	-13.199994	-70.765719	-13.3476	-71.01	no	new from this study	luscombeiKK580_trim	new from this study	new from this study	new from this study	new from this study	local	yes	98.7	yes	37.648591	0.0371224	42.8086	yes	yes	AmazonW	Yungas
lativittaCS004060	erato	lativitta	1	narrow yellow band	0	1	1	m	f	Colombia	Puerto Nari√êo- Quebrada aguas rojas	-3.770083	-70.339806	-3.95477	-70.1487	yes	PRJEB35570 • ERP118642	ERR3790031	ERS4212866	SAMEA6447303	Repeated genetic adaptation to altitude in two tropical butterflies	https://doi.org/10.1038/s41467-022-32316-x	ncbi	yes	98.1	yes	4.061065	0.176588	5.44253	yes	no	low_qual	low_qual
reductimaculaCS004058	erato	reductimacula	1	broad yellow band	0	1	1	m	m	Colombia	Puerto Nari–o- Quebrada aguas rojas	-3.770083	-70.339806	-3.94778	-70.4356	yes	PRJEB35570 • ERP118642	ERR9919708	ERS12335064	SAMEA110237442	Repeated genetic adaptation to altitude in two tropical butterflies	https://doi.org/10.1038/s41467-022-32316-x	ncbi	yes	98.4	yes	4.044423	0.174156	5.32703	yes	no	low_qual	low_qual
reductimaculaCS004057	erato	reductimacula	1	broad yellow band	0	1	1	m	m	Colombia	Puerto Nari–o- Quebrada aguas rojas	-3.770083	-70.339806	-3.87743	-70.1787	yes	PRJEB35570 • ERP118642	ERR9919707	ERS12335065	SAMEA110237443	Repeated genetic adaptation to altitude in two tropical butterflies	https://doi.org/10.1038/s41467-022-32316-x	ncbi	yes	98.2	yes	3.995965	0.169728	5.23897	yes	no	low_qual	low_qual
lativittaCS004068	erato	lativitta	1	narrow yellow band	0	1	1	m	f	Colombia	Puerto Nari√êo- Quebrada aguas rojas	-3.770083	-70.339806	-3.83028	-70.4469	yes	PRJEB35570 • ERP118642	ERR3790039	ERS4212874	SAMEA6447311	Repeated genetic adaptation to altitude in two tropical butterflies	https://doi.org/10.1038/s41467-022-32316-x	ncbi	yes	98	yes	4.148315	0.158276	5.43872	yes	no	low_qual	low_qual
lativittaCS004061	erato	lativitta	1	narrow yellow band	0	1	1	f	f	Colombia	Puerto Nari√êo- Quebrada aguas rojas	-3.770083	-70.339806	-3.73518	-70.1821	yes	PRJEB35570 • ERP118642	ERR3790032	ERS4212867	SAMEA6447304	Repeated genetic adaptation to altitude in two tropical butterflies	https://doi.org/10.1038/s41467-022-32316-x	ncbi	yes	97.9	yes	3.695192	0.187466	4.98761	yes	no	low_qual	low_qual
reductimaculaCS004059	erato	reductimacula	1	broad yellow band	0	1	1	m	m	Colombia	Puerto Nari–o- Quebrada aguas rojas	-3.770083	-70.339806	-3.68255	-70.3755	yes	PRJEB35570 • ERP118642	ERR9919709	ERS12335066	SAMEA110237444	Repeated genetic adaptation to altitude in two tropical butterflies	https://doi.org/10.1038/s41467-022-32316-x	ncbi	yes	98.1	yes	4.176885	0.167284	5.50074	yes	no	low_qual	low_qual
sara9	sara	sara	outgroup	outgroup	outgroup	outgroup	outgroup	na	m	Colombia	na	-3.77008333	-70.33980555	-3.5604	-70.3876	yes	PRJEB60296 • ERP145356	ERR12713977	ERS14696831	SAMEA112699256 	Genomic evidence reveals three W-autosome fusions in Heliconius butterflies	https://doi.org/10.1371/journal.pgen.1011318	ncbi	yes	91.5	yes	14.555497	0.236895	20.924	yes	no	sara	sara
lativittaCS004047	erato	lativitta	1	narrow yellow band	0	1	1	m	m	Colombia	Leticia - Vereda San Jose	-4.160725	-69.974858	-4.20837	-70.0769	yes	PRJEB35570 • ERP118642	ERR3790028	ERS4212863	SAMEA6447300	Repeated genetic adaptation to altitude in two tropical butterflies	https://doi.org/10.1038/s41467-022-32316-x	ncbi	yes	98.3	yes	3.984374	0.179325	5.31616	yes	no	low_qual	low_qual
reductimaculaMAC004050	erato	reductimacula	1	broad yellow band	0	1	1	m	m	Colombia	Leticia	-4.160725	-69.974858	-4.07929	-70.0932	yes	PRJEB35570 • ERP118642	ERR9907862	ERS12338796	SAMEA110241174	Repeated genetic adaptation to altitude in two tropical butterflies	https://doi.org/10.1038/s41467-022-32316-x	ncbi	yes	97.6	yes	22.462775	0.0369581	26.2755	yes	yes	AmazonW	Rondonia
reductimaculaMAC004055	erato	reductimacula	1	broad yellow band	0	1	1	m	m	Colombia	Leticia	-4.160725	-69.974858	-4.07213	-69.7743	yes	PRJEB35570 • ERP118642	ERR9907866	ERS12338800	SAMEA110241178	Repeated genetic adaptation to altitude in two tropical butterflies	https://doi.org/10.1038/s41467-022-32316-x	ncbi	yes	97.6	yes	23.640019	0.0367807	27.7224	yes	yes	AmazonW	Rondonia
lativittaCS004063	erato	lativitta	1	narrow yellow band	0	1	1	m	m	Colombia	Leticia - Vereda San Jose	-4.160725	-69.974858	-4.02841	-70.0063	yes	PRJEB35570 • ERP118642	ERR3790034	ERS4212869	SAMEA6447306	Repeated genetic adaptation to altitude in two tropical butterflies	https://doi.org/10.1038/s41467-022-32316-x	ncbi	yes	98.4	yes	3.884355	0.175865	5.14647	yes	no	low_qual	low_qual
lativittaCS004046	erato	lativitta	1	narrow yellow band	0	1	1	f	f	Colombia	Leticia - Vereda San Jose	-4.160725	-69.974858	-4.0046	-70.1451	yes	PRJEB35570 • ERP118642	ERR3790027	ERS4212862	SAMEA6447299	Repeated genetic adaptation to altitude in two tropical butterflies	https://doi.org/10.1038/s41467-022-32316-x	ncbi	yes	98.2	yes	4.132615	0.167301	5.53236	yes	no	low_qual	low_qual
lativittaCS004062	erato	lativitta	1	narrow yellow band	0	1	1	f	f	Colombia	Leticia - Vereda San Jose	-4.160725	-69.974858	-3.98986	-70.1867	yes	PRJEB35570 • ERP118642	ERR3790033	ERS4212868	SAMEA6447305	Repeated genetic adaptation to altitude in two tropical butterflies	https://doi.org/10.1038/s41467-022-32316-x	ncbi	yes	98.1	yes	3.971545	0.177172	5.32616	yes	no	low_qual	low_qual
reductimaculaMAC004051	erato	reductimacula	1	broad yellow band	0	1	1	m	m	Colombia	Leticia	-4.160725	-69.974858	-3.91981	-69.8508	yes	PRJEB35570 • ERP118642	ERR9907863	ERS12338797	SAMEA110241175	Repeated genetic adaptation to altitude in two tropical butterflies	https://doi.org/10.1038/s41467-022-32316-x	ncbi	yes	97.5	yes	23.02594	0.0376513	26.8479	yes	yes	AmazonW	Rondonia
reductimaculaMAC004053	erato	reductimacula	1	broad yellow band	0	1	1	m	m	Colombia	Leticia	-4.133389	-69.941472	-4.34656	-70.1112	yes	PRJEB35570 • ERP118642	ERR9907864	ERS12338798	SAMEA110241176	Repeated genetic adaptation to altitude in two tropical butterflies	https://doi.org/10.1038/s41467-022-32316-x	ncbi	yes	97.7	yes	25.9119	0.0357928	30.1123	yes	yes	AmazonW	Rondonia
reductimaculaCS004052	erato	reductimacula	1	broad yellow band	0	1	1	f	f	Colombia	Leticia - Km 9.3	-4.133389	-69.941472	-4.30436	-70.1065	yes	PRJEB35570 • ERP118642	ERR9919706	ERS12335057	SAMEA110237435	Repeated genetic adaptation to altitude in two tropical butterflies	https://doi.org/10.1038/s41467-022-32316-x	ncbi	yes	98.3	yes	3.427652	0.184862	4.61618	yes	no	low_qual	low_qual
lativittaCS004066	erato	lativitta	1	narrow yellow band	0	1	1	m	m	Colombia	Leticia - Km 9.3	-4.133389	-69.941472	-4.29227	-69.7503	yes	PRJEB35570 • ERP118642	ERR3790037	ERS4212872	SAMEA6447309	Repeated genetic adaptation to altitude in two tropical butterflies	https://doi.org/10.1038/s41467-022-32316-x	ncbi	yes	98.2	yes	3.833178	0.182135	5.1098	yes	no	low_qual	low_qual
lativittaCS004065	erato	lativitta	1	narrow yellow band	0	1	1	f	f	Colombia	Leticia - Km 9.3	-4.133389	-69.941472	-4.28951	-70.0236	yes	PRJEB35570 • ERP118642	ERR3790036	ERS4212871	SAMEA6447308	Repeated genetic adaptation to altitude in two tropical butterflies	https://doi.org/10.1038/s41467-022-32316-x	ncbi	yes	98.1	yes	4.480957	0.158428	5.91973	yes	no	low_qual	low_qual
lativittaCS004067	erato	lativitta	1	narrow yellow band	0	1	1	m	m	Colombia	Leticia - Km 9.3	-4.133389	-69.941472	-4.23786	-70.0231	yes	PRJEB35570 • ERP118642	ERR3790038	ERS4212873	SAMEA6447310	Repeated genetic adaptation to altitude in two tropical butterflies	https://doi.org/10.1038/s41467-022-32316-x	ncbi	yes	98.2	yes	4.234747	0.166538	5.55288	yes	no	low_qual	low_qual
reductimaculaMAC004054	erato	reductimacula	1	broad yellow band	0	1	1	m	m	Colombia	Leticia	-4.133389	-69.941472	-4.11561	-69.7656	yes	PRJEB35570 • ERP118642	ERR9907865	ERS12338799	SAMEA110241177	Repeated genetic adaptation to altitude in two tropical butterflies	https://doi.org/10.1038/s41467-022-32316-x	ncbi	yes	97.7	yes	22.759014	0.0370164	26.7074	yes	yes	AmazonW	Rondonia
lativittaCS004064	erato	lativitta	1	narrow yellow band	0	1	1	m	m	Colombia	Leticia - Km 9.3	-4.133389	-69.941472	-4.06116	-70.1073	yes	PRJEB35570 • ERP118642	ERR3790035	ERS4212870	SAMEA6447307	Repeated genetic adaptation to altitude in two tropical butterflies	https://doi.org/10.1038/s41467-022-32316-x	ncbi	yes	98.4	yes	4.140765	0.159722	5.39	yes	no	low_qual	low_qual
lativittaCS005031	erato	lativitta	1	narrow yellow band	0	1	1	f	f	Colombia	Leticia - Tio Tacana 2km	-4.093333	-69.939167	-4.02608	-70.0107	yes	PRJEB35570 • ERP118642	ERR3790048	ERS4212883	SAMEA6447320	Repeated genetic adaptation to altitude in two tropical butterflies	https://doi.org/10.1038/s41467-022-32316-x	ncbi	yes	98.2	yes	5.018019	0.145432	6.53518	yes	no	low_qual	low_qual
lativittaCS005020	erato	lativitta	1	narrow yellow band	0	1	1	m	m	Colombia	Leticia - Reserva Cerca viva km12	-4.107222	-69.9125	-4.09636	-69.9958	yes	PRJEB35570 • ERP118642	ERR3790047	ERS4212882	SAMEA6447319	Repeated genetic adaptation to altitude in two tropical butterflies	https://doi.org/10.1038/s41467-022-32316-x	ncbi	yes	98.3	yes	4.272127	0.159779	5.58446	yes	no	low_qual	low_qual
luscombeiSTRI5772	erato	luscombei	1	narrow yellow band	0	1	1	m	m	Bolivia	La Senda Verde	-16.225617	-67.7432	-16.2418	-67.5861	no	new from this study	luscombeiSTRI5772_trim	new from this study	new from this study	new from this study	new from this study	local	yes	98	yes	13.385982	0.0464766	15.9055	yes	yes	AmazonE	Cerrado
luscombeiSTRI5771	erato	luscombei	1	narrow yellow band	0	1	1	m	m	Bolivia	La Senda Verde	-16.225617	-67.7432	-16.1416	-67.5598	yes	PRJEB35909 • ERP119036	ERR5235464	ERS5668105	SAMEA7980817	Rampant Genome-Wide Admixture across the Heliconius Radiation	https://doi.org/10.1093/gbe/evab099	ncbi	yes	94.9	yes	33.462222	0.0344303	38.442	yes	yes	AmazonE	Cerrado
amandusCS002221	melpomene	amandus	outgroup	outgroup	outgroup	outgroup	outgroup	m	m	Bolivia	La Angostura	-18.158333	-63.508611	-18.3786	-63.5989	yes	PRJEB8011 • ERP009041	ERR1143588	ERS977688	SAMEA3670539	Evolutionary Novelty in a Butterfly Wing Pattern through Enhancer Shuffling	https://doi.org/10.1371/journal.pbio.1002353	ncbi	yes	65.4	yes	21.723175	na	na	yes	no	outgroup	outgroup
amaryllisJM11293	melpomene	amaryllis	outgroup	outgroup	outgroup	outgroup	outgroup	m	m	Bolivia	La Angostura	-18.158333	-63.508611	-18.3786	-63.5989	yes	PRJEB8011 • ERP009042	ERR1143589	ERS977689	SAMEA3670540	Evolutionary Novelty in a Butterfly Wing Pattern through Enhancer Shuffling	https://doi.org/10.1371/journal.pbio.1002354	ncbi	yes	65.4	yes	21.723175	na	na	yes	no	outgroup	outgroup
amaryllisJM1148	melpomene	amaryllis	outgroup	outgroup	outgroup	outgroup	outgroup	m	m	Bolivia	La Angostura	-18.158333	-63.508611	-18.3786	-63.5989	yes	PRJEB8011 • ERP009043	ERR1143590	ERS977690	SAMEA3670541	Evolutionary Novelty in a Butterfly Wing Pattern through Enhancer Shuffling	https://doi.org/10.1371/journal.pbio.1002355	ncbi	yes	65.4	yes	21.723175	na	na	yes	no	outgroup	outgroup
burchelliSR281	melpomene	burchelli	outgroup	outgroup	outgroup	outgroup	outgroup	m	m	Bolivia	La Angostura	-18.158333	-63.508611	-18.3786	-63.5989	yes	PRJEB8011 • ERP009044	ERR1143591	ERS977691	SAMEA3670542	Evolutionary Novelty in a Butterfly Wing Pattern through Enhancer Shuffling	https://doi.org/10.1371/journal.pbio.1002356	ncbi	yes	65.4	yes	21.723175	na	na	yes	no	outgroup	outgroup
melpomeneCJ18038	melpomene	melpomene	outgroup	outgroup	outgroup	outgroup	outgroup	m	m	Bolivia	La Angostura	-18.158333	-63.508611	-18.3786	-63.5989	yes	PRJEB8011 • ERP009045	ERR1143592	ERS977692	SAMEA3670543	Evolutionary Novelty in a Butterfly Wing Pattern through Enhancer Shuffling	https://doi.org/10.1371/journal.pbio.1002357	ncbi	yes	65.4	yes	21.723175	na	na	yes	no	outgroup	outgroup
melpomeneHMM6	melpomene	melpomene	outgroup	outgroup	outgroup	outgroup	outgroup	m	m	Bolivia	La Angostura	-18.158333	-63.508611	-18.3786	-63.5989	yes	PRJEB8011 • ERP009046	ERR1143593	ERS977693	SAMEA3670544	Evolutionary Novelty in a Butterfly Wing Pattern through Enhancer Shuffling	https://doi.org/10.1371/journal.pbio.1002358	ncbi	yes	65.4	yes	21.723175	na	na	yes	no	outgroup	outgroup
phyllisSTRI5742	erato	phyllis	0	red band	0	0	0	f	m	Bolivia	Samaipata	-17.671083	-63.457417	-17.727	-63.4815	yes	PRJNA324415 • SRP081917	SRR4032004	SRS1618004	SAMN05224205	Complex modular architecture around a simple toolkit of wing pattern genes	DOI: 10.1038/s41559-016-0052 | www.nature.com/natecolevol	ncbi	yes	93.1	yes	21.841948	0.0397831	25.675	yes	yes	AmazonE	Cerrado
phyllisSTRI5732	erato	phyllis	0	red band	0	0	0	m	m	Bolivia	Samaipata	-17.671083	-63.457417	-17.6922	-63.3436	yes	PRJNA324415 • SRP081917	SRR4032003	SRS1618003	SAMN05224204	Complex modular architecture around a simple toolkit of wing pattern genes	DOI: 10.1038/s41559-016-0052 | www.nature.com/natecolevol	ncbi	yes	95.1	yes	17.935788	0.0425787	20.9107	yes	yes	AmazonE	Cerrado
phyllisSTRI5766	erato	phyllis	0	red band	0	0	0	m	m	Bolivia	Samaipata	-17.671083	-63.457417	-17.662	-63.5715	yes	PRJNA324415 • SRP081917	SRR4032007	SRS1618007	SAMN05224207	Complex modular architecture around a simple toolkit of wing pattern genes	DOI: 10.1038/s41559-016-0052 | www.nature.com/natecolevol	ncbi	yes	96	yes	17.939428	0.0405948	21.1359	yes	yes	AmazonE	Cerrado
phyllisSTRI5765	erato	phyllis	0	red band	0	0	0	m	m	Bolivia	Samaipata	-17.671083	-63.457417	-17.5367	-63.5517	yes	PRJNA324415 • SRP081917	SRR4032006	SRS1618006	SAMN05224206	Complex modular architecture around a simple toolkit of wing pattern genes	DOI: 10.1038/s41559-016-0052 | www.nature.com/natecolevol	ncbi	yes	95.6	yes	21.849366	0.0414166	25.3768	yes	yes	AmazonE	Cerrado
venustusSR344	erato	venustus	1	broad yellow band	0	1	1	f	f	Brazil	Pimenteiras do Oeste	-13.49434	-61.07156	-13.5806	-61.0845	no	new from this study	venustusSR344_trim	new from this study	new from this study	new from this study	new from this study	local	yes	98	yes	20.463108	0.0405848	24.4826	yes	yes	AmazonE	Cerrado
venustusSR334	erato	venustus	1	broad yellow band	0	1	1	f	f	Brazil	Pimenteiras do Oeste	-13.48673	-61.02596	-13.4889	-61.2294	no	new from this study	venustusSR334_trim	new from this study	new from this study	new from this study	new from this study	local	yes	98.2	yes	28.031752	0.0381628	33.0508	yes	yes	AmazonE	Cerrado
reductimaculaTUP317	erato	reductimacula	1	broad yellow band	0	1	1	m	m	Brazil	Estrada Tupana	-4.320833	-60.866667	-4.1423	-61.0296	no	new from this study	reductimaculaTUP317_trim	new from this study	new from this study	new from this study	new from this study	local	yes	98.3	yes	24.206825	0.0385736	28.3569	yes	yes	AmazonW	Rondonia
venustusSR314	erato	venustus	1	broad yellow band	0	1	1	m	m	Brazil	Vilhena	-12.80604	-60.29692	-12.76	-60.3869	yes	PRJEB35999 • ERP119127	venustusSR314_trim	ERS4212588	SAMEA6447025	Species specificity and intraspecific variation in the chemical profiles of Heliconius butterflies across a large geographic range	https://doi.org/10.1002/ece3.6079	local	yes	98.3	yes	20.78317	0.0412239	24.5414	yes	yes	AmazonE	Cerrado
reductimaculaCAR291	erato	reductimacula	1	broad yellow band	0	1	1	na	m	Brazil	Estrada Autazes	-3.125	-60.2733	-2.92347	-60.3841	no	new from this study	reductimaculaCAR291_trim	new from this study	new from this study	new from this study	new from this study	local	yes	98.2	yes	17.646478	0.0403634	20.7349	yes	yes	AmazonW	Rondonia
venustusSR354	erato	venustus	1	broad yellow band	0	1	1	f	m	Brazil	Vilhena	-12.71048	-60.11689	-12.7907	-60.1726	no	new from this study	venustusSR354_trim	new from this study	new from this study	new from this study	new from this study	local	yes	98.1	yes	23.347559	0.0390634	27.3842	yes	yes	AmazonE	Cerrado
venustusSR309	erato	venustus	1	broad yellow band	0	1	1	m	m	Brazil	Vilhena	-12.71048	-60.11689	-12.7772	-60.2983	no	new from this study	venustusSR309_trim	new from this study	new from this study	new from this study	new from this study	local	yes	98.3	yes	13.934505	0.0449724	16.5269	yes	yes	AmazonE	Cerrado
amalfredaPF320	erato	amalfreda	1	broken yellow band	1	1	0	na	f	Brazil	Estrada Autazes	-2.6875	-60.066667	-2.78255	-60.2358	no	new from this study	amalfredaPF320_trim	new from this study	new from this study	new from this study	new from this study	local	yes	98.2	yes	20.362983	0.0394467	24.1905	yes	yes	AmazonE	Roraima
hermathenaPF264	hermathena	sheppardi	0	red band	herm	0	0	na	f	Brazil	Cachoeira Iracema (North)	-1.9858	-60.0605	-2.23018	-59.8201	no	new from this study	hhermathenaPF264_trim	new from this study	new from this study	new from this study	new from this study	local	yes	97.6	yes	19.140896	0.104052	23.4378	yes	yes	hermathena	herm
hermathenaPF267	hermathena	sheppardi	0	red band	herm	0	0	na	m	Brazil	Cachoeira Iracema (North)	-1.9858	-60.0605	-1.9641	-59.8894	no	new from this study	hhermathenaPF267_trim	new from this study	new from this study	new from this study	new from this study	local	yes	97.6	yes	20.211857	0.104475	24.3624	yes	yes	hermathena	herm
amalfredaPF322	erato	amalfreda	1	broken yellow band	1	1	0	na	m	Brazil	Estrada Autazes	-2.6875	-60.05	-2.77012	-59.8452	no	new from this study	amalfredaPF322_trim	new from this study	new from this study	new from this study	new from this study	local	yes	98.5	yes	29.313978	0.0374147	33.4621	yes	yes	AmazonE	Roraima
amalfredaPF269	erato	amalfreda	1	broken yellow band	1	1	0	na	m	Brazil	Cachoeira Natal	-2.1375	-60.05	-2.05196	-59.9019	no	new from this study	amalfredaPF269_trim	new from this study	new from this study	new from this study	new from this study	local	yes	98.2	yes	24.3576	0.0386786	28.5211	yes	yes	AmazonE	Roraima
amalfredaPF268	erato	amalfreda	1	broken yellow band	1	1	0	na	m	Brazil	Cachoeira Natal	-2.1375	-60.05	-1.91833	-60.0292	no	new from this study	amalfredaPF268_trim	new from this study	new from this study	new from this study	new from this study	local	yes	98.3	yes	36.355239	0.0356299	41.3843	yes	yes	AmazonE	Roraima
reductimaculaCAR298	erato	reductimacula	1	broad yellow band	0	1	1	m	m	Brazil	Estrada Autazes	-3.570833	-59.816667	-3.62803	-59.8429	no	new from this study	reductimaculaCAR298_trim	new from this study	new from this study	new from this study	new from this study	local	yes	92	yes	23.420476	0.0415337	27.6109	yes	yes	AmazonW	Rondonia
reductimaculaCAR297	erato	reductimacula	1	broad yellow band	0	1	1	m	m	Brazil	Estrada Autazes	-3.570833	-59.816667	-3.45863	-60.0533	no	new from this study	reductimaculaCAR297_trim	new from this study	new from this study	new from this study	new from this study	local	yes	98.2	yes	19.943363	0.0410898	23.5459	yes	yes	AmazonW	Rondonia
phyllisSR300	erato	phyllis	0	red band	0	0	0	m	m	Brazil	Rio Arinos	-13.81633	-56.40316	-14.0416	-56.3824	no	new from this study	phyllisSR300_trim	new from this study	new from this study	new from this study	new from this study	local	yes	98.3	yes	27.039989	0.0380797	31.5624	yes	yes	AmazonE	Cerrado
phyllisSR389	erato	phyllis	0	red band	0	0	0	na	m	Brazil	Rio Arinos	-13.81633	-56.40316	-14.0005	-56.3694	no	new from this study	phyllisSR389_trim	new from this study	new from this study	new from this study	new from this study	local	yes	98.2	yes	13.991699	0.0443587	16.5852	yes	yes	AmazonE	Cerrado
phyllisSR385	erato	phyllis	0	red band	0	0	0	m	m	Brazil	Rio Arinos	-13.81633	-56.40316	-13.7639	-56.646	no	new from this study	phyllisSR385_trim	new from this study	new from this study	new from this study	new from this study	local	yes	98.3	yes	21.308688	0.0417811	25.1249	yes	yes	AmazonE	Cerrado
phyllisSR284	erato	phyllis	0	red band	0	0	0	m	m	Brazil	Rio Arinos	-13.81029	-56.187	-14.0026	-56.3401	no	new from this study	phyllisSR284_trim	new from this study	new from this study	new from this study	new from this study	local	yes	98.2	yes	26.725523	0.0381682	31.1884	yes	yes	AmazonE	Cerrado
phyllisSR285	erato	phyllis	0	red band	0	0	0	m	m	Brazil	Rio Arinos	-13.81029	-56.187	-13.8096	-56.4073	no	new from this study	phyllisSR285_trim	new from this study	new from this study	new from this study	new from this study	local	yes	98.2	yes	24.471047	0.0394205	28.583	yes	yes	AmazonE	Cerrado
hermathenaKK254	hermathena	verreata	0	red band	0	0	0	m	f	Brazil	Campo Tigre	-1.651585	-55.912313	-1.88548	-55.9128	no	new from this study	hverreataKK254_trim	new from this study	new from this study	new from this study	new from this study	local	yes	97.7	yes	16.431478	0.107827	20.0002	yes	yes	hermathena	herm
hermathenaKK264	hermathena	hermathena	0	red band	0	0	0	m	m	Brazil	Campo Tigre	-1.651585	-55.912313	-1.84318	-55.7776	no	new from this study	hhermathenaKK264_trim	new from this study	new from this study	new from this study	new from this study	local	yes	97.6	yes	12.13927	0.114652	14.6552	yes	yes	hermathena	herm
hermathenaKK265	hermathena	verreata	0	red band	0	0	0	f	m	Brazil	Campo Tigre	-1.651585	-55.912313	-1.83832	-55.8828	no	new from this study	hverreataKK265_trim	new from this study	new from this study	new from this study	new from this study	local	yes	97.6	yes	10.88141	0.116385	13.2269	yes	yes	hermathena	herm
hermathenaKK266	hermathena	verreata	0	red band	0	0	0	f	m	Brazil	Campo Tigre	-1.651585	-55.912313	-1.7298	-55.7084	no	new from this study	hverreataKK266_trim	new from this study	new from this study	new from this study	new from this study	local	yes	97.8	yes	18.811315	0.10543	22.4582	yes	yes	hermathena	herm
hermathenaKK274	hermathena	verreata	0	red band	0	0	0	m	m	Brazil	Campo Tigre	-1.651585	-55.912313	-1.71046	-55.8126	no	new from this study	hverreataKK274_trim	new from this study	new from this study	new from this study	new from this study	local	yes	97.6	yes	10.739355	0.116492	12.9633	yes	yes	hermathena	herm
hermathenaKK269	hermathena	hermathena	0	red band	0	0	0	m	m	Brazil	Campo Tigre	-1.651585	-55.912313	-1.67129	-55.8988	no	new from this study	hhermathenaKK269_trim	new from this study	new from this study	new from this study	new from this study	local	yes	97.6	yes	26.758762	0.101418	31.6495	yes	yes	hermathena	herm
hermathenaKK257	hermathena	hermathena	0	red band	0	0	0	m	m	Brazil	Campo Tigre	-1.651585	-55.912313	-1.61882	-55.8792	no	new from this study	hhermathenaKK257_trim	new from this study	new from this study	new from this study	new from this study	local	yes	97.8	yes	7.851543	0.125267	9.56033	yes	yes	hermathena	herm
hermathenaKK256	hermathena	verreata	0	red band	0	0	0	m	m	Brazil	Campo Tigre	-1.651585	-55.912313	-1.59431	-55.6852	no	new from this study	hverreataKK256_trim	new from this study	new from this study	new from this study	new from this study	local	yes	97.8	yes	18.623586	0.10627	22.3608	yes	yes	hermathena	herm
hermathenaKK268	hermathena	hermathena	0	red band	0	0	0	f	f	Brazil	Campo Tigre	-1.651585	-55.912313	-1.57116	-55.8851	no	new from this study	hhermathenaKK268_trim	new from this study	new from this study	new from this study	new from this study	local	yes	97.8	yes	31.002209	0.100752	36.607	yes	yes	hermathena	herm
hermathenaKK273	hermathena	verreata	0	red band	0	0	0	m	f	Brazil	Campo Tigre	-1.651585	-55.912313	-1.53854	-55.9859	no	new from this study	hverreataKK273_trim	new from this study	new from this study	new from this study	new from this study	local	yes	97.4	yes	21.986654	0.103052	26.4003	yes	yes	hermathena	herm
hermathenaKK270	hermathena	verreata	0	red band	0	0	0	m	f	Brazil	Campo Tigre	-1.651585	-55.912313	-1.45406	-55.9468	no	new from this study	hverreataKK270_trim	new from this study	new from this study	new from this study	new from this study	local	yes	97.8	yes	22.157131	0.103126	26.81	yes	yes	hermathena	herm
hermathenaKK259	hermathena	hermathena	0	red band	0	0	0	f	m	Brazil	Campo Tigre	-1.651585	-55.912313	-1.42355	-56.0894	no	new from this study	hhermathenaKK259_trim	new from this study	new from this study	new from this study	new from this study	local	yes	97.6	yes	18.128071	0.106092	21.7587	yes	yes	hermathena	herm
amazonaSR71	erato	amazona	1	broken yellow band	1	1	1	f	f	Brazil	Newton's	-6.5583	-55.51345	-6.73572	-55.5195	no	new from this study	amazonaSR71_trim	new from this study	new from this study	new from this study	new from this study	local	yes	98.3	yes	17.423403	0.0409738	20.8622	yes	yes	AmazonE	Xingu
amazonaSR80	erato	amazona	1	broken yellow band	1	1	1	m	m	Brazil	Newton's	-6.5583	-55.51345	-6.71151	-55.7491	no	new from this study	amazonaSR80_trim	new from this study	new from this study	new from this study	new from this study	local	yes	98.2	yes	38.072922	0.0350297	43.5875	yes	yes	AmazonE	Xingu
amazonaSR79	erato	amazona	1	broken yellow band	1	1	1	m	m	Brazil	Newton's	-6.5583	-55.51345	-6.5581	-55.3548	no	new from this study	amazonaSR79_trim	new from this study	new from this study	new from this study	new from this study	local	yes	98.3	yes	26.13498	0.0377204	30.4863	yes	yes	AmazonE	Xingu
amazonaSR73	erato	amazona	1	broken yellow band	1	1	1	f	f	Brazil	Newton's	-6.5583	-55.51345	-6.38349	-55.4865	no	new from this study	amazonaSR73_trim	new from this study	new from this study	new from this study	new from this study	local	yes	98	yes	12.164496	0.0468322	14.6474	yes	yes	AmazonE	Xingu
amazonaSR72	erato	amazona	1	broken yellow band	1	1	1	f	f	Brazil	Newton's	-6.5583	-55.51345	-6.34573	-55.5623	no	new from this study	amazonaSR72_trim	new from this study	new from this study	new from this study	new from this study	local	yes	98.2	yes	31.241952	0.036621	36.5305	yes	yes	AmazonE	Xingu
phyllisSR230	erato	phyllis	0	red band	0	0	0	m	m	Brazil	Colider	-10.89114	-55.44049	-11.1293	-55.4333	yes	PRJEB35999 • ERP119127	phyllisSR230_trim	ERS4212587	SAMEA6447024	Species specificity and intraspecific variation in the chemical profiles of Heliconius butterflies across a large geographic range	https://doi.org/10.1002/ece3.6079	local	yes	98.1	yes	23.953025	0.0382535	28.0193	yes	yes	AmazonE	Cerrado
phyllisSR232	erato	phyllis	0	red band	0	0	0	m	m	Brazil	Colider	-10.89114	-55.44049	-11.111	-55.6342	no	new from this study	phyllisSR232_trim	new from this study	new from this study	new from this study	new from this study	local	yes	98.2	yes	16.278887	0.0430511	19.3115	yes	yes	AmazonE	Cerrado
phyllisSR233	erato	phyllis	0	red band	0	0	0	m	m	Brazil	Colider	-10.89114	-55.44049	-10.7323	-55.3113	no	new from this study	phyllisSR233_trim	new from this study	new from this study	new from this study	new from this study	local	yes	98.3	yes	25.984264	0.0379686	30.2495	yes	yes	AmazonE	Cerrado
phyllisSR258	erato	phyllis	0	red band	0	0	0	f	m	Brazil	Itauba	-11.10277	-55.37055	-10.8797	-55.4342	no	new from this study	phyllisSR258_trim	new from this study	new from this study	new from this study	new from this study	local	yes	98.2	yes	41.779453	0.0356717	47.4384	yes	yes	AmazonE	Cerrado
amalfredaSTRI5781	erato	amalfreda	1	broken yellow band	1	1	0	f	f	Suriname	Brokopondo	-4.932733	-55.200803	-4.68701	-55.2404	yes	PRJNA324415 • SRP081917	SRR4032010	SRS1618010	SAMN05224210	Complex modular architecture around a simple toolkit of wing pattern genes	DOI: 10.1038/s41559-016-0052 | www.nature.com/natecolevol	ncbi	yes	95.1	yes	24.390921	0.0380961	28.9851	yes	yes	AmazonE	Roraima
amalfredaSTRI5780	erato	amalfreda	1	broken yellow band	1	1	0	f	f	Suriname	Brokopondo	-5.940653	-55.189922	-5.92578	-55.0182	yes	PRJNA324415 • SRP081917	SRR4032009	SRS1618009 	SAMN05224209	Complex modular architecture around a simple toolkit of wing pattern genes	DOI: 10.1038/s41559-016-0052 | www.nature.com/natecolevol	ncbi	yes	94.9	yes	20.990441	0.0371409	25.0851	yes	yes	AmazonE	Roraima
amalfredaSTRI5779	erato	amalfreda	1	broken yellow band	1	1	0	m	m	Suriname	Brokopondo	-5.940653	-55.189922	-5.74787	-54.9753	yes	PRJNA324415 • SRP081917	SRR4032008	SRS1618008 	SAMN05224208	Complex modular architecture around a simple toolkit of wing pattern genes	DOI: 10.1038/s41559-016-0052 | www.nature.com/natecolevol	ncbi	yes	95.4	yes	25.250652	0.0351535	29.3061	yes	yes	AmazonE	Roraima
amalfredaBC2115	erato	amalfreda	1	broken yellow band	1	1	0	m	m	Suriname	Brokopondo	5.020128	-54.978379	4.967779	-54.8076	yes	PRJNA324415 • SRP081917	SRR4032075	SRS1618075	SAMN05224103	Complex modular architecture around a simple toolkit of wing pattern genes	DOI: 10.1038/s41559-016-0052 | www.nature.com/natecolevol	ncbi	yes	94.7	yes	25.23137	0.0355218	29.3025	yes	yes	AmazonE	Guiana
amalfredaBC2124	erato	amalfreda	1	broken yellow band	1	1	0	m	m	Suriname	Brokopondo	5.020128	-54.978379	5.055426	-54.8964	yes	PRJNA324415 • SRP081917	SRR4032086	SRS1618086	SAMN05224104	Complex modular architecture around a simple toolkit of wing pattern genes	DOI: 10.1038/s41559-016-0052 | www.nature.com/natecolevol	ncbi	yes	94.7	yes	23.234021	0.0352544	27.0836	yes	yes	AmazonE	Guiana
hermathena14	hermathena	hermathena	0	red band	0	0	0	m	m	Brazil	Santarem	-2.429548	-54.875471	-2.67462	-54.7133	yes	PRJNA324415 • SRP081917	SRR4032036	SRS1618036	SAMN05224130	Complex modular architecture around a simple toolkit of wing pattern genes	DOI: 10.1038/s41559-016-0052 | www.nature.com/natecolevol	ncbi	yes	92.5	yes	22.063019	0.102157	26.9865	yes	yes	hermathena	herm
hermathenaKK279	hermathena	hermathena	0	red band	0	0	0	m	f	Brazil	Santarem	-2.429548	-54.875471	-2.53815	-55.1184	no	new from this study	hhermathenaKK279_trim	new from this study	new from this study	new from this study	new from this study	local	yes	97	yes	14.110453	0.110911	17.075	yes	yes	hermathena	herm
hermathena13	hermathena	hermathena	0	red band	0	0	0	m	m	Brazil	Santarem	-2.429548	-54.875471	-2.47525	-55.0963	yes	PRJNA324415 • SRP081917	SRR4032035	SRS1618035	SAMN05224129	Complex modular architecture around a simple toolkit of wing pattern genes	DOI: 10.1038/s41559-016-0052 | www.nature.com/natecolevol	ncbi	yes	92.6	yes	18.45035	0.104554	22.6943	yes	yes	hermathena	herm
hermathenaSR312	hermathena	hermathena	0	red band	0	0	0	m	f	Brazil	Santarem	-2.429548	-54.875471	-2.43219	-54.7745	no	new from this study	hhermathenaSR312_trim	new from this study	new from this study	new from this study	new from this study	local	yes	97.5	yes	27.880433	0.10284	33.1667	yes	yes	hermathena	herm
hermathenaKK284	hermathena	verreata	0	red band	0	0	0	m	m	Brazil	Santarem	-2.429548	-54.875471	-2.32295	-54.9311	no	new from this study	hverreataKK284_trim	new from this study	new from this study	new from this study	new from this study	local	yes	97	yes	16.13132	0.10912	19.4297	yes	yes	hermathena	herm
hermathena15	hermathena	hermathena	0	red band	0	0	0	m	f	Brazil	Santarem	-2.429548	-54.875471	-2.206	-54.7353	yes	PRJNA324415 • SRP081917	SRR4032037	SRS1618037	SAMN05224131	Complex modular architecture around a simple toolkit of wing pattern genes	DOI: 10.1038/s41559-016-0052 | www.nature.com/natecolevol	ncbi	yes	92.7	yes	26.875635	0.100615	33.0262	yes	yes	hermathena	herm
amazonaSR126	erato	amazona	1	broken yellow band	1	1	1	f	f	Brazil	Ruropolis	-4.06642	-54.84653	-4.26338	-54.6935	no	new from this study	amazonaSR126_trim	new from this study	new from this study	new from this study	new from this study	local	yes	98.2	yes	27.183621	0.036857	32.0783	yes	yes	AmazonE	Xingu
amazonaSR122	erato	amazona	1	broken yellow band	1	1	1	m	m	Brazil	Ruropolis	-4.06642	-54.84653	-4.1514	-54.693	yes	PRJEB35999 • ERP119127	amazonaSR122_trim	ERS4257636	SAMEA6493174	Species specificity and intraspecific variation in the chemical profiles of Heliconius butterflies across a large geographic range	https://doi.org/10.1002/ece3.6079	local	yes	98.2	yes	32.063868	0.0359595	36.8106	yes	yes	AmazonE	Xingu
amazonaSR125	erato	amazona	1	broken yellow band	1	1	1	m	m	Brazil	Ruropolis	-4.06642	-54.84653	-4.13031	-55.0759	no	new from this study	amazonaSR125_trim	new from this study	new from this study	new from this study	new from this study	local	yes	98.3	yes	25.395674	0.0374951	29.7272	yes	yes	AmazonE	Xingu
amazonaSR127	erato	amazona	1	broken yellow band	1	1	1	m	m	Brazil	Ruropolis	-4.06642	-54.84653	-4.07433	-55.0825	no	new from this study	amazonaSR127_trim	new from this study	new from this study	new from this study	new from this study	local	yes	98.2	yes	27.490125	0.0373292	31.9501	yes	yes	AmazonE	Xingu
amazonaSR1	erato	amazona	1	broken yellow band	1	1	1	f	f	Brazil	Ruropolis	-4.06642	-54.84653	-3.94635	-54.718	no	new from this study	amazonaSR1_trim	new from this study	new from this study	new from this study	new from this study	local	yes	98.2	yes	25.692081	0.0375672	30.3283	yes	yes	AmazonE	Xingu
hydaraxamalfredaSR165	erato	hydaraXamalfreda	hybrid	hybrid	hybrid	hybrid	hybrid	f	f	Brazil	Alenquer	-1.208239	-54.800222	-1.26805	-54.8456	no	new from this study	hydaraxamalfredaSR165_trim	new from this study	new from this study	new from this study	new from this study	local	yes	98	yes	17.913715	0.0408653	21.4987	yes	yes	AmazonE	Roraima
amalfredaSR214	erato	amalfreda	1	broken yellow band	1	1	0	m	m	Brazil	Alenquer	-1.208239	-54.800222	-1.12187	-54.5941	no	new from this study	amalfredaSR214_trim	new from this study	new from this study	new from this study	new from this study	local	yes	98.5	yes	27.855263	0.0367929	32.1671	yes	yes	AmazonE	Roraima
hydaraxamalfredaSR200	erato	hydaraXamalfreda	hybrid	hybrid	hybrid	hybrid	hybrid	f	f	Brazil	Alenquer	-1.208239	-54.800222	-1.09321	-54.9941	no	new from this study	hydaraxamalfredaSR200_trim	new from this study	new from this study	new from this study	new from this study	local	yes	98.2	yes	18.502346	0.0402369	22.1437	yes	yes	AmazonE	Roraima
hydaraxamalfredaSR166	erato	hydaraXamalfreda	hybrid	hybrid	hybrid	hybrid	hybrid	m	f	Brazil	Alenquer	-1.208239	-54.800222	-1.04437	-54.8907	no	new from this study	hydaraxamalfredaSR166_trim	new from this study	new from this study	new from this study	new from this study	local	yes	81.5	yes	22.418216	0.0426063	26.5718	yes	yes	AmazonE	Roraima
hydaraxamalfredaSR198	erato	hydaraXamalfreda	hybrid	hybrid	hybrid	hybrid	hybrid	m	m	Brazil	Alenquer	-1.208239	-54.800222	-0.96475	-54.7938	yes	PRJEB35999 • ERP119127	hydaraxamalfredaSR198_trim	ERS4212583	SAMEA6447020	Species specificity and intraspecific variation in the chemical profiles of Heliconius butterflies across a large geographic range	https://doi.org/10.1002/ece3.6079	local	yes	98.3	yes	18.140341	0.0399798	21.3149	yes	yes	AmazonE	Roraima
hydaraNCS1179	erato	hydara	0	red band	0	0	0	m	m	French Guiana	Kaw	4.7037	-52.3038	4.742306	-52.3089	yes	PRJNA324415 • SRP081917	SRR4032061	SRS1618061	SAMN05224153 	Complex modular architecture around a simple toolkit of wing pattern genes	DOI: 10.1038/s41559-016-0052 | www.nature.com/natecolevol	ncbi	yes	95.5	yes	16.014951	0.0436154	18.6847	yes	yes	AmazonE	Guiana
eratoNCS2012	erato	erato	1	broken yellow band	1	1	1	f	f	French Guiana	Kaw	4.6386	-52.3016	4.489742	-52.5388	yes	PRJNA324415 • SRP081918	SRR4032070	SRS1618070	SAMN05224161	Complex modular architecture around a simple toolkit of wing pattern genes	DOI: 10.1038/s41559-016-0052 | www.nature.com/natecolevol	ncbi	yes	93	yes	22.120137	0.0415255	25.9337	yes	yes	AmazonE	Guiana
eratoNCS2005	erato	erato	1	broken yellow band	1	1	1	m	m	French Guiana	Kaw	4.6386	-52.3016	4.558925	-52.3415	yes	PRJNA324415 • SRP081918	SRR4032069	SRS1618069	SAMN05224160	Complex modular architecture around a simple toolkit of wing pattern genes	DOI: 10.1038/s41559-016-0052 | www.nature.com/natecolevol	ncbi	yes	94.6	yes	20.387869	0.0416599	23.6837	yes	yes	AmazonE	Guiana
eratoNCS2023	erato	erato	1	broken yellow band	1	1	1	m	m	French Guiana	Kaw	4.6386	-52.3016	4.79058	-52.3085	yes	PRJNA324415 • SRP081918	SRR4032072	SRS1618072	SAMN05224163	Complex modular architecture around a simple toolkit of wing pattern genes	DOI: 10.1038/s41559-016-0052 | www.nature.com/natecolevol	ncbi	yes	92.9	yes	23.706058	0.0410043	27.5345	yes	yes	AmazonE	Guiana
hydaraNCS2080	erato	hydara	0	red band	0	0	0	f	f	French Guiana	Kaw	4.6168	-52.2831	4.678947	-52.364	yes	PRJNA324415 • SRP081917	SRR4032074	SRS1618074	SAMN05224165	Complex modular architecture around a simple toolkit of wing pattern genes	DOI: 10.1038/s41559-016-0052 | www.nature.com/natecolevol	ncbi	yes	96	yes	17.85473	0.040907	21.2516	yes	yes	AmazonE	Guiana
hydaraNCS2574	telesiphe	na	outgroup	outgroup	outgroup	outgroup	outgroup	m	m	French Guiana	Kaw	4.5851	-52.2455	4.375434	-52.0449	yes	PRJNA324415 • SRP081917	SRR4032085	SRS1618085	SAMN05224175	Complex modular architecture around a simple toolkit of wing pattern genes	DOI: 10.1038/s41559-016-0052 | www.nature.com/natecolevol	ncbi	yes	90	yes	13.046527	0.168789	16.4752	yes	no	na	na
eratoNCS2020	erato	erato	1	broken yellow band	1	1	1	m	m	French Guiana	Kaw	4.5851	-52.2455	4.566077	-52.1706	yes	PRJNA324415 • SRP081918	SRR4032071	SRS1618071	SAMN05224162	Complex modular architecture around a simple toolkit of wing pattern genes	DOI: 10.1038/s41559-016-0052 | www.nature.com/natecolevol	ncbi	yes	95.2	yes	31.540665	0.037142	35.9183	yes	yes	AmazonE	Guiana
eratoNCS2025	erato	erato	1	broken yellow band	1	1	1	m	m	French Guiana	Kaw	4.5851	-52.2455	4.675489	-52.4605	yes	PRJNA324415 • SRP081918	SRR4032073	SRS1618073	SAMN05224164	Complex modular architecture around a simple toolkit of wing pattern genes	DOI: 10.1038/s41559-016-0052 | www.nature.com/natecolevol	ncbi	yes	94.6	yes	20.0768	0.0420848	23.432	yes	yes	AmazonE	Guiana
eratoNCS2556	erato	erato	1	broken yellow band	1	1	1	na	m	French Guiana	Kaw	4.5851	-52.2455	4.829398	-52.025	yes	PRJNA324415 • SRP081917	SRR4032084	SRS1618084	SAMN05224174	Complex modular architecture around a simple toolkit of wing pattern genes	DOI: 10.1038/s41559-016-0052 | www.nature.com/natecolevol	ncbi	yes	94.9	yes	33.683872	0.0345146	38.3472	yes	yes	AmazonE	Guiana
hydaraNCS2211	erato	hydara	0	red band	0	0	0	m	m	French Guiana	Kaw	4.5473	-52.1702	4.452246	-52.1411	yes	PRJNA324415 • SRP081917	SRR4032076	SRS1618076	SAMN05224166	Complex modular architecture around a simple toolkit of wing pattern genes	DOI: 10.1038/s41559-016-0052 | www.nature.com/natecolevol	ncbi	yes	94.8	yes	20.617796	0.0387166	24.0117	yes	yes	AmazonE	Guiana
hydaraNCS1979	erato	hydara	0	red band	0	0	0	m	m	French Guiana	Kaw	4.5473	-52.1702	4.682178	-52.4092	yes	PRJNA324415 • SRP081917	SRR4032068	SRS1618068	SAMN05224159	Complex modular architecture around a simple toolkit of wing pattern genes	DOI: 10.1038/s41559-016-0052 | www.nature.com/natecolevol	ncbi	yes	95.5	yes	18.270052	0.0412979	21.2409	yes	yes	AmazonE	Guiana
hydaraNCS2217	erato	hydara	0	red band	0	0	0	m	m	French Guiana	Kaw	4.5445	-52.1526	4.356389	-52.1425	yes	PRJNA324415 • SRP081917	SRR4032077	SRS1618077	SAMN05224167	Complex modular architecture around a simple toolkit of wing pattern genes	DOI: 10.1038/s41559-016-0052 | www.nature.com/natecolevol	ncbi	yes	95.2	yes	24.189939	0.0357312	28.2439	yes	yes	AmazonE	Guiana
hydaraNCS2581	erato	hydara	0	red band	0	0	0	f	f	French Guiana	Kaw	4.5445	-52.1526	4.422813	-52.3697	yes	PRJNA324415 • SRP081917	SRR4032087	SRS1618087	SAMN05224176	Complex modular architecture around a simple toolkit of wing pattern genes	DOI: 10.1038/s41559-016-0052 | www.nature.com/natecolevol	ncbi	yes	95.5	yes	27.649059	0.0385092	32.5871	yes	yes	AmazonE	Guiana
hydaraNCS2609	erato	hydara	0	red band	0	0	0	f	f	French Guiana	Kaw	4.5445	-52.1526	4.683957	-52.012	yes	PRJNA324415 • SRP081917	SRR4032088	SRS1618088	SAMN05224177	Complex modular architecture around a simple toolkit of wing pattern genes	DOI: 10.1038/s41559-016-0052 | www.nature.com/natecolevol	ncbi	yes	96.1	yes	24.298955	0.0408617	28.4704	yes	yes	AmazonE	Guiana
estrella16HE037	erato	estrella	1	narrow yellow band	0	1	1	na	m	Brazil	Ilha de Marajo	-1.66911	-50.48502	-1.81095	-50.5985	no	new from this study	estrella16HE037_trim	new from this study	new from this study	new from this study	new from this study	local	yes	98.1	yes	10.945	0.0496073	12.9966	yes	yes	AmazonE	Para
estrella16HE043	erato	estrella	1	narrow yellow band	0	1	1	na	f	Brazil	Ilha de Marajo	-1.66911	-50.48502	-1.60581	-50.3173	no	new from this study	estrella16HE043_trim	new from this study	new from this study	new from this study	new from this study	local	yes	98.2	yes	22.343219	0.0385259	26.7482	yes	yes	AmazonE	Para
amazonaKK189	erato	amazona	1	broken yellow band	1	1	1	f	f	Brazil	Belem	-1.468203	-48.440141	-1.46929	-48.6688	no	new from this study	KK189_KD17030563-AK67_HJMFWALXX_L3	new from this study	new from this study	new from this study	new from this study	local	yes	97	yes	25.593681	0.0369423	30.2528	yes	yes	AmazonE	Para
amazonaKK190	erato	amazona	1	broken yellow band	1	1	1	m	m	Brazil	Belem	-1.468203	-48.440141	-1.30828	-48.2917	no	new from this study	KK190_KD17030565-5_HJMFWALXX_L5	new from this study	new from this study	new from this study	new from this study	local	yes	97.8	yes	22.176573	0.0383235	26.072	yes	yes	AmazonE	Para
amazonaKK168	erato	amazona	1	broken yellow band	1	1	1	f	m	Brazil	Aurora do Para	-2.177	-47.55217	-2.34129	-47.5559	no	new from this study	KK168_KD17030564-2_HJMFWALXX_L4	new from this study	new from this study	new from this study	new from this study	local	yes	97.6	yes	19.446918	0.0398146	23.1393	yes	yes	AmazonE	Para
chestertonii3661	chestertonii	chestertonii	0	chesform	chesform	0	0	m	m	Colombia	Rio Bravo	3.88399	-76.012873	4.065818	-76.1435	yes	PRJNA324415 • SRP081917	SRR4031992	SRS1617992	SAMN05224096	Complex modular architecture around a simple toolkit of wing pattern genes	DOI: 10.1038/s41559-016-0052 | www.nature.com/natecolevol	do not exist	no	na	na	na	na	na	na	no	na	na
amazonaKK166	erato	amazona	1	broken yellow band	1	1	1	m	m	Brazil	Aurora do Para	-2.177	-47.55217	-2.23257	-47.6709	no	new from this study	KK166_KD17030563-4_HJMFWALXX_L3	new from this study	new from this study	new from this study	new from this study	local	yes	97.5	yes	18.327097	0.0395451	21.6967	yes	yes	AmazonE	Para
amazonaKK165	erato	amazona	1	broken yellow band	1	1	1	m	m	Brazil	Aurora do Para	-2.177	-47.55217	-1.933	-47.3387	no	new from this study	KK165_KD17030565-4_HJMFWALXX_L5	new from this study	new from this study	new from this study	new from this study	local	yes	97.5	yes	22.974402	0.0373341	27.3573	yes	yes	AmazonE	Para
amazonaKK216	erato	amazona	1	broken yellow band	1	1	1	m	m	Brazil	Braganca	-1.070209	-46.744825	-1.31344	-46.8595	no	new from this study	KK216_KD17030562-2_HJMFWALXX_L2	new from this study	new from this study	new from this study	new from this study	local	yes	97.8	yes	20.341196	0.0389236	24.1038	no (parent-offspring of amazonaKK217)	no	relative	relative
amazonaKK225	erato	amazona	1	broken yellow band	1	1	1	m	m	Brazil	Braganca	-1.070209	-46.744825	-1.2486	-46.9533	no	new from this study	KK225_KD17030566-4_HJMFWALXX_L6	new from this study	new from this study	new from this study	new from this study	local	yes	97.3	yes	27.903883	0.0361257	32.8971	yes	yes	AmazonE	Para
amazonaKK217	erato	amazona	1	broken yellow band	1	1	1	f	f	Brazil	Braganca	-1.070209	-46.744825	-1.19639	-46.8634	no	new from this study	KK217_KD17030565-2_HJMFWALXX_L5	new from this study	new from this study	new from this study	new from this study	local	yes	97.4	yes	24.902582	0.0369374	29.9538	yes	yes	AmazonE	Para
amazonaKK214	erato	amazona	1	broken yellow band	1	1	1	m	m	Brazil	Braganca	-1.070209	-46.744825	-1.15911	-46.9266	no	new from this study	KK214_KD17030563-2_HJMFWALXX_L3	new from this study	new from this study	new from this study	new from this study	local	yes	97.6	yes	18.002233	0.040044	21.3626	yes	yes	AmazonE	Para
amazonaKK181	erato	amazona	1	broken yellow band	1	1	1	m	m	Brazil	Braganca	-1.070209	-46.744825	-0.89593	-46.6657	no	new from this study	KK181_KD17030566-2_HJMFWALXX_L6	new from this study	new from this study	new from this study	new from this study	local	yes	97.3	yes	31.740529	0.0355702	36.993	yes	yes	AmazonE	Para
phyllisKK105	erato	phyllis	0	red band	0	0	0	f	f	Brazil	Sao Paulo	-23.39	-46.61	-23.6075	-46.376	no	new from this study	KK105_KD17030565-6_HJMFWALXX_L5	new from this study	new from this study	new from this study	new from this study	local	yes	97.5	yes	25.950844	0.0413064	31.0408	yes	yes	AmazonE	Atlantic
phyllisKK104	erato	phyllis	0	red band	0	0	0	f	f	Brazil	Sao Paulo	-23.408	-46.577	-23.1979	-46.5854	no	new from this study	KK104_KD17030564-5_HJMFWALXX_L4	new from this study	new from this study	new from this study	new from this study	local	yes	97.5	yes	21.461781	0.0425675	25.7413	yes	yes	AmazonE	Atlantic
phyllisKK101	erato	phyllis	0	red band	0	0	0	m	m	Brazil	Sao Paulo	-23.833496	-46.326633	-23.9901	-46.481	no	new from this study	phyllisKK101_trim	new from this study	new from this study	new from this study	new from this study	local	yes	97.6	yes	20.177243	0.044018	23.7778	yes	yes	AmazonE	Atlantic
phyllisKK103	erato	phyllis	0	red band	0	0	0	m	m	Brazil	Sao Paulo	-23.833496	-46.326633	-23.8223	-46.3845	no	new from this study	KK103_KD17030562-4_HJMFWALXX_L2	new from this study	new from this study	new from this study	new from this study	local	yes	97.5	yes	22.391331	0.0428421	26.5172	yes	yes	AmazonE	Atlantic
phyllisKK102	erato	phyllis	0	red band	0	0	0	f	f	Brazil	Sao Paulo	-23.833496	-46.326633	-23.6625	-46.346	no	new from this study	KK102_KD17030564-4_HJMFWALXX_L4	new from this study	new from this study	new from this study	new from this study	local	yes	90.1	yes	23.905992	0.0444807	28.6291	yes	yes	AmazonE	Atlantic
phyllis16HE051	erato	phyllis	0	red band	0	0	0	na	m	Brazil	Serra das Lontras	-15.183614	-39.345946	-15.4079	-39.4716	no	new from this study	phyllis16HE051_trim	new from this study	new from this study	new from this study	new from this study	local	yes	98.1	yes	26.098437	0.0443091	30.5619	yes	yes	AmazonE	Atlantic
phyllis16HE094	erato	phyllis	0	red band	0	0	0	na	m	Brazil	Serra das Lontras	-15.183614	-39.345946	-15.2595	-39.3763	no	new from this study	phyllis16HE094_trim	new from this study	new from this study	new from this study	new from this study	local	yes	98.2	yes	25.256287	0.0413091	29.7462	yes	yes	AmazonE	Atlantic
phyllis16HE088	erato	phyllis	0	red band	0	0	0	na	m	Brazil	Serra das Lontras	-15.183614	-39.345946	-15.2308	-39.1752	no	new from this study	phyllis16HE088_trim	new from this study	new from this study	new from this study	new from this study	local	yes	98.2	yes	29.873642	0.0435373	34.739	yes	yes	AmazonE	Atlantic
phyllis16HE087	erato	phyllis	0	red band	0	0	0	na	m	Brazil	Serra das Lontras	-15.183614	-39.345946	-15.06	-39.2943	no	new from this study	phyllis16HE087_trim	new from this study	new from this study	new from this study	new from this study	local	yes	98.1	yes	14.594827	0.0505385	17.3194	yes	yes	AmazonE	Atlantic
phyllis16HE052	erato	phyllis	0	red band	0	0	0	na	m	Brazil	Serra das Lontras	-15.183614	-39.345946	-14.9499	-39.1156	no	new from this study	phyllis16HE052_trim	new from this study	new from this study	new from this study	new from this study	local	yes	98.1	yes	18.775735	0.0467137	22.2639	yes	yes	AmazonE	Atlantic
saraCAM006006	sara	na	outgroup	outgroup	outgroup	outgroup	outgroup	na	f	Inbred	Inbred	Inbred	Inbred	na	na	yes	PRJEB24571 • ERP106402 	ERR6366225_ERR6366226_merged	ERS6629914	SAMEA8947140 	na	na	ncbi	yes	88.3	yes	48.906654	0.434808	69.1257	yes	no	sara	sara
telesiphe2	erato	hydara	0	red band	0	0	0	m	m	Chile	Puente Chalayaco	na	na	na	na	yes	PRJNA324415 • SRP081917	SRR4032080	SRS1618080	SAMN05224170	Complex modular architecture around a simple toolkit of wing pattern genes	DOI: 10.1038/s41559-016-0052 | www.nature.com/natecolevol	ncbi	yes	94.6	yes	9.41232	0.056855	11.229	yes	no	na	na
clysonymus1	clysonymus	na	outgroup	outgroup	outgroup	outgroup	outgroup	na	m	Ecuador	El Topo, Ecuador	na	na	na	na	yes	PRJEB11772 • ERP013182	ERR1307123	ERS1061651	SAMEA3874517	Natural Selection and Genetic Diversity in the Butterfly Heliconius eratoomene	https://doi.org/10.1534/genetics.115.183285	ncbi	yes	89.1	yes	12.500239	0.176516	15.7746	yes	no	clysonymus	clysonymus
clysonymus10	clysonymus	na	outgroup	outgroup	outgroup	outgroup	outgroup	m	m	Peru	Mina Negra	na	na	na	na	yes	PRJNA324415 • SRP081917	SRR4032079	SRS1618079	SAMN05224169	Complex modular architecture around a simple toolkit of wing pattern genes	DOI: 10.1038/s41559-016-0052 | www.nature.com/natecolevol	ncbi	yes	90.2	yes	13.295229	0.171418	16.8121	yes	no	clysonymus	clysonymus
clysonymus3	clysonymus	na	outgroup	outgroup	outgroup	outgroup	outgroup	na	f	na	na	na	na	na	na	yes	PRJEB35570 • ERP118642	ERR6503418	ERS7262899	SAMEA9540127	Repeated genetic adaptation to altitude in two tropical butterflies	https://doi.org/10.1038/s41467-022-32316-x	ncbi	yes	97	yes	4.389993	0.269409	6.3507	yes	no	clysonymus	clysonymus
clysonymus4	clysonymus	na	outgroup	outgroup	outgroup	outgroup	outgroup	na	m	na	na	na	na	na	na	yes	PRJEB35570 • ERP118642	ERR6503422	ERS7262901	SAMEA9540129	Repeated genetic adaptation to altitude in two tropical butterflies	https://doi.org/10.1038/s41467-022-32316-x	ncbi	yes	97	yes	4.094112	0.279642	5.79237	yes	no	clysonymus	clysonymus
clysonymus5	clysonymus	na	outgroup	outgroup	outgroup	outgroup	outgroup	na	m	na	na	na	na	na	na	yes	PRJEB35570 • ERP118642	ERR6503426	ERS7262903	SAMEA9540131	Repeated genetic adaptation to altitude in two tropical butterflies	https://doi.org/10.1038/s41467-022-32316-x	ncbi	yes	97.3	yes	3.925251	0.289143	5.72047	yes	no	clysonymus	clysonymus
clysonymus6	clysonymus	na	outgroup	outgroup	outgroup	outgroup	outgroup	na	f	na	na	na	na	na	na	yes	PRJEB35570 • ERP118642	ERR6503428	ERS7262904	SAMEA9540132	Repeated genetic adaptation to altitude in two tropical butterflies	https://doi.org/10.1038/s41467-022-32316-x	ncbi	yes	97.2	yes	3.738721	0.301169	5.57055	yes	no	clysonymus	clysonymus
clysonymus7	clysonymus	na	outgroup	outgroup	outgroup	outgroup	outgroup	na	f	na	na	na	na	na	na	yes	PRJEB35570 • ERP118642	ERR6503486	ERS7262933	SAMEA9540161	Repeated genetic adaptation to altitude in two tropical butterflies	https://doi.org/10.1038/s41467-022-32316-x	ncbi	yes	97.2	yes	3.489536	0.306329	5.22675	yes	no	clysonymus	clysonymus
clysonymus8	clysonymus	na	outgroup	outgroup	outgroup	outgroup	outgroup	na	f	na	na	na	na	na	na	yes	PRJEB35570 • ERP118642	ERR6503488	ERS7262934	SAMEA9540162	Repeated genetic adaptation to altitude in two tropical butterflies	https://doi.org/10.1038/s41467-022-32316-x	ncbi	yes	97.4	yes	3.762692	0.292051	5.54655	yes	no	clysonymus	clysonymus
clysonymus9	clysonymus	na	outgroup	outgroup	outgroup	outgroup	outgroup	m	m	Peru	Mina Negra	na	na	na	na	yes	PRJNA324415 • SRP081917	SRR4032078	SRS1618078	SAMN05224168	Complex modular architecture around a simple toolkit of wing pattern genes	DOI: 10.1038/s41559-016-0052 | www.nature.com/natecolevol	ncbi	yes	89.3	yes	11.00864	0.172785	14.0046	yes	no	clysonymus	clysonymus
sara1	sara	na	outgroup	outgroup	outgroup	outgroup	outgroup	na	m	Panama	Inbred	na	na	na	na	yes	PRJNA532398 • SRP192060	SRR8883897	SRS4612543	SAMN11398307	Genomic architecture and introgression shape a butterfly radiation	doi: 10.1126/science.aaw2090.	ncbi	yes	95.6	yes	52.175201	0.234321	73.9439	yes	no	sara	sara
sara7	sara	na	outgroup	outgroup	outgroup	outgroup	outgroup	na	f	Panama	na	na	na	na	na	yes	PRJNA324415 • SRP081917	SRR4032098	SRS1618097	SAMN05224186 	Complex modular architecture around a simple toolkit of wing pattern genes	DOI: 10.1038/s41559-016-0052 | www.nature.com/natecolevol	ncbi	yes	81.6	yes	16.957317	0.227376	26.2145	yes	no	sara	sara
sara8	sara	na	outgroup	outgroup	outgroup	outgroup	outgroup	m	m	Suriname	Brokopondo	na	na	na	na	yes	PRJNA324415 • SRP081917 	SRR4032064	SRS1618064	SAMN05224102	Complex modular architecture around a simple toolkit of wing pattern genes	DOI: 10.1038/s41559-016-0052 | www.nature.com/natecolevol	ncbi	yes	81.4	yes	16.133434	0.224909	24.0243	yes	no	sara	sara
sara6	sara	veraepacis	outgroup	outgroup	outgroup	outgroup	outgroup	na	f	na	na	na	na	na	na	yes	PRJNA308754 • SRP068426	SRR3103857	SRS1249565	SAMN04412545 	Genome-wide introgression among distantly related Heliconius butterfly species	DOI 10.1186/s13059-016-0889-0	ncbi	yes	81.6	yes	16.957317	0.227376	26.2145	no (identical to sara7)	no	relative	relative
telesiphe1	telesiphe	na	outgroup	outgroup	outgroup	outgroup	outgroup	na	m	Ecuador	El Topo, Ecuador	na	na	na	na	yes	PRJEB11772 • ERP013182	ERR1307124	ERS1061652	SAMEA3874518	Natural Selection and Genetic Diversity in the Butterfly Heliconius eratoomene	https://doi.org/10.1534/genetics.115.183285	ncbi	yes	90	yes	8.51696	0.224306	10.711	yes	no	telesiphe	telesiphe
telesiphe10	telesiphe	na	outgroup	outgroup	outgroup	outgroup	outgroup	na	m	na	na	na	na	na	na	yes	PRJEB35570 • ERP118642	ERR6503507	ERS7262944	SAMEA9540172	Repeated genetic adaptation to altitude in two tropical butterflies	https://doi.org/10.1038/s41467-022-32316-x	ncbi	yes	96.8	yes	4.156174	0.276679	5.83953	yes	no	telesiphe	telesiphe
telesiphe3	telesiphe	na	outgroup	outgroup	outgroup	outgroup	outgroup	m	m	Peru	Mina Negra	na	na	na	na	yes	PRJNA324415 • SRP081917	SRR4032081	SRS1618081	SAMN05224171	Complex modular architecture around a simple toolkit of wing pattern genes	DOI: 10.1038/s41559-016-0052 | www.nature.com/natecolevol	ncbi	yes	89.5	yes	15.296113	0.160701	19.2574	yes	no	telesiphe	telesiphe
telesiphe4	telesiphe	na	outgroup	outgroup	outgroup	outgroup	outgroup	na	m	Peru	na	na	na	na	na	yes	PRJNA532398 • SRP192060	SRR8883900	SRS4612540	SAMN11398309	Genomic architecture and introgression shape a butterfly radiation	doi: 10.1126/science.aaw2090.	ncbi	yes	96	yes	26.356975	0.160012	33.0585	yes	no	telesiphe	telesiphe
telesiphe7	telesiphe	na	outgroup	outgroup	outgroup	outgroup	outgroup	na	m	na	na	na	na	na	na	yes	PRJEB35570 • ERP118642	ERR6503432	ERS7262906	SAMEA9540134	Repeated genetic adaptation to altitude in two tropical butterflies	https://doi.org/10.1038/s41467-022-32316-x	ncbi	yes	96.7	yes	4.314528	0.268372	6.07087	yes	no	telesiphe	telesiphe
telesiphe9	telesiphe	na	outgroup	outgroup	outgroup	outgroup	outgroup	na	m	na	na	na	na	na	na	yes	PRJEB35570 • ERP118642	ERR6503505	ERS7262943	SAMEA9540171	Repeated genetic adaptation to altitude in two tropical butterflies	https://doi.org/10.1038/s41467-022-32316-x	ncbi	yes	96.2	yes	3.464714	0.286754	4.94414	yes	no	telesiphe	telesiphe
telesiphe8	telesiphe	sotericus	outgroup	outgroup	outgroup	outgroup	outgroup	na	m	na	na	na	na	na	na	yes	PRJEB35570 • ERP118642	ERR6503490	ERS7262935	SAMEA9540163	Repeated genetic adaptation to altitude in two tropical butterflies	https://doi.org/10.1038/s41467-022-32316-x	ncbi	yes	97.1	yes	3.76388	0.290472	5.41804	yes	no	telesiphe	telesiphe
telesipheCAM040276	telesiphe	sotericus	outgroup	outgroup	outgroup	outgroup	outgroup	na	m	na	na	na	na	na	na	yes	PRJEB35570 • ERP118642	ERR6503424_ERR6503425_merged	ERS7262902	SAMEA9540130	Repeated genetic adaptation to altitude in two tropical butterflies	https://doi.org/10.1038/s41467-022-32316-x	ncbi	yes	97.3	yes	7.923509	0.223071	10.5125	yes	no	telesiphe	telesiphe
hydaraSTRI353	erato	hydara	0	red band	0	0	0	na	m	request sample info	request sample info	request sample info	request sample info	na	na	no	new from this study	hydaraSTRI353_trim	new from this study	new from this study	new from this study	new from this study	local	yes	94.9	yes	14.017654	0.0461625	16.4471	no (identical twin of hydaraHE1)	no	relative	relative
estrella16HE038	erato	estrella	1	narrow yellow band	0	1	1	na	f	request sample info	request sample info	request sample info	request sample info	na	na	no	new from this study	estrella16HE038_trim	new from this study	new from this study	new from this study	new from this study	local	yes	97.8	yes	0.089446	0.930772	1.33032	yes	no	low_qual	low_qual
luscombeiKK600	erato	luscombei	1	narrow yellow band	0	1	1	na	m	request sample info	request sample info	request sample info	request sample info	na	na	no	new from this study	luscombeiKK600_trim	new from this study	new from this study	new from this study	new from this study	local	yes	76.9	yes	6.692285	0.0660576	7.98021	yes	no	low_qual	low_qual
hydaraXamalfredaSR205	erato	hydaraXamalfreda	hybrid	hybrid	hybrid	hybrid	hybrid	na	m	request sample info	request sample info	request sample info	request sample info	na	na	no	new from this study	hydaraxamalfredaSR205_trim	new from this study	new from this study	new from this study	new from this study	local	yes	98.2	yes	13.858772	0.0454557	16.3162	no (identical twin of hydaraSR205 )	no	relative	relative
amalfredaPF265	erato	amalfreda	1	broken yellow band	1	1	0	na	m	request sample info	request sample info	request sample info	request sample info	request sample info	request sample info	no	new from this study	amalfredaPF265_trim	new from this study	new from this study	new from this study	new from this study	local	yes	98	yes	10.546501	0.0526014	12.4329	yes	no	no_info	no_info
luscombeiSTRI2281	erato	luscombei	1	narrow yellow band	0	1	1	na	m	request sample info	request sample info	request sample info	request sample info	request sample info	request sample info	no	new from this study	K202_USPD16082431-7_H3KCCCCXY_L4	new from this study	new from this study	new from this study	new from this study	local	yes	95.8	yes	87.372983	0.0347198	102.153	yes	no	no_info	no_info
hydaraSR205	erato	hydaraXamalfreda	hybrid	hybrid	hybrid	hybrid	hybrid	na	m	request sample info	request sample info	request sample info	request sample info	request sample info	request sample info	no	new from this study	hydaraSR205_trim	new from this study	new from this study	new from this study	new from this study	local	yes	98.3	yes	22.878999	0.0390088	26.8112	yes	no	no_info	no_info