id	species	subspecies	forewing_band	st	dennis	ray	sex	genetic_sex	country	locality	latitude	longitude	dedup_bam_mapped_percent	mapping_qc_pass	genome_depth_gvcf	F_MISS_concatVCF_AG	depth_concatVCF_AG	relatedness_qc_pass	qc_exclusion_reason	included_in_main_population_structure	included_in_bpp	included_in_smcpp	genomic_cluster	geographic_local_population	published	bioproject	run	sra	biosample	publication	doi
cydnoCAM040598	cydno	alithea	cydform	0	0	0	NA	M	Ecuador	Mashpi to Pachijal 2	0.18085	-78.85322	97.8	TRUE	6.176207	0.128422	7.35321	TRUE	NA	FALSE	FALSE	FALSE	NA	NA	TRUE	PRJEB35570	ERR6503450	ERS7262915	SAMEA9540143	Repeated genetic adaptation to altitude in two tropical butterflies	https://doi.org/10.1038/s41467-022-32316-x
cydno2017	cydno	cydnides	cydform	0	0	0	NA	M	Colombia	Marsella	4.8775	-75.7103	93.8	TRUE	14.387584	0.046376	15.6639	FALSE	duplicate of cydnoCS002017	FALSE	FALSE	FALSE	NA	NA	TRUE	PRJEB21091	ERR1994778	ERS1770429	SAMEA104106536	Evolution of novel mimicry rings facilitated by adaptive introgression in tropical butterflies	https://doi.org/10.1111/mec.14277
cydnoLMUC6	cydno	cydno	cydform	0	0	0	M	M	Colombia	Manzanares	5.0643	-74.5937	94.8	TRUE	6.892841	0.0592242	7.60506	TRUE	NA	FALSE	FALSE	FALSE	NA	NA	TRUE	PRJEB69696	ERR12331293	ERS17144450	SAMEA114725221	Adaptive introgression of a visual preference gene	DOI: 10.1126/science.adj9201
cydnoC22M2075	cydno	cydno	cydform	0	0	0	NA	M	Colombia	Manzanares	7.0317	-73.0537	94.9	TRUE	11.800439	0.0606991	13.0825	FALSE	duplicate of cydnoLMUC22	FALSE	FALSE	FALSE	NA	NA	TRUE	PRJEB21091	ERR1994781	ERS1770432	SAMEA104106539	Evolution of novel mimicry rings facilitated by adaptive introgression in tropical butterflies	https://doi.org/10.1111/mec.14277
cydnoC23M2077	cydno	cydno	cydform	0	0	0	NA	M	Colombia	Manzanares	7.0317	-73.0537	93.5	TRUE	33.750297	0.0381184	35.1756	FALSE	duplicate of cydnoLMUC23	FALSE	FALSE	FALSE	NA	NA	TRUE	PRJEB21091	ERR1994782	ERS1770433	SAMEA104106540	Evolution of novel mimicry rings facilitated by adaptive introgression in tropical butterflies	https://doi.org/10.1111/mec.14277
cydno2529	cydno	weymeri	cydform	0	0	0	NA	F	Colombia	Helechaus	2.5081	-76.5867	93.6	TRUE	15.451343	0.0624655	16.7538	FALSE	duplicate of cydnoCS002529	FALSE	FALSE	FALSE	NA	NA	TRUE	PRJEB21091	ERR1994774	ERS1770425	SAMEA104106532	Evolution of novel mimicry rings facilitated by adaptive introgression in tropical butterflies	https://doi.org/10.1111/mec.14277
cydno2262	cydno	zelinde	cydform	0	0	0	NA	F	Colombia	Ladrilleros	3.93944	-77.36889	94.5	TRUE	14.463596	0.0449324	16.0272	FALSE	duplicate of cydnoCS002262	FALSE	FALSE	FALSE	NA	NA	TRUE	PRJEB21091	ERR1994786	ERS1770437	SAMEA104106544	Evolution of novel mimicry rings facilitated by adaptive introgression in tropical butterflies	https://doi.org/10.1111/mec.14277
cydnoCS001035	cydno	zelinde	cydform	0	0	0	M	M	Colombia	Ladrilleros	3.958333	-77.373333	96.3	TRUE	25.011462	0.0388478	27.3042	FALSE	parent-offspring of cydnoCS001028	FALSE	FALSE	FALSE	NA	NA	TRUE	PRJEB11772	ERR2298229	ERS2196340	SAMEA104585058	NA	NA
penelopeSR357	melpomene	penelope	broad yellow band	0	1	1	M	M	Brazil	Mato Grosso	-13.690811	-57.706051	98	TRUE	34.647132	0.0288649	35.5887	TRUE	NA	TRUE	TRUE	TRUE	AmazonEGA	Cerrado	FALSE	PRJNA1512638	penelopeSR357_trim	new from this study	new from this study	new from this study	new from this study
penelopeSR358	melpomene	penelope	broad yellow band	0	1	1	M	M	Brazil	Mato Grosso	-13.690811	-57.706051	97.9	TRUE	33.49382	0.0288635	34.4972	TRUE	NA	TRUE	TRUE	TRUE	AmazonEGA	Cerrado	TRUE	PRJEB35999	penelopeSR358_trim	ERS4212594	SAMEA6447031	Species specificity and intraspecific variation in the chemical profiles of Heliconius butterflies across a large geographic range	https://doi.org/10.1002/ece3.6079
penelopeSR361	melpomene	penelope	broad yellow band	0	1	1	M	M	Brazil	Mato Grosso	-13.690811	-57.706051	97.4	TRUE	19.398266	0.0329631	20.5279	TRUE	NA	TRUE	FALSE	TRUE	AmazonEGA	Cerrado	FALSE	PRJNA1512638	penelopeSR361_trim	new from this study	new from this study	new from this study	new from this study
penelopeSR370	melpomene	penelope	broad yellow band	0	1	1	F	F	Brazil	Mato Grosso	-13.690811	-57.706051	97.9	TRUE	27.279633	0.0301292	29.1316	TRUE	NA	TRUE	TRUE	TRUE	AmazonEGA	Cerrado	FALSE	PRJNA1512638	penelopeSR370_trim	new from this study	new from this study	new from this study	new from this study
penelopeSR381	melpomene	penelope	broad yellow band	0	1	1	M	M	Brazil	Mato Grosso	-13.68988	-57.70601	98	TRUE	22.857716	0.0311551	24.2078	TRUE	NA	TRUE	FALSE	TRUE	AmazonEGA	Cerrado	FALSE	PRJNA1512638	penelopeSR381_trim	new from this study	new from this study	new from this study	new from this study
vicinaCS004032	melpomene	vicina	broad yellow band	0	1	1	M	M	Colombia	Leticia	-4.160725	-69.974858	97.6	TRUE	6.556162	0.114193	7.53887	TRUE	NA	FALSE	FALSE	FALSE	NA	NA	TRUE	PRJEB35570	ERR3790020	ERS4212855	SAMEA6447292	Repeated genetic adaptation to altitude in two tropical butterflies	https://doi.org/10.1038/s41467-022-32316-x
vicinaCS004029	melpomene	vicina	broad yellow band	0	1	1	M	M	Colombia	Leticia	-4.160725	-69.974858	98.2	TRUE	8.094974	0.0952315	9.19626	TRUE	NA	TRUE	FALSE	TRUE	AmazonW	Rondonia	TRUE	PRJEB35570	ERR3790017	ERS4212852	SAMEA6447289	Repeated genetic adaptation to altitude in two tropical butterflies	https://doi.org/10.1038/s41467-022-32316-x
vicinaCS004031	melpomene	vicina	broad yellow band	0	1	1	F	F	Colombia	Leticia	-4.160725	-69.974858	97.8	TRUE	8.811685	0.0842095	10.0687	TRUE	NA	TRUE	FALSE	TRUE	AmazonW	Rondonia	TRUE	PRJEB35570	ERR3790019	ERS4212854	SAMEA6447291	Repeated genetic adaptation to altitude in two tropical butterflies	https://doi.org/10.1038/s41467-022-32316-x
vicinaCS004035	melpomene	vicina	broad yellow band	0	1	1	M	M	Colombia	Leticia	-4.160725	-69.974858	96.6	TRUE	16.015095	0.0337449	17.1719	TRUE	NA	TRUE	TRUE	TRUE	AmazonW	Rondonia	TRUE	PRJEB35570	ERR9956604	ERS12363757	SAMEA110266140	Repeated genetic adaptation to altitude in two tropical butterflies	https://doi.org/10.1038/s41467-022-32316-x
merianaCAM013819	melpomene	meriana	broken yellow band	1	1	0	M	F	French Guiana	Maripasoula	3.66888889	-54.064722	93.8	TRUE	15.738086	0.154707	18.5318	TRUE	NA	TRUE	FALSE	FALSE	AmazonEGA	Guiana	TRUE	PRJEB8011	ERR1143603_ERR3653533_merged	ERS977703	SAMEA3670554	Evolutionary Novelty in a Butterfly Wing Pattern through Enhancer Shuffling	https://doi.org/10.1371/journal.pbio.1002353
merianaCAM013715	melpomene	meriana	broken yellow band	1	1	0	M	M	French Guiana	Maripasoula	3.66888889	-54.064722	52.7	FALSE	NA	NA	NA	NA	mapping_qc_failure	FALSE	FALSE	FALSE	NA	NA	TRUE	PRJEB8011	ERR1143604_ERR3653532_merged	ERS977704	SAMEA3670555	Evolutionary Novelty in a Butterfly Wing Pattern through Enhancer Shuffling	https://doi.org/10.1371/journal.pbio.1002353
thelxiopeiaCAM013566	melpomene	thelxiopeia	broken yellow band	1	1	1	M	M	French Guiana	Maripasoula	3.655556	-54.039167	82.4	TRUE	17.932131	0.0395844	18.6097	TRUE	NA	TRUE	FALSE	TRUE	AmazonEGA	Guiana	TRUE	PRJEB8011	ERR1143608	ERS977708	SAMEA3670559	Evolutionary Novelty in a Butterfly Wing Pattern through Enhancer Shuffling	https://doi.org/10.1371/journal.pbio.1002353
thelxiopeKK156	melpomene	thelxiope	broken yellow band	1	1	1	F	F	Brazil	Belem	-1.56083	-46.8554	96.9	TRUE	22.750806	0.0309433	24.4192	TRUE	NA	TRUE	FALSE	TRUE	AmazonEGA	Para	FALSE	PRJNA1512638	KK156_KD17030568-5_HJMFWALXX_L8	new from this study	new from this study	new from this study	new from this study
thelxiopeKK157	melpomene	thelxiope	broken yellow band	1	1	1	M	M	Brazil	Belem	-1.56083	-46.8554	97	TRUE	24.410525	0.0304548	25.8839	TRUE	NA	TRUE	TRUE	TRUE	AmazonEGA	Para	FALSE	PRJNA1512638	KK157_KD17030568-6_HJMFWALXX_L8	new from this study	new from this study	new from this study	new from this study
thelxiopeKK158	melpomene	thelxiope	broken yellow band	1	1	1	F	F	Brazil	Belem	-1.56083	-46.8554	97.1	TRUE	20.474716	0.0313846	22.121	TRUE	NA	TRUE	FALSE	FALSE	AmazonEGA	Para	FALSE	PRJNA1512638	KK158_KD17030567-5_HJMFWALXX_L7	new from this study	new from this study	new from this study	new from this study
thelxiopeKK231	melpomene	thelxiope	broken yellow band	1	1	1	M	M	Brazil	Belem	-1.468203	-48.440141	96.9	TRUE	21.749091	0.0314512	23.0129	TRUE	NA	TRUE	FALSE	TRUE	AmazonEGA	Para	FALSE	PRJNA1512638	KK231_KD17030567-6_HJMFWALXX_L7	new from this study	new from this study	new from this study	new from this study
thelxiopeKK290	melpomene	thelxiope	broken yellow band	1	1	1	F	M	Brazil	Braganca	-1.070209	-46.744825	97.5	TRUE	21.656514	0.0313163	22.9008	TRUE	NA	TRUE	FALSE	FALSE	AmazonEGA	Para	FALSE	PRJNA1512638	KK290_KD17030568-4_HJMFWALXX_L8	new from this study	new from this study	new from this study	new from this study
thelxiopeKK294	melpomene	thelxiope	broken yellow band	1	1	1	M	M	Brazil	Braganca	-1.070209	-46.744825	97.4	TRUE	19.718077	0.0327458	20.7774	TRUE	NA	TRUE	FALSE	FALSE	AmazonEGA	Para	FALSE	PRJNA1512638	KK294_KD17030567-4_HJMFWALXX_L7	new from this study	new from this study	new from this study	new from this study
madeiraSR110	melpomene	madeira	broken yellow band	1	1	1	M	M	Brazil	Santarem	-4.07373	-54.84648	97.8	TRUE	14.520446	0.0368604	15.3824	TRUE	NA	TRUE	TRUE	TRUE	AmazonEGA	Xingu	FALSE	PRJNA1512638	madeiraSR110_trim	new from this study	new from this study	new from this study	new from this study
madeiraSR130	melpomene	madeira	broken yellow band	1	1	1	F	F	Brazil	Santarem	-4.07373	-54.84648	98.1	TRUE	20.926312	0.0317475	22.3178	TRUE	NA	TRUE	TRUE	TRUE	AmazonEGA	Xingu	FALSE	PRJNA1512638	madeiraSR130_trim	new from this study	new from this study	new from this study	new from this study
madeiraSR133	melpomene	madeira	broken yellow band	1	1	1	F	F	Brazil	Santarem	-4.07373	-54.84648	98.1	TRUE	19.436671	0.0324902	20.8112	TRUE	NA	TRUE	TRUE	TRUE	AmazonEGA	Xingu	FALSE	PRJNA1512638	madeiraSR133_trim	new from this study	new from this study	new from this study	new from this study
madeiraSR5	melpomene	madeira	broken yellow band	1	1	1	M	M	Brazil	Santarem	-4.06642	-54.84653	97.8	TRUE	28.3331	0.0298744	29.5217	TRUE	NA	TRUE	TRUE	TRUE	AmazonEGA	Xingu	FALSE	PRJNA1512638	madeiraSR5_trim	new from this study	new from this study	new from this study	new from this study
thelxiopeKK288	melpomene	thelxiope	broken yellow band	1	1	1	M	M	Brazil	Braganca	-1.070209	-46.744825	97.2	TRUE	23.28321	0.030973	24.5558	TRUE	NA	TRUE	FALSE	TRUE	AmazonEGA	Para	TRUE	PRJEB35999	KK288_KD17030567-2_HJMFWALXX_L7	ERS4257638	SAMEA6493176	Species specificity and intraspecific variation in the chemical profiles of Heliconius butterflies across a large geographic range	https://doi.org/10.1002/ece3.6079
madeiraSR391	melpomene	madeira	broken yellow band	1	1	1	M	M	Brazil	Santarem	-4.06642	-54.84653	98	TRUE	32.57112	0.0294534	33.5326	TRUE	NA	TRUE	TRUE	TRUE	AmazonEGA	Xingu	TRUE	PRJEB35999	madeiraSR391_trim	ERS4212592	SAMEA6447029	Species specificity and intraspecific variation in the chemical profiles of Heliconius butterflies across a large geographic range	https://doi.org/10.1002/ece3.6079
thelxiopeKK101	melpomene	thelxiope	broken yellow band	1	1	1	NA	M	request sample info	NA	NA	NA	72.4	FALSE	NA	NA	NA	NA	erato mis-id	FALSE	FALSE	FALSE	NA	NA	FALSE	PRJNA1512638	KK101_KD17030569-4_HH2N7ALXX_L5	new from this study	new from this study	new from this study	new from this study
thelxiopeKK174	melpomene	thelxiope	broken yellow band	1	1	1	NA	M	request sample info	NA	NA	NA	76.1	FALSE	NA	NA	NA	NA	erato mis-id	FALSE	FALSE	FALSE	NA	NA	FALSE	PRJNA1512638	KK174_KD17030569-2_HH2N7ALXX_L5	new from this study	new from this study	new from this study	new from this study
thelxiopeKK175	melpomene	thelxiope	broken yellow band	1	1	1	NA	M	request sample info	NA	NA	NA	73.9	FALSE	NA	NA	NA	NA	erato mis-id	FALSE	FALSE	FALSE	NA	NA	FALSE	PRJNA1512638	KK175_KD17030568-2_HJMFWALXX_L8	new from this study	new from this study	new from this study	new from this study
plesseniCAM009156	melpomene	plesseni	double_band	1	0	0	F	F	Ecuador	Ambato	-1.3980556	-78.178056	91.7	TRUE	13.866458	0.0508863	14.8716	TRUE	NA	TRUE	FALSE	FALSE	AmazonW	Napo	TRUE	PRJEB8011	ERR1143605	ERS977705	SAMEA3670556	Evolutionary Novelty in a Butterfly Wing Pattern through Enhancer Shuffling	https://doi.org/10.1371/journal.pbio.1002353
plesseniCAM016293	melpomene	plesseni	double_band	1	0	0	F	F	Ecuador	Tena	-1.2758333	-78.043611	88.8	TRUE	25.043255	0.0980529	25.0577	TRUE	NA	TRUE	TRUE	FALSE	AmazonW	Napo	TRUE	PRJEB8011	ERR1143606	ERS977706	SAMEA3670557	Evolutionary Novelty in a Butterfly Wing Pattern through Enhancer Shuffling	https://doi.org/10.1371/journal.pbio.1002353
plesseniRHO236	melpomene	plesseni	double_band	1	0	0	M	M	Ecuador	Mira	0.5496675974	-78.04265472	94.2	TRUE	12.123993	0.0392108	12.9567	TRUE	NA	TRUE	FALSE	FALSE	AmazonW	Napo	TRUE	PRJNA485723	SRR7702548	SRS3676565	SAMN09813432	NA	NA
plesseniRHO264	melpomene	plesseni	double_band	1	0	0	M	M	Ecuador	Shell	-1.499178339	-78.06215021	94.5	TRUE	12.239803	0.0386005	13.0323	TRUE	NA	TRUE	FALSE	FALSE	AmazonW	Napo	TRUE	PRJNA485723	SRR7702541	SRS3676572	SAMN09813431	NA	NA
plesseniSTRI459	melpomene	plesseni	double_band	1	0	0	M	M	Ecuador	Ambato	-1.3994	-78.1814	97.8	TRUE	21.866026	0.0323124	23.1714	TRUE	NA	TRUE	FALSE	FALSE	AmazonW	Napo	FALSE	PRJNA1512638	plesseniSTRI459_trim	new from this study	new from this study	new from this study	new from this study
plesseniSTRI460	melpomene	plesseni	double_band	1	0	0	M	M	Ecuador	Ambato	-1.3994	-78.1814	97.8	TRUE	24.381837	0.0313136	25.6827	TRUE	NA	TRUE	TRUE	FALSE	AmazonW	Napo	FALSE	PRJNA1512638	plesseniSTRI460_trim	new from this study	new from this study	new from this study	new from this study
xenocleaKK300	melpomene	xenoclea	double_band	1	0	0	F	F	Peru	Pampa Hermosa	-10.98881	-75.31081	97.2	TRUE	18.414414	0.0335564	20.0211	TRUE	NA	TRUE	FALSE	FALSE	AmazonW	Yungas	FALSE	PRJNA1512638	KK300_KD17030568-12_HJMFWALXX_L8	new from this study	new from this study	new from this study	new from this study
xenocleaKK301	melpomene	xenoclea	double_band	1	0	0	M	M	Peru	Pampa Hermosa	-10.98881	-75.31081	97.3	TRUE	25.022576	0.0299086	26.6229	TRUE	NA	TRUE	FALSE	TRUE	AmazonW	Yungas	FALSE	PRJNA1512638	KK301_KD17030568-AK66_HJMFWALXX_L8	new from this study	new from this study	new from this study	new from this study
xenocleaKK310	melpomene	xenoclea	double_band	1	0	0	M	M	Peru	Pampa Hermosa	-11.03537	-75.4071	97.2	TRUE	25.117522	0.0302287	26.7687	TRUE	NA	TRUE	FALSE	TRUE	AmazonW	Yungas	FALSE	PRJNA1512638	KK310_KD17030569-12_HH2N7ALXX_L5	new from this study	new from this study	new from this study	new from this study
xenocleaKK311	melpomene	xenoclea	double_band	1	0	0	M	M	Peru	Pampa Hermosa	-11.03537	-75.4071	97.1	TRUE	20.815747	0.03147	22.3489	TRUE	NA	TRUE	FALSE	FALSE	AmazonW	Yungas	FALSE	PRJNA1512638	KK311_KD17030567-AK66_HJMFWALXX_L7	new from this study	new from this study	new from this study	new from this study
xenocleaKK312	melpomene	xenoclea	double_band	1	0	0	M	M	Peru	Pampa Hermosa	-10.98881	-75.31081	97.1	TRUE	33.226817	0.0287252	34.66	TRUE	NA	TRUE	TRUE	TRUE	AmazonW	Yungas	FALSE	PRJNA1512638	KK312_KD17030562-7_HJMFWALXX_L2	new from this study	new from this study	new from this study	new from this study
xenocleaKK349	melpomene	xenoclea	double_band	1	0	0	F	F	Peru	Pampa Hermosa	-11.00343	-75.41957	95.9	TRUE	23.163356	0.0310448	25.2487	TRUE	NA	TRUE	FALSE	FALSE	AmazonW	Yungas	FALSE	PRJNA1512638	KK349_KD17030568-AK67_HJMFWALXX_L8	new from this study	new from this study	new from this study	new from this study
xenocleaKK309	melpomene	xenoclea	double_band	1	0	0	M	M	Peru	Pampa Hermosa	-10.98881	-75.31081	97.5	TRUE	36.219718	0.0282743	37.5653	TRUE	NA	TRUE	TRUE	TRUE	AmazonW	Yungas	TRUE	PRJEB35999	KK309_KD17030566-5_HJMFWALXX_L6	ERS4212596	SAMEA6447033	Species specificity and intraspecific variation in the chemical profiles of Heliconius butterflies across a large geographic range	https://doi.org/10.1002/ece3.6079
timareta09313	timareta	thelxinoe	red band	0	0	0	NA	M	Peru	Tarapoto	-6.3531	-76.2886	93.8	TRUE	29.066365	0.0315923	30.627	FALSE	duplicate of timaretaJM09313	FALSE	FALSE	FALSE	NA	NA	TRUE	PRJNA181177	SRR617939	SRS375887	SAMN01765585	Joe Hanly Ph.D. Thesis	NA
plesseniXmalletiCAM016042	melpomene	plesseniXmalleti	double_band	hybrid	1	0	M	M	Ecuador	Ambato	-1.3711111	-77.874444	94.8	TRUE	19.402256	0.0473867	20.2132	TRUE	NA	TRUE	FALSE	FALSE	AmazonW	Napo	TRUE	PRJEB8011	ERR1143597	ERS977697	SAMEA3670548	Evolutionary Novelty in a Butterfly Wing Pattern through Enhancer Shuffling	https://doi.org/10.1371/journal.pbio.1002353
hybrid15N354	melpomene	vulcanusXrosina	red band	hybrid	0	0	NA	F	Panama	Jaque	7.48767	-78.1273	96.4	TRUE	20.298819	0.020635	22.0942	TRUE	NA	TRUE	FALSE	FALSE	Pacific	Darien	TRUE	PRJEB32848	ERR3401293	ERS3546794	SAMEA5743506	Müllerian mimicry of a quantitative trait despite contrasting levels of genomic divergence and selection	DOI: 10.1111/mec.15460
merianaxmelpomeneKK644	melpomene	merianaXmelpomene	hybrid	hybrid	hybrid	hybrid	NA	M	Suriname	Afobaka	4.997846	-55.03165	97.1	TRUE	30.668822	0.0311895	31.7862	TRUE	NA	TRUE	TRUE	TRUE	AmazonEGA	Guiana	FALSE	PRJNA1512638	merianaxmelpomeneKK644_trim	new from this study	new from this study	new from this study	new from this study
cythera14N004	melpomene	cythera	narrow red band	0	0	0	M	M	Ecuador	Quito	0.19366	-78.8587	96.5	TRUE	1.623413	0.231127	2.11656	TRUE	NA	FALSE	FALSE	FALSE	NA	NA	TRUE	PRJEB35570	ERR9955238	ERS12363745	SAMEA110266128	Repeated genetic adaptation to altitude in two tropical butterflies	https://doi.org/10.1038/s41467-022-32316-x
cythera14N501	melpomene	cythera	narrow red band	0	0	0	M	M	Ecuador	guayllabamba	0.22022	-78.88961	97.8	TRUE	6.060069	0.116667	7.1206	TRUE	NA	FALSE	FALSE	FALSE	NA	NA	TRUE	PRJEB35570	ERR3789722	ERS4212612	SAMEA6447049	Repeated genetic adaptation to altitude in two tropical butterflies	https://doi.org/10.1038/s41467-022-32316-x
cythera14N502	melpomene	cythera	narrow red band	0	0	0	F	F	Ecuador	guayllabamba	0.22022	-78.88961	97.6	TRUE	5.868999	0.140327	7.17743	TRUE	NA	FALSE	FALSE	FALSE	NA	NA	TRUE	PRJEB35570	ERR3789723	ERS4212613	SAMEA6447050	Repeated genetic adaptation to altitude in two tropical butterflies	https://doi.org/10.1038/s41467-022-32316-x
cythera14N512	melpomene	cythera	narrow red band	0	0	0	M	M	Ecuador	guayllabamba	0.22022	-78.88961	96.3	TRUE	6.098544	0.125523	7.20759	TRUE	NA	FALSE	FALSE	FALSE	NA	NA	TRUE	PRJEB35570	ERR3789725	ERS4212615	SAMEA6447052	Repeated genetic adaptation to altitude in two tropical butterflies	https://doi.org/10.1038/s41467-022-32316-x
cythera15N036	melpomene	cythera	narrow red band	0	0	0	M	M	Ecuador	tortugo	0.17533	-78.90752	95.4	TRUE	1.340128	0.480345	2.63554	TRUE	NA	FALSE	FALSE	FALSE	NA	NA	TRUE	PRJEB35570	ERR3789729_ERR3789730_merged	ERS4212617	SAMEA6447054	Repeated genetic adaptation to altitude in two tropical butterflies	https://doi.org/10.1038/s41467-022-32316-x
cytheraCAM040382	melpomene	cythera	narrow red band	0	0	0	M	M	Ecuador	El Tortugo, P28	0.21242	-78.93855	98.5	TRUE	6.509285	0.0874602	7.4507	TRUE	NA	FALSE	FALSE	FALSE	NA	NA	TRUE	PRJEB35570	ERR3789887	ERS4212731	SAMEA6447168	Repeated genetic adaptation to altitude in two tropical butterflies	https://doi.org/10.1038/s41467-022-32316-x
cytheraCAM040383	melpomene	cythera	narrow red band	0	0	0	F	F	Ecuador	El Tortugo, P28	0.21242	-78.93855	98.2	TRUE	6.196377	0.0966097	7.29697	TRUE	NA	FALSE	FALSE	FALSE	NA	NA	TRUE	PRJEB35570	ERR3789888	ERS4212732	SAMEA6447169	Repeated genetic adaptation to altitude in two tropical butterflies	https://doi.org/10.1038/s41467-022-32316-x
cytheraCAM040384	melpomene	cythera	narrow red band	0	0	0	M	M	Ecuador	El Tortugo, P26	0.21042	-78.94159	98.6	TRUE	6.736125	0.0913037	7.74376	TRUE	NA	FALSE	FALSE	FALSE	NA	NA	TRUE	PRJEB35570	ERR3789889	ERS4212733	SAMEA6447170	Repeated genetic adaptation to altitude in two tropical butterflies	https://doi.org/10.1038/s41467-022-32316-x
cytheraCAM040456	melpomene	cythera	narrow red band	0	0	0	M	M	Ecuador	Pacto- Rio Toali, site 5	0.15376	-78.75897	98.8	TRUE	5.959425	0.103586	6.94295	TRUE	NA	FALSE	FALSE	FALSE	NA	NA	TRUE	PRJEB35570	ERR3789890	ERS4212734	SAMEA6447171	Repeated genetic adaptation to altitude in two tropical butterflies	https://doi.org/10.1038/s41467-022-32316-x
cytheraCAM040457	melpomene	cythera	narrow red band	0	0	0	M	M	Ecuador	Pacto- Rio Toali, site 5	0.15376	-78.75897	98.7	TRUE	6.771389	0.0878301	7.73483	TRUE	NA	FALSE	FALSE	FALSE	NA	NA	TRUE	PRJEB35570	ERR3789891	ERS4212735	SAMEA6447172	Repeated genetic adaptation to altitude in two tropical butterflies	https://doi.org/10.1038/s41467-022-32316-x
cytheraCAM040458	melpomene	cythera	narrow red band	0	0	0	M	M	Ecuador	Pacto- Rio Toali, site PAC4	0.15386	-78.75813	98.4	TRUE	6.488189	0.0903047	7.41049	TRUE	NA	FALSE	FALSE	FALSE	NA	NA	TRUE	PRJEB35570	ERR3789892	ERS4212736	SAMEA6447173	Repeated genetic adaptation to altitude in two tropical butterflies	https://doi.org/10.1038/s41467-022-32316-x
cytheraCAM040459	melpomene	cythera	narrow red band	0	0	0	M	M	Ecuador	Pacto- Rio Toali, site 2	0.1491	-78.75907	98.6	TRUE	6.589316	0.100365	7.64118	TRUE	NA	FALSE	FALSE	FALSE	NA	NA	TRUE	PRJEB35570	ERR3789893	ERS4212737	SAMEA6447174	Repeated genetic adaptation to altitude in two tropical butterflies	https://doi.org/10.1038/s41467-022-32316-x
cytheraCAM040474	melpomene	cythera	narrow red band	0	0	0	F	F	Ecuador	Pacto- Rio Toali, site 5	0.15376	-78.75897	98.7	TRUE	4.229826	0.137852	5.15874	TRUE	NA	FALSE	FALSE	FALSE	NA	NA	TRUE	PRJEB35570	ERR3789895	ERS4212739	SAMEA6447176	Repeated genetic adaptation to altitude in two tropical butterflies	https://doi.org/10.1038/s41467-022-32316-x
cytheraCAM040475	melpomene	cythera	narrow red band	0	0	0	F	F	Ecuador	Pacto- Rio Toali, site PAC4	0.15386	-78.75813	98.8	TRUE	4.989602	0.119255	5.9441	TRUE	NA	FALSE	FALSE	FALSE	NA	NA	TRUE	PRJEB35570	ERR3789896	ERS4212740	SAMEA6447177	Repeated genetic adaptation to altitude in two tropical butterflies	https://doi.org/10.1038/s41467-022-32316-x
cytheraCAM040516	melpomene	cythera	narrow red band	0	0	0	M	M	Ecuador	Nanegal to Marianita	0.135	-78.66544	98.3	TRUE	6.027776	0.106867	7.01087	TRUE	NA	FALSE	FALSE	FALSE	NA	NA	TRUE	PRJEB35570	ERR3789897	ERS4212741	SAMEA6447178	Repeated genetic adaptation to altitude in two tropical butterflies	https://doi.org/10.1038/s41467-022-32316-x
cytheraCAM040518	melpomene	cythera	narrow red band	0	0	0	M	M	Ecuador	Nanegal to Marianita	0.135	-78.66544	98.7	TRUE	6.490207	0.0996534	7.49029	TRUE	NA	FALSE	FALSE	FALSE	NA	NA	TRUE	PRJEB35570	ERR3789899	ERS4212743	SAMEA6447180	Repeated genetic adaptation to altitude in two tropical butterflies	https://doi.org/10.1038/s41467-022-32316-x
cytheraCAM040519	melpomene	cythera	narrow red band	0	0	0	M	M	Ecuador	Nanegal to Marianita	0.135	-78.66544	98.4	TRUE	6.420841	0.0975452	7.38861	TRUE	NA	FALSE	FALSE	FALSE	NA	NA	TRUE	PRJEB35570	ERR3789900	ERS4212744	SAMEA6447181	Repeated genetic adaptation to altitude in two tropical butterflies	https://doi.org/10.1038/s41467-022-32316-x
cytheraCAM040520	melpomene	cythera	narrow red band	0	0	0	M	M	Ecuador	Nanegal to Marianita	0.135	-78.66544	98.7	TRUE	6.870001	0.0946056	7.90687	TRUE	NA	FALSE	FALSE	FALSE	NA	NA	TRUE	PRJEB35570	ERR3789901	ERS4212745	SAMEA6447182	Repeated genetic adaptation to altitude in two tropical butterflies	https://doi.org/10.1038/s41467-022-32316-x
cytheraCAM040521	melpomene	cythera	narrow red band	0	0	0	M	M	Ecuador	Nanegal to Marianita	0.135	-78.66544	98.4	TRUE	6.792357	0.0884536	7.75119	TRUE	NA	FALSE	FALSE	FALSE	NA	NA	TRUE	PRJEB35570	ERR3789902	ERS4212746	SAMEA6447183	Repeated genetic adaptation to altitude in two tropical butterflies	https://doi.org/10.1038/s41467-022-32316-x
cytheraCAM040522	melpomene	cythera	narrow red band	0	0	0	M	M	Ecuador	Nanegal to Marianita	0.135	-78.66544	98.4	TRUE	6.017967	0.0980266	6.92139	TRUE	NA	FALSE	FALSE	FALSE	NA	NA	TRUE	PRJEB35570	ERR3789903	ERS4212747	SAMEA6447184	Repeated genetic adaptation to altitude in two tropical butterflies	https://doi.org/10.1038/s41467-022-32316-x
cytheraCAM040529	melpomene	cythera	narrow red band	0	0	0	F	F	Ecuador	Nanegal to Marianita	0.135	-78.66544	98.8	TRUE	6.387539	0.0875338	7.37961	TRUE	NA	FALSE	FALSE	FALSE	NA	NA	TRUE	PRJEB35570	ERR3789905	ERS4212749	SAMEA6447186	Repeated genetic adaptation to altitude in two tropical butterflies	https://doi.org/10.1038/s41467-022-32316-x
cytheraCAM040536	melpomene	cythera	narrow red band	0	0	0	M	M	Ecuador	Pacto to Paraiso 1	0.15135	-78.76978	98.5	TRUE	6.62115	0.0839158	7.48373	TRUE	NA	FALSE	FALSE	FALSE	NA	NA	TRUE	PRJEB35570	ERR3789907	ERS4212751	SAMEA6447188	Repeated genetic adaptation to altitude in two tropical butterflies	https://doi.org/10.1038/s41467-022-32316-x
cytheraCAM040564	melpomene	cythera	narrow red band	0	0	0	M	M	Ecuador	Pacto to Paraiso 1	0.15135	-78.76978	98.8	TRUE	6.649058	0.0896128	7.55349	TRUE	NA	FALSE	FALSE	FALSE	NA	NA	TRUE	PRJEB35570	ERR3789908	ERS4212752	SAMEA6447189	Repeated genetic adaptation to altitude in two tropical butterflies	https://doi.org/10.1038/s41467-022-32316-x
cytheraCAM040621	melpomene	cythera	narrow red band	0	0	0	F	F	Ecuador	Mashpi to Pachijal 2	0.18085	-78.85322	98.6	TRUE	5.946058	0.109288	7.05018	TRUE	NA	FALSE	FALSE	FALSE	NA	NA	TRUE	PRJEB35570	ERR3789910	ERS4212754	SAMEA6447191	Repeated genetic adaptation to altitude in two tropical butterflies	https://doi.org/10.1038/s41467-022-32316-x
cytheraCAM040622	melpomene	cythera	narrow red band	0	0	0	F	F	Ecuador	Mashpi to Pachijal 2	0.18085	-78.85322	98.4	TRUE	6.086374	0.103065	7.0601	TRUE	NA	FALSE	FALSE	FALSE	NA	NA	TRUE	PRJEB35570	ERR3789911	ERS4212755	SAMEA6447192	Repeated genetic adaptation to altitude in two tropical butterflies	https://doi.org/10.1038/s41467-022-32316-x
cytheraCAM040630	melpomene	cythera	narrow red band	0	0	0	F	F	Ecuador	Road to Mashpi (116)	0.18497	-78.85302	98.7	TRUE	6.083867	0.0985586	7.06527	TRUE	NA	FALSE	FALSE	FALSE	NA	NA	TRUE	PRJEB35570	ERR3789912	ERS4212756	SAMEA6447193	Repeated genetic adaptation to altitude in two tropical butterflies	https://doi.org/10.1038/s41467-022-32316-x
cytheraCAM040631	melpomene	cythera	narrow red band	0	0	0	F	F	Ecuador	Road to Mashpi (116)	0.18497	-78.85302	98.3	TRUE	5.711886	0.113119	6.72988	TRUE	NA	FALSE	FALSE	FALSE	NA	NA	TRUE	PRJEB35570	ERR3789913	ERS4212757	SAMEA6447194	Repeated genetic adaptation to altitude in two tropical butterflies	https://doi.org/10.1038/s41467-022-32316-x
cytheraCAM040651	melpomene	cythera	narrow red band	0	0	0	M	M	Ecuador	Pachijal to Tortugo 6	0.20829	-78.95615	98.7	TRUE	6.38689	0.100042	7.38524	TRUE	NA	FALSE	FALSE	FALSE	NA	NA	TRUE	PRJEB35570	ERR3789914	ERS4212758	SAMEA6447195	Repeated genetic adaptation to altitude in two tropical butterflies	https://doi.org/10.1038/s41467-022-32316-x
cytheraCAM040652	melpomene	cythera	narrow red band	0	0	0	M	M	Ecuador	Pachijal to Tortugo 6	0.20829	-78.95615	98.7	TRUE	6.702167	0.0910471	7.67688	TRUE	NA	FALSE	FALSE	FALSE	NA	NA	TRUE	PRJEB35570	ERR3789915	ERS4212759	SAMEA6447196	Repeated genetic adaptation to altitude in two tropical butterflies	https://doi.org/10.1038/s41467-022-32316-x
cytheraCAM040680	melpomene	cythera	narrow red band	0	0	0	M	M	Ecuador	Pachijal to Tortugo 6	0.20829	-78.95615	98.5	TRUE	5.697645	0.112348	6.65363	TRUE	NA	FALSE	FALSE	FALSE	NA	NA	TRUE	PRJEB35570	ERR3789916	ERS4212760	SAMEA6447197	Repeated genetic adaptation to altitude in two tropical butterflies	https://doi.org/10.1038/s41467-022-32316-x
cytheraMK153	melpomene	cythera	narrow red band	0	0	0	M	M	Ecuador	Tinalandia	-0.2935952499	-79.05800789	96.7	TRUE	5.27607	0.152692	6.45768	TRUE	NA	FALSE	FALSE	FALSE	NA	NA	TRUE	PRJNA485723	SRR7702543	SRS3676570	SAMN09813429	NA	NA
cythera14N038	melpomene	cythera	narrow red band	0	0	0	M	M	Ecuador	Quito	0.17533	-78.90752	96.4	TRUE	10.991572	0.0287072	11.7951	FALSE	identical twin of cythera14N039	FALSE	FALSE	FALSE	NA	NA	TRUE	PRJEB35570	ERR9955223_ERR9955243_merged	ERS12363749	SAMEA110266132	Repeated genetic adaptation to altitude in two tropical butterflies	https://doi.org/10.1038/s41467-022-32316-x
cythera14N009	melpomene	cythera	narrow red band	0	0	0	M	M	Ecuador	Quito	0.19366	-78.8587	96.3	TRUE	9.771964	0.030571	10.4619	TRUE	NA	TRUE	FALSE	TRUE	Pacific	EcuadorW	TRUE	PRJEB35570	ERR9955219_ERR9955239_merged	ERS12363746	SAMEA110266129	Repeated genetic adaptation to altitude in two tropical butterflies	https://doi.org/10.1038/s41467-022-32316-x
cythera14N023	melpomene	cythera	narrow red band	0	0	0	M	M	Ecuador	Quito	0.19366	-78.8587	96.6	TRUE	10.566714	0.0292494	11.3258	TRUE	NA	TRUE	FALSE	FALSE	Pacific	EcuadorW	TRUE	PRJEB35570	ERR9955221_ERR9955241_merged	ERS12363747	SAMEA110266130	Repeated genetic adaptation to altitude in two tropical butterflies	https://doi.org/10.1038/s41467-022-32316-x
cythera14N037	melpomene	cythera	narrow red band	0	0	0	M	M	Ecuador	Quito	0.17533	-78.90752	96.1	TRUE	9.953439	0.0298913	10.6955	TRUE	NA	TRUE	FALSE	TRUE	Pacific	EcuadorW	TRUE	PRJEB35570	ERR9955222_ERR9955242_merged	ERS12363748	SAMEA110266131	Repeated genetic adaptation to altitude in two tropical butterflies	https://doi.org/10.1038/s41467-022-32316-x
cythera14N039	melpomene	cythera	narrow red band	0	0	0	M	M	Ecuador	Quito	0.17533	-78.90752	96.5	TRUE	11.382567	0.0282359	12.2151	TRUE	NA	TRUE	FALSE	FALSE	Pacific	EcuadorW	TRUE	PRJEB35570	ERR9955224_ERR9955244_merged	ERS12363750	SAMEA110266133	Repeated genetic adaptation to altitude in two tropical butterflies	https://doi.org/10.1038/s41467-022-32316-x
cythera14N043	melpomene	cythera	narrow red band	0	0	0	M	M	Ecuador	Quito	0.17533	-78.90752	96.4	TRUE	9.13038	0.0309161	9.78638	TRUE	NA	TRUE	FALSE	TRUE	Pacific	EcuadorW	TRUE	PRJEB35570	ERR9955225_ERR9955245_merged	ERS12363751	SAMEA110266134	Repeated genetic adaptation to altitude in two tropical butterflies	https://doi.org/10.1038/s41467-022-32316-x
cythera14N044	melpomene	cythera	narrow red band	0	0	0	M	M	Ecuador	Quito	0.17533	-78.90752	96.4	TRUE	8.395669	0.0319753	9.01601	TRUE	NA	TRUE	FALSE	TRUE	Pacific	EcuadorW	TRUE	PRJEB35570	ERR9955226_ERR9955246_merged	ERS12363752	SAMEA110266135	Repeated genetic adaptation to altitude in two tropical butterflies	https://doi.org/10.1038/s41467-022-32316-x
cythera14N045	melpomene	cythera	narrow red band	0	0	0	M	M	Ecuador	Quito	0.17533	-78.90752	97	TRUE	24.417183	0.022133	26.0878	TRUE	NA	TRUE	TRUE	FALSE	Pacific	EcuadorW	TRUE	PRJEB35570	ERR9956589	ERS12363753	SAMEA110266136	Repeated genetic adaptation to altitude in two tropical butterflies	https://doi.org/10.1038/s41467-022-32316-x
cythera14N503	melpomene	cythera	narrow red band	0	0	0	F	F	Ecuador	guayllabamba	0.22022	-78.88961	94.4	TRUE	7.007586	0.0961783	8.26044	TRUE	NA	TRUE	FALSE	FALSE	Pacific	EcuadorW	TRUE	PRJEB35570	ERR3789724	ERS4212614	SAMEA6447051	Repeated genetic adaptation to altitude in two tropical butterflies	https://doi.org/10.1038/s41467-022-32316-x
cythera14N506	melpomene	cythera	narrow red band	0	0	0	F	F	Ecuador	Quito	0.17533	-78.90752	97.2	TRUE	25.672358	0.0220634	27.8799	TRUE	NA	TRUE	TRUE	FALSE	Pacific	EcuadorW	TRUE	PRJEB35570	ERR9956590	ERS12363754	SAMEA110266137	Repeated genetic adaptation to altitude in two tropical butterflies	https://doi.org/10.1038/s41467-022-32316-x
cythera14N507	melpomene	cythera	narrow red band	0	0	0	F	F	Ecuador	Quito	0.17533	-78.90752	96.9	TRUE	23.910906	0.0221856	26.2601	TRUE	NA	TRUE	TRUE	FALSE	Pacific	EcuadorW	TRUE	PRJEB35570	ERR9956591	ERS12363755	SAMEA110266138	Repeated genetic adaptation to altitude in two tropical butterflies	https://doi.org/10.1038/s41467-022-32316-x
cythera15N004	melpomene	cythera	narrow red band	0	0	0	NA	F	Ecuador	Quito	0.1753300	-78.9075200	97.6	TRUE	11.403232	0.110294	13.2613	TRUE	NA	TRUE	FALSE	FALSE	Pacific	EcuadorW	TRUE	PRJEB35570	ERR3789726_ERR3651484_merged	ERS3953822	SAMEA6153789	Repeated genetic adaptation to altitude in two tropical butterflies	https://doi.org/10.1038/s41467-022-32316-x
cythera15N009	melpomene	cythera	narrow red band	0	0	0	NA	F	Ecuador	Quito	0.1753300	-78.9075200	99	TRUE	14.7903	0.0746385	16.7973	TRUE	NA	TRUE	TRUE	FALSE	Pacific	EcuadorW	TRUE	PRJEB35570	ERR3789727_ERR3652194_merged	ERS3953826	SAMEA6153793	Repeated genetic adaptation to altitude in two tropical butterflies	https://doi.org/10.1038/s41467-022-32316-x
cythera15N038	melpomene	cythera	narrow red band	0	0	0	M	M	Ecuador	Quito	0.17533	-78.90752	97.1	TRUE	32.726431	0.0209953	34.2424	TRUE	NA	TRUE	TRUE	FALSE	Pacific	EcuadorW	TRUE	PRJEB35570	ERR9956592	ERS12363756	SAMEA110266139	Repeated genetic adaptation to altitude in two tropical butterflies	https://doi.org/10.1038/s41467-022-32316-x
cytheraCAM002856	melpomene	cythera	narrow red band	0	0	0	M	M	Ecuador	Santo Domingo	-0.3194444	-79.336944	95.5	TRUE	20.665557	0.0503543	21.8173	TRUE	NA	TRUE	TRUE	FALSE	Pacific	EcuadorW	TRUE	PRJEB8011	ERR1143591	ERS977691	SAMEA3670542	Evolutionary Novelty in a Butterfly Wing Pattern through Enhancer Shuffling	https://doi.org/10.1371/journal.pbio.1002353
cytheraCAM002857	melpomene	cythera	narrow red band	0	0	0	NA	M	Ecuador	Santo Domingo	-0.3197222	-79.336944	93.7	TRUE	7.090488	0.280333	9.13119	TRUE	NA	TRUE	FALSE	TRUE	Pacific	EcuadorW	TRUE	PRJEB8011	ERR1143592	ERS977692	SAMEA3670543	Evolutionary Novelty in a Butterfly Wing Pattern through Enhancer Shuffling	https://doi.org/10.1371/journal.pbio.1002353
cytheraCAM040460	melpomene	cythera	narrow red band	0	0	0	M	M	Ecuador	Pacto- Rio Toali, site 5	0.15376	-78.75897	98.6	TRUE	8.568366	0.0780898	9.65955	TRUE	NA	TRUE	FALSE	TRUE	Pacific	EcuadorW	TRUE	PRJEB35570	ERR3789894	ERS4212738	SAMEA6447175	Repeated genetic adaptation to altitude in two tropical butterflies	https://doi.org/10.1038/s41467-022-32316-x
cytheraCAM040517	melpomene	cythera	narrow red band	0	0	0	M	M	Ecuador	Nanegal to Marianita	0.135	-78.66544	98.5	TRUE	7.688336	0.0806435	8.72983	TRUE	NA	TRUE	FALSE	TRUE	Pacific	EcuadorW	TRUE	PRJEB35570	ERR3789898	ERS4212742	SAMEA6447179	Repeated genetic adaptation to altitude in two tropical butterflies	https://doi.org/10.1038/s41467-022-32316-x
cytheraCAM040528	melpomene	cythera	narrow red band	0	0	0	M	M	Ecuador	Nanegal to Marianita	0.135	-78.66544	98.7	TRUE	7.306488	0.0790671	8.24938	TRUE	NA	TRUE	FALSE	TRUE	Pacific	EcuadorW	TRUE	PRJEB35570	ERR3789904	ERS4212748	SAMEA6447185	Repeated genetic adaptation to altitude in two tropical butterflies	https://doi.org/10.1038/s41467-022-32316-x
cytheraCAM040535	melpomene	cythera	narrow red band	0	0	0	M	M	Ecuador	Pacto to Paraiso 1	0.15135	-78.76978	98.4	TRUE	7.894829	0.0760763	8.83797	TRUE	NA	TRUE	FALSE	TRUE	Pacific	EcuadorW	TRUE	PRJEB35570	ERR3789906	ERS4212750	SAMEA6447187	Repeated genetic adaptation to altitude in two tropical butterflies	https://doi.org/10.1038/s41467-022-32316-x
cytheraCAM040682	melpomene	cythera	narrow red band	0	0	0	F	F	Ecuador	Pachijal to Tortugo 6	0.20829	-78.95615	98.6	TRUE	7.079428	0.0850207	8.11622	TRUE	NA	TRUE	FALSE	TRUE	Pacific	EcuadorW	TRUE	PRJEB35570	ERR3789917	ERS4212761	SAMEA6447198	Repeated genetic adaptation to altitude in two tropical butterflies	https://doi.org/10.1038/s41467-022-32316-x
cytheraCAM040944	melpomene	cythera	narrow red band	0	0	0	F	F	Ecuador	Mindo to Finca Birdadvenrure 1	-0.05734	-78.7901	98.4	TRUE	7.939026	0.0786489	9.01729	TRUE	NA	TRUE	FALSE	TRUE	Pacific	EcuadorW	TRUE	PRJEB35570	ERR3789919	ERS4212763	SAMEA6447200	Repeated genetic adaptation to altitude in two tropical butterflies	https://doi.org/10.1038/s41467-022-32316-x
cytheraMK064	melpomene	cythera	narrow red band	0	0	0	M	M	Ecuador	Guaycuyacu	0.2190477171	-78.89020546	96.9	TRUE	8.861459	0.0535736	9.8118	TRUE	NA	TRUE	FALSE	TRUE	Pacific	EcuadorW	TRUE	PRJNA485723	SRR7702542	SRS3676571	SAMN09813428	NA	NA
malletiCAM020800	melpomene	malleti	narrow yellow band	0	1	1	F	F	Ecuador	Anangu Boca del Rio ECD OR	-0.502982	-76.385212	96.4	TRUE	5.486502	0.132378	6.45356	TRUE	NA	FALSE	FALSE	FALSE	NA	NA	TRUE	PRJEB35570	ERR3789869	ERS4212713	SAMEA6447150	Repeated genetic adaptation to altitude in two tropical butterflies	https://doi.org/10.1038/s41467-022-32316-x
malletiCAM020843	melpomene	malleti	narrow yellow band	0	1	1	F	F	Ecuador	Anangu Boca del Rio ECD OR	-0.502982	-76.385212	97.2	TRUE	5.920187	0.119286	6.89392	TRUE	NA	FALSE	FALSE	FALSE	NA	NA	TRUE	PRJEB35570	ERR3789870	ERS4212714	SAMEA6447151	Repeated genetic adaptation to altitude in two tropical butterflies	https://doi.org/10.1038/s41467-022-32316-x
malletiCAM040019	melpomene	malleti	narrow yellow band	0	1	1	M	M	Colombia	guzman	0.95637	-76.40855	98.3	TRUE	6.550385	0.126231	7.61704	TRUE	NA	FALSE	FALSE	FALSE	NA	NA	TRUE	PRJEB35570	ERR3789740	ERS4212618	SAMEA6447055	Repeated genetic adaptation to altitude in two tropical butterflies	https://doi.org/10.1038/s41467-022-32316-x
malletiCAM040020	melpomene	malleti	narrow yellow band	0	1	1	M	M	Colombia	guzman	0.95637	-76.40855	97.2	TRUE	4.55581	0.158572	5.38049	TRUE	NA	FALSE	FALSE	FALSE	NA	NA	TRUE	PRJEB35570	ERR3789741	ERS4212619	SAMEA6447056	Repeated genetic adaptation to altitude in two tropical butterflies	https://doi.org/10.1038/s41467-022-32316-x
malletiCAM040022	melpomene	malleti	narrow yellow band	0	1	1	M	M	Colombia	guzman	0.95637	-76.40855	97.2	TRUE	2.061321	0.398824	3.38354	TRUE	NA	FALSE	FALSE	FALSE	NA	NA	TRUE	PRJEB35570	ERR3789743_ERR3789744_merged	ERS4212621	SAMEA6447058	Repeated genetic adaptation to altitude in two tropical butterflies	https://doi.org/10.1038/s41467-022-32316-x
malletiCAM040149	melpomene	malleti	narrow yellow band	0	1	1	M	M	Colombia	guzman	0.95637	-76.40855	96.3	TRUE	4.256657	0.178257	5.11119	TRUE	NA	FALSE	FALSE	FALSE	NA	NA	TRUE	PRJEB35570	ERR3789762	ERS4212624	SAMEA6447061	Repeated genetic adaptation to altitude in two tropical butterflies	https://doi.org/10.1038/s41467-022-32316-x
malletiCAM040150	melpomene	malleti	narrow yellow band	0	1	1	M	M	Colombia	guzman	0.95637	-76.40855	96.2	TRUE	6.077873	0.148884	7.18556	TRUE	NA	FALSE	FALSE	FALSE	NA	NA	TRUE	PRJEB35570	ERR3789763	ERS4212625	SAMEA6447062	Repeated genetic adaptation to altitude in two tropical butterflies	https://doi.org/10.1038/s41467-022-32316-x
malletiCAM040171	melpomene	malleti	narrow yellow band	0	1	1	F	F	Ecuador	Puni Bocana, trail	-1.11568	-77.62902	97.8	TRUE	5.256395	0.123973	6.07833	TRUE	NA	FALSE	FALSE	FALSE	NA	NA	TRUE	PRJEB35570	ERR3789871	ERS4212715	SAMEA6447152	Repeated genetic adaptation to altitude in two tropical butterflies	https://doi.org/10.1038/s41467-022-32316-x
malletiCAM040180	melpomene	malleti	narrow yellow band	0	1	1	M	M	Ecuador	Puni Bocana, lodge	-1.10884	-77.63588	97.4	TRUE	5.221668	0.13602	6.03327	TRUE	NA	FALSE	FALSE	FALSE	NA	NA	TRUE	PRJEB35570	ERR3789872	ERS4212716	SAMEA6447153	Repeated genetic adaptation to altitude in two tropical butterflies	https://doi.org/10.1038/s41467-022-32316-x
malletiCAM040181	melpomene	malleti	narrow yellow band	0	1	1	M	M	Ecuador	Puni Bocana, lodge	-1.10884	-77.63588	96.2	TRUE	2.700476	0.281307	3.7047	TRUE	NA	FALSE	FALSE	FALSE	NA	NA	TRUE	PRJEB35570	ERR3789873	ERS4212717	SAMEA6447154	Repeated genetic adaptation to altitude in two tropical butterflies	https://doi.org/10.1038/s41467-022-32316-x
malletiCAM040183	melpomene	malleti	narrow yellow band	0	1	1	M	M	Ecuador	San Pedro de Arajuno, trail	-1.09759	-77.5893	97.9	TRUE	6.417776	0.109265	7.27727	TRUE	NA	FALSE	FALSE	FALSE	NA	NA	TRUE	PRJEB35570	ERR3789874	ERS4212718	SAMEA6447155	Repeated genetic adaptation to altitude in two tropical butterflies	https://doi.org/10.1038/s41467-022-32316-x
malletiCAM040190	melpomene	malleti	narrow yellow band	0	1	1	M	M	Ecuador	San Pedro de Arajuno, trail	-1.09759	-77.5893	95.6	TRUE	5.778265	0.136921	6.69837	TRUE	NA	FALSE	FALSE	FALSE	NA	NA	TRUE	PRJEB35570	ERR3789875	ERS4212719	SAMEA6447156	Repeated genetic adaptation to altitude in two tropical butterflies	https://doi.org/10.1038/s41467-022-32316-x
malletiCAM040192	melpomene	malleti	narrow yellow band	0	1	1	M	M	Ecuador	San Pedro de Arajuno, trail	-1.09759	-77.5893	97.5	TRUE	6.909087	0.109666	7.8031	TRUE	NA	FALSE	FALSE	FALSE	NA	NA	TRUE	PRJEB35570	ERR3789876	ERS4212720	SAMEA6447157	Repeated genetic adaptation to altitude in two tropical butterflies	https://doi.org/10.1038/s41467-022-32316-x
malletiCAM040197	melpomene	malleti	narrow yellow band	0	1	1	M	M	Ecuador	Jardin Aleman, Misahualli	-1.01035	-77.67089	98	TRUE	5.386669	0.125137	6.1896	TRUE	NA	FALSE	FALSE	FALSE	NA	NA	TRUE	PRJEB35570	ERR3789877	ERS4212721	SAMEA6447158	Repeated genetic adaptation to altitude in two tropical butterflies	https://doi.org/10.1038/s41467-022-32316-x
malletiCAM040198	melpomene	malleti	narrow yellow band	0	1	1	M	M	Ecuador	Jardin Aleman, Misahualli	-1.01035	-77.67089	96.6	TRUE	3.808241	0.181083	4.63864	TRUE	NA	FALSE	FALSE	FALSE	NA	NA	TRUE	PRJEB35570	ERR3789878	ERS4212722	SAMEA6447159	Repeated genetic adaptation to altitude in two tropical butterflies	https://doi.org/10.1038/s41467-022-32316-x
malletiCAM040222	melpomene	malleti	narrow yellow band	0	1	1	M	M	Ecuador	Jatun Satcha, jardin botanico	-1.06713	-77.62864	98	TRUE	5.964248	0.113059	6.77834	TRUE	NA	FALSE	FALSE	FALSE	NA	NA	TRUE	PRJEB35570	ERR3789879	ERS4212723	SAMEA6447160	Repeated genetic adaptation to altitude in two tropical butterflies	https://doi.org/10.1038/s41467-022-32316-x
malletiCAM040237	melpomene	malleti	narrow yellow band	0	1	1	F	M	Ecuador	Finca Narupa, bridge	-0.72516	-77.76736	98	TRUE	2.078108	0.321556	3.03416	TRUE	NA	FALSE	FALSE	FALSE	NA	NA	TRUE	PRJEB35570	ERR3789880	ERS4212724	SAMEA6447161	Repeated genetic adaptation to altitude in two tropical butterflies	https://doi.org/10.1038/s41467-022-32316-x
malletiCAM040245	melpomene	malleti	narrow yellow band	0	1	1	M	M	Ecuador	Km 119 Baeza - Lago Agrio	-0.178	-77.68167	98.3	TRUE	5.368557	0.126495	6.21191	TRUE	NA	FALSE	FALSE	FALSE	NA	NA	TRUE	PRJEB35570	ERR3789881	ERS4212725	SAMEA6447162	Repeated genetic adaptation to altitude in two tropical butterflies	https://doi.org/10.1038/s41467-022-32316-x
malletiCAM040253	melpomene	malleti	narrow yellow band	0	1	1	M	M	Ecuador	Km 119 Baeza - Lago Agrio	-0.178	-77.68167	98	TRUE	4.15675	0.158588	4.96939	TRUE	NA	FALSE	FALSE	FALSE	NA	NA	TRUE	PRJEB35570	ERR3789882	ERS4212726	SAMEA6447163	Repeated genetic adaptation to altitude in two tropical butterflies	https://doi.org/10.1038/s41467-022-32316-x
malletiCAM040281	melpomene	malleti	narrow yellow band	0	1	1	M	M	Ecuador	Baeza - Lago Agrio, Rio Salado	-0.19402	-77.70073	97.4	TRUE	2.233366	0.289311	3.1049	TRUE	NA	FALSE	FALSE	FALSE	NA	NA	TRUE	PRJEB35570	ERR3789883	ERS4212727	SAMEA6447164	Repeated genetic adaptation to altitude in two tropical butterflies	https://doi.org/10.1038/s41467-022-32316-x
malletiCAM040283	melpomene	malleti	narrow yellow band	0	1	1	M	M	Ecuador	Baeza - Lago Agrio, Rio Salado	-0.19402	-77.70073	98	TRUE	4.67071	0.144722	5.47557	TRUE	NA	FALSE	FALSE	FALSE	NA	NA	TRUE	PRJEB35570	ERR3789884	ERS4212728	SAMEA6447165	Repeated genetic adaptation to altitude in two tropical butterflies	https://doi.org/10.1038/s41467-022-32316-x
malletiCAM040284	melpomene	malleti	narrow yellow band	0	1	1	M	M	Ecuador	Baeza - Lago Agrio, Rio Salado	-0.19402	-77.70073	98.2	TRUE	2.438775	0.266531	3.30082	TRUE	NA	FALSE	FALSE	FALSE	NA	NA	TRUE	PRJEB35570	ERR3789885	ERS4212729	SAMEA6447166	Repeated genetic adaptation to altitude in two tropical butterflies	https://doi.org/10.1038/s41467-022-32316-x
malletiCAM040286	melpomene	malleti	narrow yellow band	0	1	1	M	M	Ecuador	Baeza - Lago Agrio, Rio Salado	-0.19402	-77.70073	98	TRUE	5.183114	0.131531	5.99505	TRUE	NA	FALSE	FALSE	FALSE	NA	NA	TRUE	PRJEB35570	ERR3789886	ERS4212730	SAMEA6447167	Repeated genetic adaptation to altitude in two tropical butterflies	https://doi.org/10.1038/s41467-022-32316-x
malletiCAM040287	melpomene	malleti	narrow yellow band	0	1	1	M	M	Ecuador	baeza.lagoagrio	-0.19402	-77.70073	98	TRUE	5.178179	0.140067	6.03627	TRUE	NA	FALSE	FALSE	FALSE	NA	NA	TRUE	PRJEB35570	ERR3789765	ERS4212626	SAMEA6447063	Repeated genetic adaptation to altitude in two tropical butterflies	https://doi.org/10.1038/s41467-022-32316-x
malletiCAM040288	melpomene	malleti	narrow yellow band	0	1	1	M	M	Ecuador	baeza.lagoagrio	-0.19402	-77.70073	97.5	TRUE	3.886352	0.178075	4.73403	TRUE	NA	FALSE	FALSE	FALSE	NA	NA	TRUE	PRJEB35570	ERR3789766	ERS4212629	SAMEA6447066	Repeated genetic adaptation to altitude in two tropical butterflies	https://doi.org/10.1038/s41467-022-32316-x
malletiCAM040289	melpomene	malleti	narrow yellow band	0	1	1	M	M	Ecuador	baeza.lagoagrio	-0.19402	-77.70073	97.5	TRUE	4.670503	0.155743	5.5574	TRUE	NA	FALSE	FALSE	FALSE	NA	NA	TRUE	PRJEB35570	ERR3789767	ERS4212628	SAMEA6447065	Repeated genetic adaptation to altitude in two tropical butterflies	https://doi.org/10.1038/s41467-022-32316-x
malletiCAM040708	melpomene	malleti	narrow yellow band	0	1	1	M	F	Ecuador	Reventador-Sucumbios	-0.032166	-77.52603	97.7	TRUE	4.135225	0.144363	4.93014	TRUE	NA	FALSE	FALSE	FALSE	NA	NA	TRUE	PRJEB35570	ERR3789918	ERS4212762	SAMEA6447199	Repeated genetic adaptation to altitude in two tropical butterflies	https://doi.org/10.1038/s41467-022-32316-x
malletiCAM040992	melpomene	malleti	narrow yellow band	0	1	1	F	F	Ecuador	Jatun Satcha P03	-1.06695	-77.62758	96.8	TRUE	5.721502	0.128233	6.675	TRUE	NA	FALSE	FALSE	FALSE	NA	NA	TRUE	PRJEB35570	ERR3789920	ERS4212764	SAMEA6447201	Repeated genetic adaptation to altitude in two tropical butterflies	https://doi.org/10.1038/s41467-022-32316-x
malletiCAM040999	melpomene	malleti	narrow yellow band	0	1	1	M	M	Ecuador	San Pedro de Arajuno, trail	-1.09759	-77.5893	98.3	TRUE	4.436792	0.152189	5.22146	TRUE	NA	FALSE	FALSE	FALSE	NA	NA	TRUE	PRJEB35570	ERR3789921	ERS4212765	SAMEA6447202	Repeated genetic adaptation to altitude in two tropical butterflies	https://doi.org/10.1038/s41467-022-32316-x
malletiCAM041027	melpomene	malleti	narrow yellow band	0	1	1	M	M	Ecuador	San Pedro de Arajuno, trail	-1.09759	-77.5893	97.3	TRUE	2.387141	0.288047	3.29286	TRUE	NA	FALSE	FALSE	FALSE	NA	NA	TRUE	PRJEB35570	ERR3789924	ERS4212768	SAMEA6447205	Repeated genetic adaptation to altitude in two tropical butterflies	https://doi.org/10.1038/s41467-022-32316-x
malletiCAM041048	melpomene	malleti	narrow yellow band	0	1	1	F	M	Ecuador	Road to Shalcana	-1.0558	-77.70191	98.8	TRUE	1.744449	0.412059	2.99879	TRUE	NA	FALSE	FALSE	FALSE	NA	NA	TRUE	PRJEB35570	ERR3789926	ERS4212770	SAMEA6447207	Repeated genetic adaptation to altitude in two tropical butterflies	https://doi.org/10.1038/s41467-022-32316-x
malletiCAM041052	melpomene	malleti	narrow yellow band	0	1	1	M	F	Ecuador	Road to Shalcana	-1.0558	-77.70191	98.2	TRUE	5.588107	0.133628	6.61711	TRUE	NA	FALSE	FALSE	FALSE	NA	NA	TRUE	PRJEB35570	ERR3789927	ERS4212771	SAMEA6447208	Repeated genetic adaptation to altitude in two tropical butterflies	https://doi.org/10.1038/s41467-022-32316-x
malletiCAM041053	melpomene	malleti	narrow yellow band	0	1	1	M	F	Ecuador	Road to Shalcana	-1.0558	-77.70191	97.8	TRUE	5.654484	0.130705	6.57157	TRUE	NA	FALSE	FALSE	FALSE	NA	NA	TRUE	PRJEB35570	ERR3789928	ERS4212772	SAMEA6447209	Repeated genetic adaptation to altitude in two tropical butterflies	https://doi.org/10.1038/s41467-022-32316-x
malletiCAM041060	melpomene	malleti	narrow yellow band	0	1	1	M	M	Ecuador	Road to Shalcana	-1.0558	-77.70191	97	TRUE	4.195041	0.172202	5.06715	TRUE	NA	FALSE	FALSE	FALSE	NA	NA	TRUE	PRJEB35570	ERR3789929	ERS4212773	SAMEA6447210	Repeated genetic adaptation to altitude in two tropical butterflies	https://doi.org/10.1038/s41467-022-32316-x
malletiCAM041063	melpomene	malleti	narrow yellow band	0	1	1	F	M	Ecuador	Road to Shalcana	-1.0558	-77.70191	98.2	TRUE	5.325673	0.141154	6.2382	TRUE	NA	FALSE	FALSE	FALSE	NA	NA	TRUE	PRJEB35570	ERR3789930	ERS4212774	SAMEA6447211	Repeated genetic adaptation to altitude in two tropical butterflies	https://doi.org/10.1038/s41467-022-32316-x
malletiCAM041064	melpomene	malleti	narrow yellow band	0	1	1	M	M	Ecuador	Road to Shalcana 2	-1.05912	-77.69967	98.2	TRUE	3.136772	0.223327	4.03568	TRUE	NA	FALSE	FALSE	FALSE	NA	NA	TRUE	PRJEB35570	ERR3789931	ERS4212775	SAMEA6447212	Repeated genetic adaptation to altitude in two tropical butterflies	https://doi.org/10.1038/s41467-022-32316-x
malletiCAM041100	melpomene	malleti	narrow yellow band	0	1	1	M	M	Ecuador	Reserva Narupa, bridge	-0.6838	-77.73973	98.4	TRUE	5.165571	0.140454	6.00739	TRUE	NA	FALSE	FALSE	FALSE	NA	NA	TRUE	PRJEB35570	ERR3789932	ERS4212776	SAMEA6447213	Repeated genetic adaptation to altitude in two tropical butterflies	https://doi.org/10.1038/s41467-022-32316-x
malletiCAM041159	melpomene	malleti	narrow yellow band	0	1	1	M	M	Ecuador	Limoncocha - El Carmen 2	-1.08937	-77.54254	96.1	TRUE	0.622116	0.653963	1.75636	TRUE	NA	FALSE	FALSE	FALSE	NA	NA	TRUE	PRJEB35570	ERR3789934	ERS4212778	SAMEA6447215	Repeated genetic adaptation to altitude in two tropical butterflies	https://doi.org/10.1038/s41467-022-32316-x
malletiCAM041168	melpomene	malleti	narrow yellow band	0	1	1	M	M	Ecuador	Limoncocha - El Carmen 1	-1.09256	-77.54583	98.3	TRUE	4.823063	0.139845	5.64299	TRUE	NA	FALSE	FALSE	FALSE	NA	NA	TRUE	PRJEB35570	ERR3789935	ERS4212779	SAMEA6447216	Repeated genetic adaptation to altitude in two tropical butterflies	https://doi.org/10.1038/s41467-022-32316-x
malletiCAM041178	melpomene	malleti	narrow yellow band	0	1	1	M	F	Ecuador	Limoncocha - El Carmen 1	-1.09256	-77.54583	97.5	TRUE	4.561796	0.15991	5.52429	TRUE	NA	FALSE	FALSE	FALSE	NA	NA	TRUE	PRJEB35570	ERR3789937	ERS4212781	SAMEA6447218	Repeated genetic adaptation to altitude in two tropical butterflies	https://doi.org/10.1038/s41467-022-32316-x
malletiCAM041191	melpomene	malleti	narrow yellow band	0	1	1	M	M	Ecuador	Finca Narupa	-0.73017	-77.77367	97.9	TRUE	5.38505	0.136465	6.24936	TRUE	NA	FALSE	FALSE	FALSE	NA	NA	TRUE	PRJEB35570	ERR3789940	ERS4212784	SAMEA6447221	Repeated genetic adaptation to altitude in two tropical butterflies	https://doi.org/10.1038/s41467-022-32316-x
malletiCAM041200	melpomene	malleti	narrow yellow band	0	1	1	M	M	Ecuador	Reserva Narupa, bridge	-0.6838	-77.73973	97.8	TRUE	5.998594	0.130134	6.92349	TRUE	NA	FALSE	FALSE	FALSE	NA	NA	TRUE	PRJEB35570	ERR3789942	ERS4212786	SAMEA6447223	Repeated genetic adaptation to altitude in two tropical butterflies	https://doi.org/10.1038/s41467-022-32316-x
malletiCAM041202	melpomene	malleti	narrow yellow band	0	1	1	F	F	Ecuador	Road after y in km24 Tena-Quito	-0.69241	-77.82016	98	TRUE	6.779858	0.101942	7.70023	TRUE	NA	FALSE	FALSE	FALSE	NA	NA	TRUE	PRJEB35570	ERR3789944	ERS4212788	SAMEA6447225	Repeated genetic adaptation to altitude in two tropical butterflies	https://doi.org/10.1038/s41467-022-32316-x
malletiCAM041208	melpomene	malleti	narrow yellow band	0	1	1	M	F	Ecuador	Wild Sumaco Hummingbird Trail	-0.67707	-77.59852	97.9	TRUE	5.384439	0.135549	6.34378	TRUE	NA	FALSE	FALSE	FALSE	NA	NA	TRUE	PRJEB35570	ERR3789945	ERS4212789	SAMEA6447226	Repeated genetic adaptation to altitude in two tropical butterflies	https://doi.org/10.1038/s41467-022-32316-x
malletiCAM041209	melpomene	malleti	narrow yellow band	0	1	1	M	M	Ecuador	Wild Sumaco Hummingbird Trail	-0.67707	-77.59852	98.5	TRUE	5.324413	0.1394	6.17608	TRUE	NA	FALSE	FALSE	FALSE	NA	NA	TRUE	PRJEB35570	ERR3789946	ERS4212790	SAMEA6447227	Repeated genetic adaptation to altitude in two tropical butterflies	https://doi.org/10.1038/s41467-022-32316-x
malletiCAM041210	melpomene	malleti	narrow yellow band	0	1	1	M	M	Ecuador	Wild Sumaco Hummingbird Trail	-0.67707	-77.59852	98.1	TRUE	5.486421	0.13449	6.34548	TRUE	NA	FALSE	FALSE	FALSE	NA	NA	TRUE	PRJEB35570	ERR3789947	ERS4212791	SAMEA6447228	Repeated genetic adaptation to altitude in two tropical butterflies	https://doi.org/10.1038/s41467-022-32316-x
malletiCAM041211	melpomene	malleti	narrow yellow band	0	1	1	M	M	Ecuador	Wild Sumaco Hummingbird Trail	-0.67707	-77.59852	98.5	TRUE	3.519631	0.206474	4.40973	TRUE	NA	FALSE	FALSE	FALSE	NA	NA	TRUE	PRJEB35570	ERR3789948	ERS4212792	SAMEA6447229	Repeated genetic adaptation to altitude in two tropical butterflies	https://doi.org/10.1038/s41467-022-32316-x
malletiCAM041212	melpomene	malleti	narrow yellow band	0	1	1	M	M	Ecuador	Wild Sumaco Hummingbird Trail	-0.67707	-77.59852	98.3	TRUE	4.753002	0.155246	5.64031	TRUE	NA	FALSE	FALSE	FALSE	NA	NA	TRUE	PRJEB35570	ERR3789949	ERS4212793	SAMEA6447230	Repeated genetic adaptation to altitude in two tropical butterflies	https://doi.org/10.1038/s41467-022-32316-x
malletiCAM041274	melpomene	malleti	narrow yellow band	0	1	1	F	M	Ecuador	Reventador road	-0.01876	-77.52574	97.3	TRUE	1.117777	0.482736	2.14053	TRUE	NA	FALSE	FALSE	FALSE	NA	NA	TRUE	PRJEB35570	ERR3789957	ERS4212801	SAMEA6447238	Repeated genetic adaptation to altitude in two tropical butterflies	https://doi.org/10.1038/s41467-022-32316-x
malletiCAM041275	melpomene	malleti	narrow yellow band	0	1	1	M	M	Ecuador	Reventador road	-0.01876	-77.52574	97.7	TRUE	2.545013	0.297828	3.61146	TRUE	NA	FALSE	FALSE	FALSE	NA	NA	TRUE	PRJEB35570	ERR3789958	ERS4212802	SAMEA6447239	Repeated genetic adaptation to altitude in two tropical butterflies	https://doi.org/10.1038/s41467-022-32316-x
malletiCAM120448	melpomene	malleti	narrow yellow band	0	1	1	F	F	Ecuador	Anangu Boca del Rio ECD OR	-0.502982	-76.385212	93.7	TRUE	5.684905	0.134456	6.67069	TRUE	NA	FALSE	FALSE	FALSE	NA	NA	TRUE	PRJEB35570	ERR3789961	ERS4212805	SAMEA6447242	Repeated genetic adaptation to altitude in two tropical butterflies	https://doi.org/10.1038/s41467-022-32316-x
malletiCAM120557	melpomene	malleti	narrow yellow band	0	1	1	F	F	Ecuador	Anangu Boca del Rio ECD OR	-0.502982	-76.385212	94.8	TRUE	5.643828	0.133973	6.62542	TRUE	NA	FALSE	FALSE	FALSE	NA	NA	TRUE	PRJEB35570	ERR3789962	ERS4212806	SAMEA6447243	Repeated genetic adaptation to altitude in two tropical butterflies	https://doi.org/10.1038/s41467-022-32316-x
malletiCAM120665	melpomene	malleti	narrow yellow band	0	1	1	M	M	Ecuador	Napo Wildlife Center community Anangu	-0.524246	-76.43992	95.1	TRUE	6.625223	0.119847	7.58144	TRUE	NA	FALSE	FALSE	FALSE	NA	NA	TRUE	PRJEB35570	ERR3789963	ERS4212807	SAMEA6447244	Repeated genetic adaptation to altitude in two tropical butterflies	https://doi.org/10.1038/s41467-022-32316-x
malletiCS004039	melpomene	malleti	narrow yellow band	0	1	1	F	F	Colombia	Leticia	-4.160725	-69.974858	98.1	TRUE	6.324735	0.11479	7.47172	TRUE	NA	FALSE	FALSE	FALSE	NA	NA	TRUE	PRJEB35570	ERR3790025	ERS4212860	SAMEA6447297	Repeated genetic adaptation to altitude in two tropical butterflies	https://doi.org/10.1038/s41467-022-32316-x
malletiCS004298	melpomene	malleti	narrow yellow band	0	1	1	M	M	Colombia	Escondite	0.794861	-76.584000	97.8	TRUE	6.063655	0.10868	6.86497	TRUE	NA	FALSE	FALSE	FALSE	NA	NA	TRUE	PRJEB35570	ERR3790043	ERS4212878	SAMEA6447315	Repeated genetic adaptation to altitude in two tropical butterflies	https://doi.org/10.1038/s41467-022-32316-x
intersectus16HE040	melpomene	intersectus	narrow yellow band	0	1	1	NA	M	Brazil	Ilha de Marajo	-1.66911	-50.48502	97.8	TRUE	21.432849	0.0320283	22.5178	TRUE	NA	TRUE	FALSE	FALSE	AmazonEGA	Para	FALSE	PRJNA1512638	Marajo16HE040_trim	new from this study	new from this study	new from this study	new from this study
intersectus16HE041	melpomene	intersectus	narrow yellow band	0	1	1	NA	F	Brazil	Ilha de Marajo	-1.66911	-50.48502	98	TRUE	26.70354	0.0302773	28.4792	TRUE	NA	TRUE	TRUE	TRUE	AmazonEGA	Para	FALSE	PRJNA1512638	Marajo16HE041_trim	new from this study	new from this study	new from this study	new from this study
intersectus16HE044	melpomene	intersectus	narrow yellow band	0	1	1	NA	M	Brazil	Ilha de Marajo	-1.66911	-50.48502	98.1	TRUE	33.691252	0.0290754	34.6475	TRUE	NA	TRUE	TRUE	TRUE	AmazonEGA	Para	FALSE	PRJNA1512638	Marajo16HE044_trim	new from this study	new from this study	new from this study	new from this study
intersectusKK180	melpomene	intersectus	narrow yellow band	0	1	1	M	M	Brazil	Braganca	-1.070209	-46.744825	96.2	TRUE	19.278453	0.0335818	20.4535	TRUE	NA	TRUE	FALSE	FALSE	AmazonEGA	Para	FALSE	PRJNA1512638	KK180_KD17030567-7_HJMFWALXX_L7	new from this study	new from this study	new from this study	new from this study
intersectusKK215	melpomene	intersectus	narrow yellow band	0	1	1	M	M	Brazil	Braganca	-1.070209	-46.744825	97.3	TRUE	21.636696	0.0317857	22.8925	TRUE	NA	TRUE	FALSE	FALSE	AmazonEGA	Para	FALSE	PRJNA1512638	KK215_KD17030568-7_HJMFWALXX_L8	new from this study	new from this study	new from this study	new from this study
intersectusKK292	melpomene	intersectus	narrow yellow band	0	1	1	F	M	Brazil	Braganca	-1.070209	-46.744825	94.6	TRUE	21.985543	0.0324172	23.2338	TRUE	NA	TRUE	FALSE	TRUE	AmazonEGA	Para	FALSE	PRJNA1512638	KK292_KD17030569-6_HH2N7ALXX_L5	new from this study	new from this study	new from this study	new from this study
ecuadorensisCAM009117	melpomene	ecuadorensis	narrow yellow band	0	1	1	M	M	Ecuador	Zamora	-4.0438889	-78.986111	86.5	TRUE	16.375564	0.0631387	17.4442	TRUE	NA	TRUE	FALSE	FALSE	AmazonW	Napo	TRUE	PRJEB8011	ERR1143595	ERS977695	SAMEA3670546	Evolutionary Novelty in a Butterfly Wing Pattern through Enhancer Shuffling	https://doi.org/10.1371/journal.pbio.1002353
ecuadorensisCAM009121	melpomene	ecuadorensis	narrow yellow band	0	1	1	M	M	Ecuador	Zamora	-4.0438889	-78.986111	93	TRUE	12.601668	0.185444	14.6927	TRUE	NA	TRUE	FALSE	FALSE	AmazonW	Napo	TRUE	PRJEB8011	ERR1143596	ERS977696	SAMEA3670547	Evolutionary Novelty in a Butterfly Wing Pattern through Enhancer Shuffling	https://doi.org/10.1371/journal.pbio.1002353
malletiCAM016550	melpomene	malleti	narrow yellow band	0	1	1	M	M	Ecuador	Tena	-1.0366667	-77.400833	91.3	TRUE	19.027241	0.127064	20.3818	TRUE	NA	TRUE	FALSE	FALSE	AmazonW	Napo	TRUE	PRJEB8011	ERR1143598	ERS977698	SAMEA3670549	Evolutionary Novelty in a Butterfly Wing Pattern through Enhancer Shuffling	https://doi.org/10.1371/journal.pbio.1002353
malletiCAM017162	melpomene	malleti	narrow yellow band	0	1	1	F	F	Ecuador	Tena	-1.0366667	-77.400833	77	TRUE	22.66525	0.0698342	22.575	TRUE	NA	TRUE	FALSE	FALSE	AmazonW	Napo	TRUE	PRJEB8011	ERR1143599	ERS977699	SAMEA3670550	Evolutionary Novelty in a Butterfly Wing Pattern through Enhancer Shuffling	https://doi.org/10.1371/journal.pbio.1002353
malletiCAM040021	melpomene	malleti	narrow yellow band	0	1	1	M	M	Colombia	guzman	0.95637	-76.40855	97.2	TRUE	7.472682	0.112731	8.4427	TRUE	NA	TRUE	FALSE	TRUE	AmazonW	Napo	TRUE	PRJEB35570	ERR3789742	ERS4212620	SAMEA6447057	Repeated genetic adaptation to altitude in two tropical butterflies	https://doi.org/10.1038/s41467-022-32316-x
malletiCAM040023	melpomene	malleti	narrow yellow band	0	1	1	M	M	Colombia	guzman	0.95637	-76.40855	97.5	TRUE	8.593284	0.0985854	9.70349	TRUE	NA	TRUE	FALSE	TRUE	AmazonW	Napo	TRUE	PRJEB35570	ERR3789745	ERS4212622	SAMEA6447059	Repeated genetic adaptation to altitude in two tropical butterflies	https://doi.org/10.1038/s41467-022-32316-x
malletiCAM040129	melpomene	malleti	narrow yellow band	0	1	1	M	M	Colombia	Escondite	0.79536	-76.58573	97.8	TRUE	7.04177	0.126621	8.11624	TRUE	NA	TRUE	FALSE	TRUE	AmazonW	Napo	TRUE	PRJEB35570	ERR3789761	ERS4212623	SAMEA6447060	Repeated genetic adaptation to altitude in two tropical butterflies	https://doi.org/10.1038/s41467-022-32316-x
malletiCAM040282	melpomene	malleti	narrow yellow band	0	1	1	F	F	Ecuador	baeza.lagoagrio	-0.19402	-77.70073	97	TRUE	7.110769	0.11611	8.26276	TRUE	NA	TRUE	FALSE	TRUE	AmazonW	Napo	TRUE	PRJEB35570	ERR3789764	ERS4212627	SAMEA6447064	Repeated genetic adaptation to altitude in two tropical butterflies	https://doi.org/10.1038/s41467-022-32316-x
malletiCAM041046	melpomene	malleti	narrow yellow band	0	1	1	M	M	Ecuador	San Pedro de Arajuno, trail	-1.09759	-77.5893	98.1	TRUE	7.306493	0.10626	8.29415	TRUE	NA	TRUE	FALSE	TRUE	AmazonW	Napo	TRUE	PRJEB35570	ERR3789925	ERS4212769	SAMEA6447206	Repeated genetic adaptation to altitude in two tropical butterflies	https://doi.org/10.1038/s41467-022-32316-x
malletiCAM041101	melpomene	malleti	narrow yellow band	0	1	1	M	M	Ecuador	Reserva Narupa, bridge	-0.6838	-77.73973	98.5	TRUE	9.182126	0.0910456	10.2696	TRUE	NA	TRUE	FALSE	TRUE	AmazonW	Napo	TRUE	PRJEB35570	ERR3789933	ERS4212777	SAMEA6447214	Repeated genetic adaptation to altitude in two tropical butterflies	https://doi.org/10.1038/s41467-022-32316-x
malletiCAM041176	melpomene	malleti	narrow yellow band	0	1	1	M	M	Ecuador	Limoncocha - El Carmen 1	-1.09256	-77.54583	98.3	TRUE	8.470913	0.0961654	9.46775	TRUE	NA	TRUE	FALSE	TRUE	AmazonW	Napo	TRUE	PRJEB35570	ERR3789936	ERS4212780	SAMEA6447217	Repeated genetic adaptation to altitude in two tropical butterflies	https://doi.org/10.1038/s41467-022-32316-x
malletiCAM041201	melpomene	malleti	narrow yellow band	0	1	1	M	M	Ecuador	Reserva Narupa, bridge	-0.6838	-77.73973	98.3	TRUE	7.989896	0.107652	9.07986	TRUE	NA	TRUE	FALSE	TRUE	AmazonW	Napo	TRUE	PRJEB35570	ERR3789943	ERS4212787	SAMEA6447224	Repeated genetic adaptation to altitude in two tropical butterflies	https://doi.org/10.1038/s41467-022-32316-x
malletiCS000586	melpomene	malleti	narrow yellow band	0	1	1	M	M	Colombia	Florencia	1.803333	-75.655277	95.8	TRUE	19.108331	0.0383838	19.8417	TRUE	NA	TRUE	FALSE	FALSE	AmazonW	Napo	TRUE	PRJEB11772	ERR2298250	ERS2196353	SAMEA104585071	NA	NA
malletiCS000594	melpomene	malleti	narrow yellow band	0	1	1	F	F	Colombia	Florencia	1.803333	-75.655277	94.2	TRUE	27.739512	0.0280713	29.8967	TRUE	NA	TRUE	TRUE	FALSE	AmazonW	Napo	TRUE	PRJEB11772	ERR2298251	ERS2196354	SAMEA104585072	NA	NA
malletiCS000604	melpomene	malleti	narrow yellow band	0	1	1	M	M	Colombia	Florencia	1.803333	-75.655277	94.2	TRUE	20.547011	0.0302838	21.8858	TRUE	NA	TRUE	FALSE	FALSE	AmazonW	Napo	TRUE	PRJEB11772	ERR2298252	ERS2196355	SAMEA104585073	NA	NA
malletiCS000615	melpomene	malleti	narrow yellow band	0	1	1	M	M	Colombia	Florencia	1.803333	-75.655277	96.3	TRUE	17.113474	0.033499	18.1698	TRUE	NA	TRUE	FALSE	FALSE	AmazonW	Napo	TRUE	PRJEB11772	ERR2298253	ERS2196356	SAMEA104585074	NA	NA
malletiCS001002	melpomene	malleti	narrow yellow band	0	1	1	M	M	Colombia	Florencia	1.609945	-75.590108	96.1	TRUE	18.47632	0.0328679	19.6844	TRUE	NA	TRUE	FALSE	FALSE	AmazonW	Napo	TRUE	PRJEB11772	ERR2298223	ERS2196349	SAMEA104585067	NA	NA
malletiCS001011	melpomene	malleti	narrow yellow band	0	1	1	M	M	Colombia	Florencia	1.609945	-75.590108	97	TRUE	22.616058	0.0388622	23.1164	TRUE	NA	TRUE	FALSE	FALSE	AmazonW	Napo	TRUE	PRJEB11772	ERR2298224	ERS2196350	SAMEA104585068	NA	NA
malletiCS001815	melpomene	malleti	narrow yellow band	0	1	1	M	M	Colombia	Florencia	1.803333	-75.655277	95.6	TRUE	16.831874	0.0374893	17.7566	TRUE	NA	TRUE	FALSE	FALSE	AmazonW	Napo	TRUE	PRJEB11772	ERR2298230_ERR2298231_merged	ERS2196351	SAMEA104585069	NA	NA
malletiCS21	melpomene	malleti	narrow yellow band	0	1	1	M	M	Colombia	Florencia	1.814	-75.669	95.2	TRUE	29.018629	0.0269623	30.4575	TRUE	NA	TRUE	TRUE	FALSE	AmazonW	Napo	TRUE	PRJEB11772	ERR1307111	ERS1030546	SAMEA3723397	Natural Selection and Genetic Diversity in the Butterfly Heliconius melpomene	https://doi.org/10.1534/genetics.115.183285
malletiCS22	melpomene	malleti	narrow yellow band	0	1	1	M	M	Colombia	Florencia	1.61	-75.667	95.7	TRUE	26.237265	0.0278713	27.6982	TRUE	NA	TRUE	TRUE	FALSE	AmazonW	Napo	TRUE	PRJEB11772	ERR1307112	ERS1030547	SAMEA3723398	Natural Selection and Genetic Diversity in the Butterfly Heliconius melpomene	https://doi.org/10.1534/genetics.115.183285
malletiCS24	melpomene	malleti	narrow yellow band	0	1	1	M	M	Colombia	Florencia	1.751	-75.632	95.5	TRUE	22.344919	0.028983	23.5685	TRUE	NA	TRUE	FALSE	FALSE	AmazonW	Napo	TRUE	PRJEB11772	ERR1307113	ERS1030548	SAMEA3723399	Natural Selection and Genetic Diversity in the Butterfly Heliconius melpomene	https://doi.org/10.1534/genetics.115.183285
malletiMAN314	melpomene	malleti	narrow yellow band	0	1	1	M	M	Brazil	Manaus	-3.720833	-60.35	97.8	TRUE	21.863347	0.03053	23.4004	TRUE	NA	TRUE	TRUE	TRUE	AmazonW	Rondonia	FALSE	PRJNA1512638	malletiMAN314_trim	new from this study	new from this study	new from this study	new from this study
intersectusKK291	melpomene	intersectus	narrow yellow band	0	1	1	F	M	Brazil	Braganca	-1.070209	-46.744825	97.3	TRUE	28.346472	0.029397	29.8826	TRUE	NA	TRUE	TRUE	TRUE	AmazonEGA	Para	TRUE	PRJEB35999	KK291_KD17030569-5_HH2N7ALXX_L5	ERS4257637	SAMEA6493175	Species specificity and intraspecific variation in the chemical profiles of Heliconius butterflies across a large geographic range	https://doi.org/10.1002/ece3.6079
malletiCS004030	melpomene	malleti	narrow yellow band	0	1	1	M	M	Colombia	Leticia	-4.160725	-69.974858	98.1	TRUE	9.974432	0.0815022	11.1358	TRUE	NA	TRUE	TRUE	TRUE	AmazonW	Rondonia	TRUE	PRJEB35570	ERR3790018	ERS4212853	SAMEA6447290	Repeated genetic adaptation to altitude in two tropical butterflies	https://doi.org/10.1038/s41467-022-32316-x
malletiCS004034	melpomene	malleti	narrow yellow band	0	1	1	M	M	Colombia	Leticia	-3.770083	-70.339806	98.5	TRUE	11.860731	0.0671054	13.1404	TRUE	NA	TRUE	TRUE	TRUE	AmazonW	Rondonia	TRUE	PRJEB35570	ERR3790022	ERS4212857	SAMEA6447294	Repeated genetic adaptation to altitude in two tropical butterflies	https://doi.org/10.1038/s41467-022-32316-x
malletiCS004038	melpomene	malleti	narrow yellow band	0	1	1	F	F	Colombia	Leticia	-4.160725	-69.974858	97.8	TRUE	9.463477	0.0834427	10.716	TRUE	NA	TRUE	FALSE	TRUE	AmazonW	Rondonia	TRUE	PRJEB35570	ERR3790024	ERS4212859	SAMEA6447296	Repeated genetic adaptation to altitude in two tropical butterflies	https://doi.org/10.1038/s41467-022-32316-x
schunkeiKK542	melpomene	schunkei	narrow yellow band	0	1	1	M	M	Peru	Quincemil	-13.199994	-70.765719	97.7	TRUE	20.045535	0.0323997	21.3782	TRUE	NA	TRUE	FALSE	FALSE	AmazonW	Yungas	FALSE	PRJNA1512638	schunkeiKK542_trim	new from this study	new from this study	new from this study	new from this study
cydnoCS002017	cydno	cydnides	cydform	0	0	0	NA	M	Colombia	Marsella-Risaralda	4.8775	-75.710278	93.8	TRUE	14.387808	0.046376	15.6639	TRUE	NA	TRUE	FALSE	FALSE	CTH	cyd_Cauca	TRUE	PRJEB8011	ERR1143561	ERS977661	SAMEA3670512	Evolutionary Novelty in a Butterfly Wing Pattern through Enhancer Shuffling	https://doi.org/10.1371/journal.pbio.1002353
cydnoCS9M2020	cydno	cydnides	cydform	0	0	0	NA	M	Colombia	Marsella	4.8775	-75.7103	94.5	TRUE	23.191666	0.049072	25.504	TRUE	NA	TRUE	FALSE	TRUE	CTH	cyd_Cauca	TRUE	PRJEB21091	ERR1994777	ERS1770428	SAMEA104106535	Evolution of novel mimicry rings facilitated by adaptive introgression in tropical butterflies	https://doi.org/10.1111/mec.14277
cydnoCS002018	cydno	cydnides	cydform	0	0	0	NA	M	Colombia	Marsella-Risaralda	4.8775	-75.710278	89.5	TRUE	8.893387	0.306095	11.3382	TRUE	NA	TRUE	FALSE	TRUE	CTH	cyd_Cauca	TRUE	PRJEB8011	ERR1143562	ERS977662	SAMEA3670513	Evolutionary Novelty in a Butterfly Wing Pattern through Enhancer Shuffling	https://doi.org/10.1371/journal.pbio.1002353
cydnoCS6M1911	cydno	weymeri	cydform	0	0	0	NA	M	Colombia	Helechaus	2.5081	-76.5867	94.7	TRUE	46.472103	0.0345309	48.1968	TRUE	NA	TRUE	TRUE	TRUE	CTH	cyd_Cauca	TRUE	PRJEB21091	ERR1994766	ERS1770417	SAMEA104106524	Evolution of novel mimicry rings facilitated by adaptive introgression in tropical butterflies	https://doi.org/10.1111/mec.14277
cydnoCS7M2478	cydno	weymeri	cydform	0	0	0	NA	M	Colombia	Helechaus	2.5081	-76.5867	94	TRUE	37.349337	0.0350949	39.2656	TRUE	NA	TRUE	TRUE	TRUE	CTH	cyd_Cauca	TRUE	PRJEB21091	ERR1994772	ERS1770423	SAMEA104106530	Evolution of novel mimicry rings facilitated by adaptive introgression in tropical butterflies	https://doi.org/10.1111/mec.14277
cydnoM3640	cydno	weymeri	cydform	0	0	0	NA	M	Colombia	Pance	3.3242	-76.6364	95.4	TRUE	32.706436	0.0391309	34.6515	TRUE	NA	TRUE	TRUE	TRUE	CTH	cyd_Cauca	TRUE	PRJEB21091	ERR1994769	ERS1770420	SAMEA104106527	Evolution of novel mimicry rings facilitated by adaptive introgression in tropical butterflies	https://doi.org/10.1111/mec.14277
cydnoM3639	cydno	weymeri	cydform	0	0	0	NA	M	Colombia	Pance	3.3242	-76.6364	95.3	TRUE	25.941186	0.0395469	28.088	TRUE	NA	TRUE	TRUE	TRUE	CTH	cyd_Cauca	TRUE	PRJEB21091	ERR1994776	ERS1770427	SAMEA104106534	Evolution of novel mimicry rings facilitated by adaptive introgression in tropical butterflies	https://doi.org/10.1111/mec.14277
cydnoM3635	cydno	weymeri	cydform	0	0	0	NA	M	Colombia	Pance	3.3242	-76.6364	95.8	TRUE	27.679841	0.0400163	29.8681	TRUE	NA	TRUE	TRUE	TRUE	CTH	cyd_Cauca	TRUE	PRJEB21091	ERR1994767	ERS1770418	SAMEA104106525	Evolution of novel mimicry rings facilitated by adaptive introgression in tropical butterflies	https://doi.org/10.1111/mec.14277
cydnoM3637	cydno	weymeri	cydform	0	0	0	NA	M	Colombia	Pance	3.3242	-76.6364	94.8	TRUE	25.305438	0.0404631	27.409	TRUE	NA	TRUE	FALSE	TRUE	CTH	cyd_Cauca	TRUE	PRJEB21091	ERR1994775	ERS1770426	SAMEA104106533	Evolution of novel mimicry rings facilitated by adaptive introgression in tropical butterflies	https://doi.org/10.1111/mec.14277
cydnoSTRI0061	cydno	weymeri	cydform	0	0	0	NA	M	Colombia	Pance	3.3242	-76.6364	95.3	TRUE	25.116994	0.0410481	26.7093	TRUE	NA	TRUE	FALSE	TRUE	CTH	cyd_Cauca	TRUE	PRJEB21091	ERR1994770	ERS1770421	SAMEA104106528	Evolution of novel mimicry rings facilitated by adaptive introgression in tropical butterflies	https://doi.org/10.1111/mec.14277
cydnoM3638	cydno	weymeri	cydform	0	0	0	NA	M	Colombia	Pance	3.3242	-76.6364	95.6	TRUE	24.951146	0.0422897	26.6958	TRUE	NA	TRUE	FALSE	TRUE	CTH	cyd_Cauca	TRUE	PRJEB21091	ERR1994768	ERS1770419	SAMEA104106526	Evolution of novel mimicry rings facilitated by adaptive introgression in tropical butterflies	https://doi.org/10.1111/mec.14277
cydnoCS8M2527	cydno	weymeri	cydform	0	0	0	NA	F	Colombia	Helechaus	2.5081	-76.5867	93.6	TRUE	24.99061	0.0466145	27.9246	TRUE	NA	TRUE	TRUE	TRUE	CTH	cyd_Cauca	TRUE	PRJEB21091	ERR1994773	ERS1770424	SAMEA104106531	Evolution of novel mimicry rings facilitated by adaptive introgression in tropical butterflies	https://doi.org/10.1111/mec.14277
cydnoSTRI0063	cydno	weymeri	cydform	0	0	0	NA	M	Colombia	Pance	3.3242	-76.6364	94.9	TRUE	15.44118	0.047473	17.0284	TRUE	NA	TRUE	FALSE	FALSE	CTH	cyd_Cauca	TRUE	PRJEB21091	ERR1994771	ERS1770422	SAMEA104106529	Evolution of novel mimicry rings facilitated by adaptive introgression in tropical butterflies	https://doi.org/10.1111/mec.14277
cydnoCS002529	cydno	weymeri	cydform	0	0	0	NA	F	Colombia	Helechaux	2.50805556	-76.586667	93.6	TRUE	15.446675	0.0624655	16.7539	TRUE	NA	TRUE	FALSE	TRUE	CTH	cyd_Cauca	TRUE	PRJEB8011	ERR1143564	ERS977664	SAMEA3670515	Evolutionary Novelty in a Butterfly Wing Pattern through Enhancer Shuffling	https://doi.org/10.1371/journal.pbio.1002353
cydnoCS001690	cydno	weymeri	cydform	0	0	0	NA	F	Colombia	Helechaux	2.50805556	-76.586667	91.9	TRUE	12.474772	0.188822	14.179	TRUE	NA	TRUE	FALSE	FALSE	CTH	cyd_Cauca	TRUE	PRJEB8011	ERR1143565	ERS977665	SAMEA3670516	Evolutionary Novelty in a Butterfly Wing Pattern through Enhancer Shuffling	https://doi.org/10.1371/journal.pbio.1002353
cydnoCS30M2260	cydno	zelinde	cydform	0	0	0	NA	F	Colombia	Ladrilleros	3.93944	-77.36889	94.8	TRUE	35.158016	0.0349626	37.8576	TRUE	NA	TRUE	TRUE	TRUE	CTH	cyd_ChocoS	TRUE	PRJEB21091	ERR1994785	ERS1770436	SAMEA104106543	Evolution of novel mimicry rings facilitated by adaptive introgression in tropical butterflies	https://doi.org/10.1111/mec.14277
cydnoCS001028	cydno	zelinde	cydform	0	0	0	M	M	Colombia	Ladrilleros	3.958333	-77.373333	94.2	TRUE	27.716332	0.0365689	30.0042	TRUE	NA	TRUE	TRUE	TRUE	CTH	cyd_ChocoS	TRUE	PRJEB11772	ERR2298225	ERS2196336	SAMEA104585054	NA	NA
cydnoCS1M2242	cydno	zelinde	cydform	0	0	0	NA	M	Colombia	Ladrilleros	3.93944	-77.36889	95.6	TRUE	29.278885	0.0373454	31.6657	TRUE	NA	TRUE	TRUE	TRUE	CTH	cyd_ChocoS	TRUE	PRJEB21091	ERR1994783	ERS1770434	SAMEA104106541	Evolution of novel mimicry rings facilitated by adaptive introgression in tropical butterflies	https://doi.org/10.1111/mec.14277
cydnoCS000273	cydno	zelinde	cydform	0	0	0	M	M	Colombia	Ladrilleros	3.958333	-77.373333	94.1	TRUE	21.858645	0.0382686	23.8458	TRUE	NA	TRUE	FALSE	TRUE	CTH	cyd_ChocoS	TRUE	PRJEB11772	ERR2298239	ERS2196341	SAMEA104585059	NA	NA
cydnoCS001033	cydno	zelinde	cydform	0	0	0	M	M	Colombia	Ladrilleros	3.958333	-77.373333	97.6	TRUE	23.57675	0.0429338	25.1559	TRUE	NA	TRUE	TRUE	TRUE	CTH	cyd_ChocoS	TRUE	PRJEB11772	ERR2298228	ERS2196339	SAMEA104585057	NA	NA
cydnoCS001029	cydno	zelinde	cydform	0	0	0	M	M	Colombia	Ladrilleros	3.939444	-77.368889	97.2	TRUE	20.390742	0.0441721	22.0295	TRUE	NA	TRUE	FALSE	TRUE	CTH	cyd_ChocoS	TRUE	PRJEB11772	ERR2298226	ERS2196337	SAMEA104585055	NA	NA
cydnoCS2M2261	cydno	zelinde	cydform	0	0	0	NA	M	Colombia	Ladrilleros	3.93944	-77.36889	94.6	TRUE	25.454878	0.0442153	27.9982	TRUE	NA	TRUE	TRUE	TRUE	CTH	cyd_ChocoS	TRUE	PRJEB21091	ERR1994784	ERS1770435	SAMEA104106542	Evolution of novel mimicry rings facilitated by adaptive introgression in tropical butterflies	https://doi.org/10.1111/mec.14277
cydnoCS002262	cydno	zelinde	cydform	0	0	0	F	F	Colombia	Ladrilleros	3.93944444	-77.368889	94.5	TRUE	14.462612	0.0449328	16.0272	TRUE	NA	TRUE	FALSE	TRUE	CTH	cyd_ChocoS	TRUE	PRJEB8011	ERR1143566	ERS977666	SAMEA3670517	Evolutionary Novelty in a Butterfly Wing Pattern through Enhancer Shuffling	https://doi.org/10.1371/journal.pbio.1002353
schunkeiKK543	melpomene	schunkei	narrow yellow band	0	1	1	M	M	Peru	Quincemil	-13.199994	-70.765719	97.9	TRUE	19.21714	0.032825	20.5091	TRUE	NA	TRUE	FALSE	FALSE	AmazonW	Yungas	FALSE	PRJNA1512638	schunkeiKK543_trim	new from this study	new from this study	new from this study	new from this study
malletiCS003830	melpomene	malleti	narrow yellow band	0	1	1	M	M	Colombia	Florencia	1.803333	-75.655277	3	FALSE	NA	NA	NA	NA	mapping_qc_failure	FALSE	FALSE	FALSE	NA	NA	TRUE	PRJEB11772	ERR2298249	ERS2196352	SAMEA104585070	NA	NA
cydnoCS001030	cydno	zelinde	cydform	0	0	0	M	M	Colombia	Ladrilleros	3.939444	-77.368889	97.2	TRUE	22.273854	0.0461385	23.8979	TRUE	NA	TRUE	TRUE	TRUE	CTH	cyd_ChocoS	TRUE	PRJEB11772	ERR2298227	ERS2196338	SAMEA104585056	NA	NA
cydnoCAM040599	cydno	alithea	cydform	0	0	0	NA	M	Ecuador	Mashpi to Pachijal 2	0.18085	-78.85322	97.9	TRUE	14.928945	0.0616566	16.6112	TRUE	NA	TRUE	TRUE	TRUE	CTH	cyd_EcuadorW	TRUE	PRJEB35570	ERR6503451_ERR6503452_merged	ERS7262916	SAMEA9540144	Repeated genetic adaptation to altitude in two tropical butterflies	https://doi.org/10.1038/s41467-022-32316-x
cydnoCAM040600	cydno	alithea	cydform	0	0	0	NA	M	Ecuador	Mashpi to Pachijal 2	0.18085	-78.85322	98	TRUE	15.469869	0.0628767	17.1693	TRUE	NA	TRUE	TRUE	TRUE	CTH	cyd_EcuadorW	TRUE	PRJEB35570	ERR6503453_ERR6503454_merged	ERS7262917	SAMEA9540145	Repeated genetic adaptation to altitude in two tropical butterflies	https://doi.org/10.1038/s41467-022-32316-x
cydnoCAM040601	cydno	alithea	cydform	0	0	0	NA	M	Ecuador	Mashpi to Pachijal 2	0.18085	-78.85322	97.9	TRUE	14.855496	0.0655584	16.4963	TRUE	NA	TRUE	TRUE	TRUE	CTH	cyd_EcuadorW	TRUE	PRJEB35570	ERR6503455_ERR6503456_merged	ERS7262918	SAMEA9540146	Repeated genetic adaptation to altitude in two tropical butterflies	https://doi.org/10.1038/s41467-022-32316-x
cydnoCAM040602	cydno	alithea	cydform	0	0	0	NA	M	Ecuador	Road to Mashpi (116)	0.18497	-78.85302	98.1	TRUE	14.812966	0.066282	16.5507	TRUE	NA	TRUE	TRUE	TRUE	CTH	cyd_EcuadorW	TRUE	PRJEB35570	ERR6503457_ERR6503458_merged	ERS7262919	SAMEA9540147	Repeated genetic adaptation to altitude in two tropical butterflies	https://doi.org/10.1038/s41467-022-32316-x
cydnoCAM040905	cydno	alithea	cydform	0	0	0	NA	M	Ecuador	Bilsa Biological Station	0.35917	-79.70056	97.8	TRUE	14.572387	0.0701601	16.3258	TRUE	NA	TRUE	TRUE	TRUE	CTH	cyd_EcuadorW	TRUE	PRJEB35570	ERR6503483_ERR6503484_merged	ERS7262932	SAMEA9540160	Repeated genetic adaptation to altitude in two tropical butterflies	https://doi.org/10.1038/s41467-022-32316-x
cydnoCAM040515	cydno	alithea	cydform	0	0	0	NA	M	Ecuador	Nanegal to Marianita	0.009830771242	-78.57185003	97.8	TRUE	13.971022	0.0714549	15.6358	TRUE	NA	TRUE	TRUE	TRUE	CTH	cyd_EcuadorW	TRUE	PRJEB35570	ERR6503445_ERR6503446_merged	ERS7262913	SAMEA9540141	Repeated genetic adaptation to altitude in two tropical butterflies	https://doi.org/10.1038/s41467-022-32316-x
cydnoCAM040424	cydno	alithea	cydform	0	0	0	NA	M	Ecuador	Road to Mashpi, P1	0.18497	-78.85302	96.9	TRUE	13.008963	0.0721032	14.7059	TRUE	NA	TRUE	FALSE	TRUE	CTH	cyd_EcuadorW	TRUE	PRJEB35570	ERR6503438_ERR6503439_merged	ERS7262909	SAMEA9540137	Repeated genetic adaptation to altitude in two tropical butterflies	https://doi.org/10.1038/s41467-022-32316-x
cydnoCAM040419	cydno	alithea	cydform	0	0	0	NA	M	Ecuador	Road to Mashpi 2 (116)	0.18497	-78.85302	97.7	TRUE	13.680295	0.0797732	15.4708	TRUE	NA	TRUE	FALSE	TRUE	CTH	cyd_EcuadorW	TRUE	PRJEB35570	ERR6503440_ERR6503441_merged	ERS7262910	SAMEA9540138	Repeated genetic adaptation to altitude in two tropical butterflies	https://doi.org/10.1038/s41467-022-32316-x
cydnoCAM040425	cydno	alithea	cydform	0	0	0	NA	M	Ecuador	Road to Mashpi, P1	0.18497	-78.85302	98.1	TRUE	11.35343	0.0836205	12.9434	TRUE	NA	TRUE	FALSE	TRUE	CTH	cyd_EcuadorW	TRUE	PRJEB35570	ERR6503442_ERR6503443_merged	ERS7262911	SAMEA9540139	Repeated genetic adaptation to altitude in two tropical butterflies	https://doi.org/10.1038/s41467-022-32316-x
cydnoCAM008517	cydno	alithea	cydform	0	0	0	NA	M	Ecuador	Pichincha	-0.6477778	-78.789444	92.7	TRUE	13.412625	0.100555	15.0154	TRUE	NA	TRUE	FALSE	TRUE	CTH	cyd_EcuadorW	TRUE	PRJEB8011	ERR1143559	ERS977659	SAMEA3670510	Evolutionary Novelty in a Butterfly Wing Pattern through Enhancer Shuffling	https://doi.org/10.1371/journal.pbio.1002353
cydnoCAM008509	cydno	alithea	cydform	0	0	0	NA	M	Ecuador	Pichincha	-0.6477778	-78.789444	83.2	TRUE	9.49736	0.335224	13.1419	TRUE	NA	TRUE	FALSE	TRUE	CTH	cyd_EcuadorW	TRUE	PRJEB8011	ERR1143558	ERS977658	SAMEA3670509	Evolutionary Novelty in a Butterfly Wing Pattern through Enhancer Shuffling	https://doi.org/10.1371/journal.pbio.1002353
cydnoC13M2167	cydno	cordula	cydform	0	0	0	NA	M	Venezuela	San Cristóbal	7.7989	-72.1989	94.8	TRUE	21.28286	0.0398124	23.1492	TRUE	NA	TRUE	TRUE	TRUE	CTH	cyd_Magdalena	TRUE	PRJEB21091	ERR1994779	ERS1770430	SAMEA104106537	Evolution of novel mimicry rings facilitated by adaptive introgression in tropical butterflies	https://doi.org/10.1111/mec.14277
cydnoC14M2258	cydno	cordula	cydform	0	0	0	NA	M	Venezuela	San Cristóbal	7.7989	-72.1989	94.7	TRUE	21.863029	0.0406031	23.7351	TRUE	NA	TRUE	TRUE	TRUE	CTH	cyd_Magdalena	TRUE	PRJEB21091	ERR1994780	ERS1770431	SAMEA104106538	Evolution of novel mimicry rings facilitated by adaptive introgression in tropical butterflies	https://doi.org/10.1111/mec.14277
cydnoCS002167	cydno	cordula	cydform	0	0	0	M	M	Venezuela	San Cristóbal	7.798888	-72.198888	93.6	TRUE	26.706533	0.0426438	29.0393	TRUE	NA	TRUE	TRUE	TRUE	CTH	cyd_Magdalena	TRUE	PRJEB11772	ERR2298268	ERS2196334	SAMEA104585052	NA	NA
cydnoSTRI007	cydno	cordula	cydform	0	0	0	M	M	Venezuela	San Cristobal, Venezuela	7.79888889	-72.198889	85.1	TRUE	32.176562	0.0444383	33.2117	TRUE	NA	TRUE	TRUE	TRUE	CTH	cyd_Magdalena	TRUE	PRJEB8011	ERR1143560	ERS977660	SAMEA3670511	Evolutionary Novelty in a Butterfly Wing Pattern through Enhancer Shuffling	https://doi.org/10.1371/journal.pbio.1002353
cydnoCS002258	cydno	cordula	cydform	0	0	0	M	M	Venezuela	San Cristóbal	7.798888	-72.198888	94.6	TRUE	23.352471	0.0472857	25.5554	TRUE	NA	TRUE	TRUE	TRUE	CTH	cyd_Magdalena	TRUE	PRJEB11772	ERR2298269	ERS2196335	SAMEA104585053	NA	NA
cydnoLMUC23	cydno	cydno	cydform	0	0	0	M	M	Colombia	Manzanares	5.0005	-74.3394	93.5	TRUE	33.748861	0.0381152	35.1756	TRUE	NA	TRUE	TRUE	TRUE	CTH	cyd_Magdalena	TRUE	PRJEB69696	ERR12331296	ERS17144453	SAMEA114725224	Adaptive introgression of a visual preference gene	DOI: 10.1126/science.adj9201
cydnoLMUC5	cydno	cydno	cydform	0	0	0	F	F	Colombia	Manzanares	5.0639	-74.56968	94.7	TRUE	10.16841	0.049075	11.3516	TRUE	NA	TRUE	FALSE	FALSE	CTH	cyd_Magdalena	TRUE	PRJEB69696	ERR12331292	ERS17144449	SAMEA114725220	Adaptive introgression of a visual preference gene	DOI: 10.1126/science.adj9201
cydnoLMUC4	cydno	cydno	cydform	0	0	0	M	M	Colombia	Manzanares	5.0005	-74.3394	95.5	TRUE	10.15726	0.0518927	11.2046	TRUE	NA	TRUE	FALSE	FALSE	CTH	cyd_Magdalena	TRUE	PRJEB69696	ERR12331291	ERS17144448	SAMEA114725219	Adaptive introgression of a visual preference gene	DOI: 10.1126/science.adj9201
cydnoLMU3	cydno	cydno	cydform	0	0	0	M	M	Colombia	Manzanares	5.0005	-74.3394	95.5	TRUE	8.845125	0.0536891	9.75231	TRUE	NA	TRUE	FALSE	TRUE	CTH	cyd_Magdalena	TRUE	PRJEB69696	ERR12331290	ERS17144447	SAMEA114725218	Adaptive introgression of a visual preference gene	DOI: 10.1126/science.adj9201
cydnoLMU1	cydno	cydno	cydform	0	0	0	M	M	Colombia	Manzanares	5.0005	-74.3394	95.1	TRUE	8.644292	0.0546068	9.57018	TRUE	NA	TRUE	FALSE	TRUE	CTH	cyd_Magdalena	TRUE	PRJEB69696	ERR12331288	ERS17144445	SAMEA114725216	Adaptive introgression of a visual preference gene	DOI: 10.1126/science.adj9201
cydnoLMU2	cydno	cydno	cydform	0	0	0	M	M	Colombia	Manzanares	5.0005	-74.3394	94.7	TRUE	8.074479	0.0561255	8.9437	TRUE	NA	TRUE	FALSE	TRUE	CTH	cyd_Magdalena	TRUE	PRJEB69696	ERR12331289	ERS17144446	SAMEA114725217	Adaptive introgression of a visual preference gene	DOI: 10.1126/science.adj9201
cydnoLMU7	cydno	cydno	cydform	0	0	0	M	M	Colombia	Manzanares	5.0643	-74.5937	95.3	TRUE	7.557619	0.0576794	8.35574	TRUE	NA	TRUE	FALSE	TRUE	CTH	cyd_Magdalena	TRUE	PRJEB69696	ERR12331294	ERS17144451	SAMEA114725222	Adaptive introgression of a visual preference gene	DOI: 10.1126/science.adj9201
cydnoLMUC22	cydno	cydno	cydform	0	0	0	M	M	Colombia	Manzanares	5.0005	-74.3394	94.9	TRUE	11.799848	0.0606982	13.0825	TRUE	NA	TRUE	FALSE	TRUE	CTH	cyd_Magdalena	TRUE	PRJEB69696	ERR12331295	ERS17144452	SAMEA114725223	Adaptive introgression of a visual preference gene	DOI: 10.1126/science.adj9201
cydnoCS003278	cydno	hermogenes	cydform	0	0	0	NA	M	Colombia	Santafé de los guaduales	1.40916667	-75.189444	89.2	TRUE	6.2335	0.395296	8.43328	TRUE	NA	TRUE	FALSE	TRUE	CTH	cyd_Magdalena	TRUE	PRJEB8011	ERR1143563	ERS977663	SAMEA3670514	Evolutionary Novelty in a Butterfly Wing Pattern through Enhancer Shuffling	https://doi.org/10.1371/journal.pbio.1002353
cydnoCAM000582	cydno	chioneus	cydform	0	0	0	M	M	Panama	Gamboa	9.1714	-79.7573	93.7	TRUE	20.076637	0.0410959	21.9676	TRUE	NA	TRUE	FALSE	TRUE	CTH	cyd_Panama	TRUE	PRJEB11772	ERR2298197	ERS2196327	SAMEA104585045	NA	NA
cydnoCAM000586	cydno	chioneus	cydform	0	0	0	M	M	Panama	Gamboa	9.1714	-79.7573	92.9	TRUE	18.757703	0.0428819	20.5031	TRUE	NA	TRUE	FALSE	TRUE	CTH	cyd_Panama	TRUE	PRJEB11772	ERR2298200	ERS2196330	SAMEA104585048	NA	NA
cydnoCAM025137	cydno	chioneus	cydform	0	0	0	M	F	Panama	Miramar	9.12	-79.702	94.8	TRUE	22.739254	0.0430244	24.5513	TRUE	NA	TRUE	TRUE	TRUE	CTH	cyd_Panama	TRUE	PRJEB11772	ERR2298222	ERS2196333	SAMEA104585051	NA	NA
cydnoCAM000580	cydno	chioneus	cydform	0	0	0	M	M	Panama	Gamboa	9.1714	-79.7573	93.5	TRUE	18.08013	0.0431288	19.8578	TRUE	NA	TRUE	FALSE	TRUE	CTH	cyd_Panama	TRUE	PRJEB11772	ERR2298196	ERS2196326	SAMEA104585044	NA	NA
cydnoCJ565	cydno	chioneus	cydform	0	0	0	M	M	Panama	Gamboa	9.171	-79.757	93.7	TRUE	39.397651	0.0436146	40.2403	TRUE	NA	TRUE	TRUE	TRUE	CTH	cyd_Panama	TRUE	PRJEB1749	ERR260298	ERS235662	SAMEA1919262	Genome-wide evidence for speciation with gene flow in Heliconius butterflies	http://www.genome.org/cgi/doi/10.1101/gr.159426.113.
cydnoCJ564	cydno	chioneus	cydform	0	0	0	M	M	Panama	Gamboa	9.171	-79.757	96.2	TRUE	33.116345	0.0438512	34.0523	TRUE	NA	TRUE	TRUE	TRUE	CTH	cyd_Panama	TRUE	PRJEB1749	ERR260297	ERS235661	SAMEA1919278	Genome-wide evidence for speciation with gene flow in Heliconius butterflies	http://www.genome.org/cgi/doi/10.1101/gr.159426.113.
cydnoCJ560	cydno	chioneus	cydform	0	0	0	M	M	Panama	Gamboa	9.171	-79.757	95.6	TRUE	29.612946	0.0447339	30.952	TRUE	NA	TRUE	TRUE	TRUE	CTH	cyd_Panama	TRUE	PRJEB1749	ERR260296	ERS235660	SAMEA1919265	Genome-wide evidence for speciation with gene flow in Heliconius butterflies	http://www.genome.org/cgi/doi/10.1101/gr.159426.113.
cydnoCJ553	cydno	chioneus	cydform	0	0	0	M	M	Panama	Gamboa	9.171	-79.757	94.5	TRUE	30.118143	0.0455136	31.4506	TRUE	NA	TRUE	TRUE	TRUE	CTH	cyd_Panama	TRUE	PRJEB1749	ERR260295	ERS235659	SAMEA1919256	Genome-wide evidence for speciation with gene flow in Heliconius butterflies	http://www.genome.org/cgi/doi/10.1101/gr.159426.113.
cydnoCAM025091	cydno	chioneus	cydform	0	0	0	M	F	Panama	Miramar	9.12	-79.702	95.7	TRUE	21.140773	0.0457249	22.8153	TRUE	NA	TRUE	TRUE	TRUE	CTH	cyd_Panama	TRUE	PRJEB11772	ERR2298220	ERS2196332	SAMEA104585050	NA	NA
cydnoCAM000585	cydno	chioneus	cydform	0	0	0	M	M	Panama	Gamboa	9.1714	-79.7573	97.7	TRUE	19.178389	0.0478067	20.8326	TRUE	NA	TRUE	FALSE	TRUE	CTH	cyd_Panama	TRUE	PRJEB11772	ERR2298199	ERS2196329	SAMEA104585047	NA	NA
cydnoCAM000584	cydno	chioneus	cydform	0	0	0	M	M	Panama	Gamboa	9.1714	-79.7573	95.7	TRUE	20.822009	0.0535357	22.3531	TRUE	NA	TRUE	FALSE	TRUE	CTH	cyd_Panama	TRUE	PRJEB11772	ERR2298198	ERS2196328	SAMEA104585046	NA	NA
cydnoCAM008044	cydno	chioneus	cydform	0	0	0	M	M	Panama	Miramar	8.981	-82.24	93.3	TRUE	17.787266	0.105817	19.2606	TRUE	NA	TRUE	FALSE	TRUE	CTH	cyd_Panama	TRUE	PRJEB11772	ERR2298212_ERR2298213_merged	ERS2196331	SAMEA104585049	NA	NA
cydnoc511	cydno	galanthus	cydform	0	0	0	F	F	Costa Rica	Cariblanco	10.2666667	-84.183333	93.6	TRUE	13.608201	0.0467515	15.5755	TRUE	NA	TRUE	FALSE	FALSE	CTH	cyd_Panama	TRUE	PRJNA226620	SRR1057584	SRS518826	SAMN02384446	Hybridization Reveals the Evolving Genomic Architecture of Speciation	http://dx.doi.org/10.1016/j.celrep.2013.09.042
cydnoc513	cydno	galanthus	cydform	0	0	0	M	M	Costa Rica	La Selva Biological Station	10.4333333	-83.983333	93.9	TRUE	14.078631	0.0471278	15.8782	TRUE	NA	TRUE	FALSE	FALSE	CTH	cyd_Panama	TRUE	PRJNA226620	SRR1057586	SRS518828	SAMN02384448	Hybridization Reveals the Evolving Genomic Architecture of Speciation	http://dx.doi.org/10.1016/j.celrep.2013.09.042
cydnoc614	cydno	galanthus	cydform	0	0	0	M	M	Costa Rica	Vesta	9.71666667	-83.05	94.1	TRUE	13.916056	0.0473202	15.5993	TRUE	NA	TRUE	FALSE	FALSE	CTH	cyd_Panama	TRUE	PRJNA226620	SRR1057590	SRS518832	SAMN02384452	Hybridization Reveals the Evolving Genomic Architecture of Speciation	http://dx.doi.org/10.1016/j.celrep.2013.09.042
cydnoc512	cydno	galanthus	cydform	0	0	0	M	M	Costa Rica	PN Hitoy Cerere	9.66666667	-83.033333	93.3	TRUE	13.82714	0.0473547	15.5264	TRUE	NA	TRUE	FALSE	FALSE	CTH	cyd_Panama	TRUE	PRJNA226620	SRR1057585	SRS518827	SAMN02384447	Hybridization Reveals the Evolving Genomic Architecture of Speciation	http://dx.doi.org/10.1016/j.celrep.2013.09.042
cydnoc514	cydno	galanthus	cydform	0	0	0	F	F	Costa Rica	Vesta	9.71666667	-83.05	93.9	TRUE	13.809782	0.0474168	15.7865	TRUE	NA	TRUE	FALSE	FALSE	CTH	cyd_Panama	TRUE	PRJNA226620	SRR1057587	SRS518829	SAMN02384449	Hybridization Reveals the Evolving Genomic Architecture of Speciation	http://dx.doi.org/10.1016/j.celrep.2013.09.042
cydnoc640	cydno	galanthus	cydform	0	0	0	F	F	Costa Rica	Vesta	9.71666667	-83.05	93.6	TRUE	13.659192	0.0474283	15.6271	TRUE	NA	TRUE	FALSE	FALSE	CTH	cyd_Panama	TRUE	PRJNA226620	SRR1057593	SRS518835	SAMN02384455	Hybridization Reveals the Evolving Genomic Architecture of Speciation	http://dx.doi.org/10.1016/j.celrep.2013.09.042
cydnoc515	cydno	galanthus	cydform	0	0	0	F	F	Costa Rica	Guacimo	10.2166667	-83.683333	93.8	TRUE	13.702556	0.0481856	15.6591	TRUE	NA	TRUE	FALSE	FALSE	CTH	cyd_Panama	TRUE	PRJNA226620	SRR1057588	SRS518830	SAMN02384450	Hybridization Reveals the Evolving Genomic Architecture of Speciation	http://dx.doi.org/10.1016/j.celrep.2013.09.042
cydnoc639	cydno	galanthus	cydform	0	0	0	M	M	Costa Rica	Guacimo	10.2166667	-83.683333	93.9	TRUE	13.774681	0.0485945	15.506	TRUE	NA	TRUE	FALSE	FALSE	CTH	cyd_Panama	TRUE	PRJNA226620	SRR1057592	SRS518834	SAMN02384454	Hybridization Reveals the Evolving Genomic Architecture of Speciation	http://dx.doi.org/10.1016/j.celrep.2013.09.042
cydnoc630	cydno	galanthus	cydform	0	0	0	F	F	Costa Rica	La Selva Biological Station	10.4333333	-83.983333	93.5	TRUE	12.67556	0.0488758	14.5374	TRUE	NA	TRUE	FALSE	FALSE	CTH	cyd_Panama	TRUE	PRJNA226620	SRR1057591	SRS518833	SAMN02384453	Hybridization Reveals the Evolving Genomic Architecture of Speciation	http://dx.doi.org/10.1016/j.celrep.2013.09.042
cydnoc563	cydno	galanthus	cydform	0	0	0	M	M	Costa Rica	Guapiles	10.2166667	-83.783333	93.8	TRUE	12.745099	0.0501924	14.4434	TRUE	NA	TRUE	FALSE	FALSE	CTH	cyd_Panama	TRUE	PRJNA226620	SRR1057589	SRS518831	SAMN02384451	Hybridization Reveals the Evolving Genomic Architecture of Speciation	http://dx.doi.org/10.1016/j.celrep.2013.09.042
schunkeiKK564	melpomene	schunkei	narrow yellow band	0	1	1	M	M	Peru	Quincemil	-13.199994	-70.765719	97.9	TRUE	24.135008	0.0310554	25.6771	TRUE	NA	TRUE	FALSE	FALSE	AmazonW	Yungas	FALSE	PRJNA1512638	schunkeiKK564_trim	new from this study	new from this study	new from this study	new from this study
aglaopeJM09108	melpomene	aglaope	narrow yellow band	0	1	1	M	M	Peru	Yurimaguas	-5.91	-76.226	91.9	TRUE	27.983379	0.0294979	29.0364	TRUE	NA	TRUE	FALSE	TRUE	AmazonW	Yungas	TRUE	PRJEB1749	ERR260291	ERS235655	SAMEA1919251	Genome-wide evidence for speciation with gene flow in Heliconius butterflies	http://www.genome.org/cgi/doi/10.1101/gr.159426.113.
aglaopeJM09112	melpomene	aglaope	narrow yellow band	0	1	1	M	M	Peru	Yurimaguas	-5.91	-76.226	95	TRUE	30.647158	0.0281139	32.2408	TRUE	NA	TRUE	FALSE	TRUE	AmazonW	Yungas	TRUE	PRJEB1749	ERR260292	ERS235656	SAMEA1919264	Genome-wide evidence for speciation with gene flow in Heliconius butterflies	http://www.genome.org/cgi/doi/10.1101/gr.159426.113.
aglaopeJM11569	melpomene	aglaope	narrow yellow band	0	1	1	M	M	Peru	Yurimaguas	-5.946	-76.245	94	TRUE	34.869024	0.0273105	36.2349	TRUE	NA	TRUE	TRUE	TRUE	AmazonW	Yungas	TRUE	PRJEB1749	ERR260293	ERS235657	SAMEA1919274	Genome-wide evidence for speciation with gene flow in Heliconius butterflies	http://www.genome.org/cgi/doi/10.1101/gr.159426.113.
aglaopeJM11572	melpomene	aglaope	narrow yellow band	0	1	1	M	M	Peru	Yurimaguas	-5.946	-76.247	95.1	TRUE	29.059471	0.0283765	30.4099	TRUE	NA	TRUE	FALSE	TRUE	AmazonW	Yungas	TRUE	PRJEB1749	ERR260294	ERS235658	SAMEA1919259	Genome-wide evidence for speciation with gene flow in Heliconius butterflies	http://www.genome.org/cgi/doi/10.1101/gr.159426.113.
schunkeiKK544	melpomene	schunkei	narrow yellow band	0	1	1	M	M	Peru	Quincemil	-13.199994	-70.765719	97.8	TRUE	20.853971	0.0318721	22.256	TRUE	NA	TRUE	FALSE	FALSE	AmazonW	Yungas	TRUE	PRJEB35999	schunkeiKK544_trim	ERS4212595	SAMEA6447032	Species specificity and intraspecific variation in the chemical profiles of Heliconius butterflies across a large geographic range	https://doi.org/10.1002/ece3.6079
schunkeiKK566	melpomene	schunkei	narrow yellow band	0	1	1	NA	M	request sample info	NA	NA	NA	22.4	FALSE	NA	NA	NA	NA	mapping_qc_failure	FALSE	FALSE	FALSE	NA	NA	FALSE	PRJNA1512638	schunkeiKK566_trim	new from this study	new from this study	new from this study	new from this study
bellulaCAM040044	melpomene	bellula	red band	0	0	0	M	M	Colombia	Campo	1.21812	-76.68503	95.9	TRUE	2.513546	0.346976	3.78213	TRUE	NA	FALSE	FALSE	FALSE	NA	NA	TRUE	PRJEB35570	ERR3789748_ERR3789749_merged	ERS4212602	SAMEA6447039	Repeated genetic adaptation to altitude in two tropical butterflies	https://doi.org/10.1038/s41467-022-32316-x
bellulaCAM040079	melpomene	bellula	red band	0	0	0	M	M	Colombia	Campo	1.21694	-76.68541	97.7	TRUE	6.041476	0.129237	7.03246	TRUE	NA	FALSE	FALSE	FALSE	NA	NA	TRUE	PRJEB35570	ERR3789752	ERS4212604	SAMEA6447041	Repeated genetic adaptation to altitude in two tropical butterflies	https://doi.org/10.1038/s41467-022-32316-x
bellulaCAM040081	melpomene	bellula	red band	0	0	0	M	M	Colombia	Campo	1.21694	-76.68541	98.5	TRUE	6.781577	0.116136	7.79568	TRUE	NA	FALSE	FALSE	FALSE	NA	NA	TRUE	PRJEB35570	ERR3789753	ERS4212605	SAMEA6447042	Repeated genetic adaptation to altitude in two tropical butterflies	https://doi.org/10.1038/s41467-022-32316-x
bellulaCAM040083	melpomene	bellula	red band	0	0	0	F	F	Colombia	Campo	1.21694	-76.68541	96.8	TRUE	3.726059	0.24347	4.98241	TRUE	NA	FALSE	FALSE	FALSE	NA	NA	TRUE	PRJEB35570	ERR3789754	ERS4212606	SAMEA6447043	Repeated genetic adaptation to altitude in two tropical butterflies	https://doi.org/10.1038/s41467-022-32316-x
bellulaCAM040084	melpomene	bellula	red band	0	0	0	F	F	Colombia	Campo	1.21694	-76.68541	97.3	TRUE	6.935542	0.0933663	7.89563	TRUE	NA	FALSE	FALSE	FALSE	NA	NA	TRUE	PRJEB35570	ERR3789755	ERS4212607	SAMEA6447044	Repeated genetic adaptation to altitude in two tropical butterflies	https://doi.org/10.1038/s41467-022-32316-x
bellulaCAM040085	melpomene	bellula	red band	0	0	0	M	M	Colombia	Campo	1.20687	-76.68103	96.3	TRUE	2.301766	0.378095	3.6092	TRUE	NA	FALSE	FALSE	FALSE	NA	NA	TRUE	PRJEB35570	ERR3789756	ERS4212608	SAMEA6447045	Repeated genetic adaptation to altitude in two tropical butterflies	https://doi.org/10.1038/s41467-022-32316-x
bellulaCAM040087	melpomene	bellula	red band	0	0	0	M	M	Colombia	Campo	1.21694	-76.68541	97.5	TRUE	6.291757	0.122854	7.37242	TRUE	NA	FALSE	FALSE	FALSE	NA	NA	TRUE	PRJEB35570	ERR3789757	ERS4212609	SAMEA6447046	Repeated genetic adaptation to altitude in two tropical butterflies	https://doi.org/10.1038/s41467-022-32316-x
bellulaCS000228	melpomene	bellula	red band	0	0	0	M	M	Colombia	Mocoa	1.17805556	-76.664722	94.7	TRUE	15.9737	0.0520728	16.8813	FALSE	close relative of mocoaCS17	FALSE	FALSE	FALSE	NA	NA	TRUE	PRJEB8011	ERR1143593	ERS977693	SAMEA3670544	Evolutionary Novelty in a Butterfly Wing Pattern through Enhancer Shuffling	https://doi.org/10.1371/journal.pbio.1002353
nanna10514	melpomene	nanna	red band	0	0	0	M	M	Brazil	Sao Paulo	-23.833496	-46.326633	92.6	TRUE	12.798122	0.049524	13.9758	TRUE	NA	TRUE	TRUE	TRUE	AmazonEGA	Atlantic	TRUE	PRJNA308754	SRR3101790	SRS1247716	SAMN04407968	Genome-wide introgression among distantly related Heliconius butterfly species	https://doi.org/10.1186/s13059-016-0889-0
nanna10562	melpomene	nanna	red band	0	0	0	M	F	Brazil	Sao Paulo	-23.833496	-46.326633	95.6	TRUE	17.596945	0.0472958	19.5946	TRUE	NA	TRUE	TRUE	TRUE	AmazonEGA	Atlantic	TRUE	PRJNA308754	SRR3101791_ERR3653534_merged	SRS1247719	SAMN04407969	Genome-wide introgression among distantly related Heliconius butterfly species	https://doi.org/10.1186/s13059-016-0889-0
nanna10563	melpomene	nanna	red band	0	0	0	M	M	Brazil	Sao Paulo	-23.833496	-46.326633	94.8	TRUE	16.96131	0.046188	18.4458	TRUE	NA	TRUE	TRUE	TRUE	AmazonEGA	Atlantic	TRUE	PRJNA308754	SRR3101792	SRS1247721	SAMN04407970	Genome-wide introgression among distantly related Heliconius butterfly species	https://doi.org/10.1186/s13059-016-0889-0
nanna10564	melpomene	nanna	red band	0	0	0	F	F	Brazil	Sao Paulo	-23.833496	-46.326633	95.5	TRUE	13.869616	0.0472873	15.4197	TRUE	NA	TRUE	TRUE	TRUE	AmazonEGA	Atlantic	TRUE	PRJNA308754	SRR3101794	SRS1247722	SAMN04407971	Genome-wide introgression among distantly related Heliconius butterfly species	https://doi.org/10.1186/s13059-016-0889-0
burchelliSR280	melpomene	burchelli	red band	0	0	0	M	M	Brazil	Rio Arinos	-13.81389	-56.40379	98.2	TRUE	18.697252	0.0332981	19.822	TRUE	NA	TRUE	FALSE	TRUE	AmazonEGA	Cerrado	FALSE	PRJNA1512638	burchelliSR280_trim	new from this study	new from this study	new from this study	new from this study
burchelliSR281	melpomene	burchelli	red band	0	0	0	M	M	Brazil	Rio Arinos	-13.81389	-56.40379	97.9	TRUE	45.943934	0.0276809	46.424	TRUE	NA	TRUE	TRUE	TRUE	AmazonEGA	Cerrado	TRUE	PRJEB35999	burchelliSR281_trim	ERS4212590	SAMEA6447027	Species specificity and intraspecific variation in the chemical profiles of Heliconius butterflies across a large geographic range	https://doi.org/10.1002/ece3.6079
burchelliSR282	melpomene	burchelli	red band	0	0	0	M	M	Brazil	Rio Arinos	-13.81389	-56.40379	98	TRUE	39.915701	0.0282592	40.594	TRUE	NA	TRUE	TRUE	TRUE	AmazonEGA	Cerrado	FALSE	PRJNA1512638	burchelliSR282_trim	new from this study	new from this study	new from this study	new from this study
burchelliSR393	melpomene	burchelli	red band	0	0	0	M	M	Brazil	Santarem	-4.06642	-54.84653	97.8	TRUE	26.889236	0.0302867	28.1849	TRUE	NA	TRUE	TRUE	TRUE	AmazonEGA	Cerrado	FALSE	PRJNA1512638	burchelliSR393_trim	new from this study	new from this study	new from this study	new from this study
melpomene15N328	melpomene	melpomene	red band	0	0	0	NA	M	Panama	Jaque	7.48767	-78.1273	96.2	TRUE	21.4821	0.0204385	22.8634	TRUE	NA	TRUE	FALSE	FALSE	Pacific	Darien	TRUE	PRJEB32848	ERR3401290	ERS3546791	SAMEA5743503	Müllerian mimicry of a quantitative trait despite contrasting levels of genomic divergence and selection	DOI: 10.1111/mec.15460
melpomene15N338	melpomene	melpomene	red band	0	0	0	NA	M	Panama	Jaque	7.48767	-78.1273	96.4	TRUE	20.439309	0.0208298	21.7471	TRUE	NA	TRUE	FALSE	FALSE	Pacific	Darien	TRUE	PRJEB32848	ERR3401291	ERS3546792	SAMEA5743504	Müllerian mimicry of a quantitative trait despite contrasting levels of genomic divergence and selection	DOI: 10.1111/mec.15460
melpomene15N355	melpomene	melpomene	red band	0	0	0	NA	M	Panama	Jaque	7.48767	-78.1273	96.7	TRUE	21.006608	0.020307	22.3679	TRUE	NA	TRUE	FALSE	FALSE	Pacific	Darien	TRUE	PRJEB32848	ERR3401294	ERS3546795	SAMEA5743507	Müllerian mimicry of a quantitative trait despite contrasting levels of genomic divergence and selection	DOI: 10.1111/mec.15460
melpomene15N387	melpomene	melpomene	red band	0	0	0	NA	M	Panama	Jaque	7.48767	-78.1273	96.5	TRUE	17.748686	0.0214577	18.9428	TRUE	NA	TRUE	FALSE	FALSE	Pacific	Darien	TRUE	PRJEB32848	ERR3401295	ERS3546796	SAMEA5743508	Müllerian mimicry of a quantitative trait despite contrasting levels of genomic divergence and selection	DOI: 10.1111/mec.15460
melpomene15N420	melpomene	melpomene	red band	0	0	0	NA	M	Panama	Jaque	7.48767	-78.1273	96.6	TRUE	18.754408	0.0211253	20.0708	TRUE	NA	TRUE	FALSE	FALSE	Pacific	Darien	TRUE	PRJEB32848	ERR3401296	ERS3546797	SAMEA5743509	Müllerian mimicry of a quantitative trait despite contrasting levels of genomic divergence and selection	DOI: 10.1111/mec.15460
melpomene15N421	melpomene	melpomene	red band	0	0	0	NA	M	Panama	Jaque	7.48767	-78.1273	96.6	TRUE	21.419524	0.0203583	22.7578	TRUE	NA	TRUE	FALSE	FALSE	Pacific	Darien	TRUE	PRJEB32848	ERR3401297	ERS3546798	SAMEA5743510	Müllerian mimicry of a quantitative trait despite contrasting levels of genomic divergence and selection	DOI: 10.1111/mec.15460
melpomeneCAM014673	melpomene	melpomene	red band	0	0	0	NA	M	Panama	Chepigana	8.61355	-78.13982	97	TRUE	21.616285	0.0221568	23.3124	TRUE	NA	TRUE	FALSE	FALSE	Pacific	Darien	TRUE	PRJEB11772	ERR2298218	ERS2196364	SAMEA104585082	NA	NA
melpomeneCAM018003	melpomene	melpomene	red band	0	0	0	F	F	Panama	Coiba	8.6136000	-78.1398000	96.4	TRUE	23.017771	0.0201017	24.8588	TRUE	NA	TRUE	TRUE	TRUE	Pacific	Darien	TRUE	PRJEB32848	ERR3401264	ERS3546765	SAMEA5743477	Müllerian mimicry of a quantitative trait despite contrasting levels of genomic divergence and selection	DOI: 10.1111/mec.15460
melpomeneCAM018005	melpomene	melpomene	red band	0	0	0	NA	M	Panama	Coiba	8.6136000	-78.1398000	96.5	TRUE	22.270823	0.0200443	23.646	TRUE	NA	TRUE	FALSE	TRUE	Pacific	Darien	TRUE	PRJEB32848	ERR3401265	ERS3546766	SAMEA5743478	Müllerian mimicry of a quantitative trait despite contrasting levels of genomic divergence and selection	DOI: 10.1111/mec.15460
melpomeneCAM018014	melpomene	melpomene	red band	0	0	0	NA	M	Panama	Coiba	8.6136000	-78.1398000	96.3	TRUE	18.675346	0.021166	19.8898	TRUE	NA	TRUE	FALSE	FALSE	Pacific	Darien	TRUE	PRJEB32848	ERR3401266	ERS3546767	SAMEA5743479	Müllerian mimicry of a quantitative trait despite contrasting levels of genomic divergence and selection	DOI: 10.1111/mec.15460
melpomeneCAM018055	melpomene	melpomene	red band	0	0	0	NA	M	Panama	Coiba	8.6136000	-78.1398000	96.4	TRUE	21.967016	0.0202095	23.422	TRUE	NA	TRUE	FALSE	FALSE	Pacific	Darien	TRUE	PRJEB32848	ERR3401267	ERS3546768	SAMEA5743480	Müllerian mimicry of a quantitative trait despite contrasting levels of genomic divergence and selection	DOI: 10.1111/mec.15460
melpomeneCAM018085	melpomene	melpomene	red band	0	0	0	NA	M	Panama	Coiba	8.6136000	-78.1398000	96.3	TRUE	22.087766	0.0200918	23.4685	TRUE	NA	TRUE	FALSE	FALSE	Pacific	Darien	TRUE	PRJEB32848	ERR3401268	ERS3546769	SAMEA5743481	Müllerian mimicry of a quantitative trait despite contrasting levels of genomic divergence and selection	DOI: 10.1111/mec.15460
heurippaCS00CH18	heurippa	heurippa	heurippa	0	0	0	F	M	Colombia	Guayabetal	4.1750000	-73.6780560	93.7	TRUE	35.413989	0.031595	36.6783	TRUE	NA	TRUE	TRUE	TRUE	CTH	heu	TRUE	PRJEB33224	ERR3653294	ERS3954020	SAMEA6153987	Selective sweeps on novel and introgressed variation shape mimicry loci in a butterfly adaptive radiation	https://doi.org/10.1371/journal.pbio.3000597
heurippaCS00CH21	heurippa	heurippa	heurippa	0	0	0	F	F	Colombia	Guayabetal	4.175	-73.678056	72.5	TRUE	24.743243	0.0350966	26.7733	TRUE	NA	TRUE	TRUE	TRUE	CTH	heu	TRUE	PRJEB11772	ERR2298267	ERS2196342	SAMEA104585060	NA	NA
heurippaSTRI002	heurippa	heurippa	heurippa	0	0	0	F	F	Colombia	Guayabetal	4.175	-73.678056	88.1	TRUE	23.75514	0.0422784	25.2269	TRUE	NA	TRUE	TRUE	TRUE	CTH	heu	TRUE	PRJEB8011	ERR1143584	ERS977684	SAMEA3670535	Evolutionary Novelty in a Butterfly Wing Pattern through Enhancer Shuffling	https://doi.org/10.1371/journal.pbio.1002353
melpomeneCAM018093	melpomene	melpomene	red band	0	0	0	NA	M	Panama	Santa Librada	8.2797100	-77.8098000	96.2	TRUE	22.554155	0.0199022	23.9542	TRUE	NA	TRUE	FALSE	TRUE	Pacific	Darien	TRUE	PRJEB32848	ERR3401269	ERS3546770	SAMEA5743482	Müllerian mimicry of a quantitative trait despite contrasting levels of genomic divergence and selection	DOI: 10.1111/mec.15460
melpomeneCAM018102	melpomene	melpomene	red band	0	0	0	M	M	Panama	Rancho Frio	8.01974	-77.7325	95.8	TRUE	22.366296	0.0202179	23.8109	TRUE	NA	TRUE	FALSE	TRUE	Pacific	Darien	TRUE	PRJEB32848	ERR3401270	ERS3546771	SAMEA5743483	Müllerian mimicry of a quantitative trait despite contrasting levels of genomic divergence and selection	DOI: 10.1111/mec.15460
melpomeneCAM018120	melpomene	melpomene	red band	0	0	0	M	M	Panama	Yaviza	8.15602	-77.6931	96.5	TRUE	22.332646	0.0199372	23.7427	TRUE	NA	TRUE	FALSE	TRUE	Pacific	Darien	TRUE	PRJEB32848	ERR3401271	ERS3546772	SAMEA5743484	Müllerian mimicry of a quantitative trait despite contrasting levels of genomic divergence and selection	DOI: 10.1111/mec.15460
melpomeneCAM018160	melpomene	melpomene	red band	0	0	0	M	M	Panama	Santa Librada	8.27971	-77.8098	96.3	TRUE	22.761392	0.0201183	24.2012	TRUE	NA	TRUE	FALSE	TRUE	Pacific	Darien	TRUE	PRJEB32848	ERR3401272	ERS3546773	SAMEA5743485	Müllerian mimicry of a quantitative trait despite contrasting levels of genomic divergence and selection	DOI: 10.1111/mec.15460
melpomeneCAM018191	melpomene	melpomene	red band	0	0	0	M	M	Panama	Puerto Lajas Blancas	8.41323	-77.8092	96.2	TRUE	23.449227	0.0200766	24.9486	TRUE	NA	TRUE	TRUE	TRUE	Pacific	Darien	TRUE	PRJEB32848	ERR3401273	ERS3546774	SAMEA5743486	Müllerian mimicry of a quantitative trait despite contrasting levels of genomic divergence and selection	DOI: 10.1111/mec.15460
melpomeneCAM018192	melpomene	melpomene	red band	0	0	0	F	F	Panama	Puerto Lajas Blancas	8.41323	-77.8092	96.2	TRUE	24.467937	0.0196653	26.3737	TRUE	NA	TRUE	TRUE	TRUE	Pacific	Darien	TRUE	PRJEB32848	ERR3401274	ERS3546775	SAMEA5743487	Müllerian mimicry of a quantitative trait despite contrasting levels of genomic divergence and selection	DOI: 10.1111/mec.15460
melpomeneCAM018193	melpomene	melpomene	red band	0	0	0	M	M	Panama	Santa Librada	8.27971	-77.8098	96	TRUE	22.120571	0.0200478	23.5237	TRUE	NA	TRUE	FALSE	FALSE	Pacific	Darien	TRUE	PRJEB32848	ERR3401275	ERS3546776	SAMEA5743488	Müllerian mimicry of a quantitative trait despite contrasting levels of genomic divergence and selection	DOI: 10.1111/mec.15460
melpomeneCJ18038	melpomene	melpomene	red band	0	0	0	F	F	Panama	Chepigana	8.614	-78.14	95.9	TRUE	52.292823	0.0217189	50.0168	TRUE	NA	TRUE	TRUE	TRUE	Pacific	Darien	TRUE	PRJEB1749	ERR260285	ERS235649	SAMEA1919255	Genome-wide evidence for speciation with gene flow in Heliconius butterflies	http://www.genome.org/cgi/doi/10.1101/gr.159426.113.
melpomeneSTRI0041	melpomene	melpomene	red band	0	0	0	NA	M	Panama	Gamboa	9.1525	-78.69	96.6	TRUE	28.086545	0.0231031	29.1019	TRUE	NA	TRUE	TRUE	TRUE	Pacific	Darien	TRUE	PRJEB8011	ERR1143600	ERS977700	SAMEA3670551	Evolutionary Novelty in a Butterfly Wing Pattern through Enhancer Shuffling	https://doi.org/10.1371/journal.pbio.1002353
melpomeneSTRI0043	melpomene	melpomene	red band	0	0	0	NA	F	Panama	Gamboa	9.1525	-78.69	96.6	TRUE	33.921053	0.0200191	35.008	TRUE	NA	TRUE	TRUE	TRUE	Pacific	Darien	TRUE	PRJEB8011	ERR1143601	ERS977701	SAMEA3670552	Evolutionary Novelty in a Butterfly Wing Pattern through Enhancer Shuffling	https://doi.org/10.1371/journal.pbio.1002353
vulcanus15N435	melpomene	vulcanus	red band	0	0	0	NA	M	Panama	Jaque	7.48767	-78.1273	96.6	TRUE	20.872374	0.0203538	22.2694	TRUE	NA	TRUE	FALSE	FALSE	Pacific	Darien	TRUE	PRJEB32848	ERR3401298	ERS3546799	SAMEA5743511	Müllerian mimicry of a quantitative trait despite contrasting levels of genomic divergence and selection	DOI: 10.1111/mec.15460
vulcanus15N443	melpomene	vulcanus	red band	0	0	0	NA	M	Panama	Jaque	7.48767	-78.1273	96.5	TRUE	20.04324	0.0207334	21.4023	TRUE	NA	TRUE	FALSE	FALSE	Pacific	Darien	TRUE	PRJEB32848	ERR3401299	ERS3546800	SAMEA5743512	Müllerian mimicry of a quantitative trait despite contrasting levels of genomic divergence and selection	DOI: 10.1111/mec.15460
vulcanusCAM014632	melpomene	vulcanus	red band	0	0	0	M	M	Panama	Chepigana	8.61333333	-78.139722	93.3	TRUE	22.79986	0.160202	24.371	TRUE	NA	TRUE	FALSE	TRUE	Pacific	Darien	TRUE	PRJEB8011	ERR1143609	ERS977709	SAMEA3670560	Evolutionary Novelty in a Butterfly Wing Pattern through Enhancer Shuffling	https://doi.org/10.1371/journal.pbio.1002353
vulcanus15N110	melpomene	vulcanus	red band	0	0	0	M	M	Colombia	Queremal	3.53199	-76.7546	95.8	TRUE	20.761639	0.0213109	22.1358	TRUE	NA	TRUE	FALSE	FALSE	Pacific	Choco	TRUE	PRJEB32848	ERR3401276	ERS3546777	SAMEA5743489	Müllerian mimicry of a quantitative trait despite contrasting levels of genomic divergence and selection	DOI: 10.1111/mec.15460
vulcanus15N123	melpomene	vulcanus	red band	0	0	0	M	M	Colombia	Queremal	3.53199	-76.7546	95.5	TRUE	20.467786	0.020997	21.8376	TRUE	NA	TRUE	FALSE	FALSE	Pacific	Choco	TRUE	PRJEB32848	ERR3401277	ERS3546778	SAMEA5743490	Müllerian mimicry of a quantitative trait despite contrasting levels of genomic divergence and selection	DOI: 10.1111/mec.15460
vulcanus15N133	melpomene	vulcanus	red band	0	0	0	M	M	Colombia	Rio Bravo	3.53199	-76.7546	96.4	TRUE	23.136666	0.0206345	24.6497	TRUE	NA	TRUE	FALSE	FALSE	Pacific	Choco	TRUE	PRJEB32848	ERR3401278	ERS3546779	SAMEA5743491	Müllerian mimicry of a quantitative trait despite contrasting levels of genomic divergence and selection	DOI: 10.1111/mec.15460
vulcanus15N144	melpomene	vulcanus	red band	0	0	0	M	M	Colombia	Queremal	3.53199	-76.7546	95.5	TRUE	21.412237	0.0205566	22.8706	TRUE	NA	TRUE	FALSE	FALSE	Pacific	Choco	TRUE	PRJEB32848	ERR3401280	ERS3546781	SAMEA5743493	Müllerian mimicry of a quantitative trait despite contrasting levels of genomic divergence and selection	DOI: 10.1111/mec.15460
vulcanus15N151	melpomene	vulcanus	red band	0	0	0	M	M	Colombia	Queremal	3.53199	-76.7546	96.5	TRUE	19.445691	0.0216176	20.73	TRUE	NA	TRUE	FALSE	FALSE	Pacific	Choco	TRUE	PRJEB32848	ERR3401281	ERS3546782	SAMEA5743494	Müllerian mimicry of a quantitative trait despite contrasting levels of genomic divergence and selection	DOI: 10.1111/mec.15460
vulcanus15N152	melpomene	vulcanus	red band	0	0	0	M	M	Colombia	Queremal	3.53199	-76.7546	95.3	TRUE	20.789246	0.0209056	22.176	TRUE	NA	TRUE	FALSE	FALSE	Pacific	Choco	TRUE	PRJEB32848	ERR3401282	ERS3546783	SAMEA5743495	Müllerian mimicry of a quantitative trait despite contrasting levels of genomic divergence and selection	DOI: 10.1111/mec.15460
vulcanus15N153	melpomene	vulcanus	red band	0	0	0	M	M	Colombia	Queremal	3.53199	-76.7546	96.3	TRUE	23.231567	0.0204859	24.7017	TRUE	NA	TRUE	FALSE	FALSE	Pacific	Choco	TRUE	PRJEB32848	ERR3401283	ERS3546784	SAMEA5743496	Müllerian mimicry of a quantitative trait despite contrasting levels of genomic divergence and selection	DOI: 10.1111/mec.15460
vulcanus15N154	melpomene	vulcanus	red band	0	0	0	NA	M	Colombia	Queremal	3.53199	-76.7546	96.3	TRUE	21.523828	0.020938	22.9778	TRUE	NA	TRUE	FALSE	FALSE	Pacific	Choco	TRUE	PRJEB32848	ERR3401284	ERS3546785	SAMEA5743497	Müllerian mimicry of a quantitative trait despite contrasting levels of genomic divergence and selection	DOI: 10.1111/mec.15460
vulcanus15N156	melpomene	vulcanus	red band	0	0	0	M	M	Colombia	Campoalegre	3.580000	-76.862220	97.3	TRUE	27.085646	0.0207632	28.7744	TRUE	NA	TRUE	FALSE	FALSE	Pacific	Choco	TRUE	PRJEB35570	ERR9956593	ERS12363758	SAMEA110266141	Repeated genetic adaptation to altitude in two tropical butterflies	https://doi.org/10.1038/s41467-022-32316-x
vulcanus15N172	melpomene	vulcanus	red band	0	0	0	NA	M	Colombia	Rio Bravo	3.01974	-77.7325	95.5	TRUE	20.315592	0.0214049	21.6741	TRUE	NA	TRUE	FALSE	FALSE	Pacific	Choco	TRUE	PRJEB32848	ERR3401285	ERS3546786	SAMEA5743498	Müllerian mimicry of a quantitative trait despite contrasting levels of genomic divergence and selection	DOI: 10.1111/mec.15460
vulcanus15N240	melpomene	vulcanus	red band	0	0	0	NA	M	Colombia	Amargal	5.57187	-77.5021	96	TRUE	20.017997	0.0209937	21.3061	TRUE	NA	TRUE	FALSE	FALSE	Pacific	Choco	TRUE	PRJEB32848	ERR3401286	ERS3546787	SAMEA5743499	Müllerian mimicry of a quantitative trait despite contrasting levels of genomic divergence and selection	DOI: 10.1111/mec.15460
vulcanus15N260	melpomene	vulcanus	red band	0	0	0	NA	M	Colombia	Amargal	5.57187	-77.5021	96.5	TRUE	19.566467	0.0210629	20.8587	TRUE	NA	TRUE	FALSE	FALSE	Pacific	Choco	TRUE	PRJEB32848	ERR3401287	ERS3546788	SAMEA5743500	Müllerian mimicry of a quantitative trait despite contrasting levels of genomic divergence and selection	DOI: 10.1111/mec.15460
vulcanus15N299	melpomene	vulcanus	red band	0	0	0	NA	M	Colombia	Amargal	5.57187	-77.5021	96.1	TRUE	19.722737	0.021072	21.0532	TRUE	NA	TRUE	FALSE	FALSE	Pacific	Choco	TRUE	PRJEB32848	ERR3401289	ERS3546790	SAMEA5743502	Müllerian mimicry of a quantitative trait despite contrasting levels of genomic divergence and selection	DOI: 10.1111/mec.15460
vulcanus15N306	melpomene	vulcanus	red band	0	0	0	M	M	Colombia	Amargal	5.571870	-77.502110	97	TRUE	24.330356	0.0209017	25.9531	TRUE	NA	TRUE	FALSE	FALSE	Pacific	Choco	TRUE	PRJEB35570	ERR9956594	ERS12363759	SAMEA110266142	Repeated genetic adaptation to altitude in two tropical butterflies	https://doi.org/10.1038/s41467-022-32316-x
vulcanus16N020	melpomene	vulcanus	red band	0	0	0	M	M	Colombia	Amargal	6.387650	-77.385570	97.2	TRUE	25.948203	0.0205304	27.6859	TRUE	NA	TRUE	FALSE	FALSE	Pacific	Choco	TRUE	PRJEB35570	ERR9956595	ERS12363760	SAMEA110266143	Repeated genetic adaptation to altitude in two tropical butterflies	https://doi.org/10.1038/s41467-022-32316-x
vulcanus16N047	melpomene	vulcanus	red band	0	0	0	M	M	Colombia	Amargal	6.387650	-77.385570	97.1	TRUE	24.89224	0.0207971	26.5553	TRUE	NA	TRUE	FALSE	FALSE	Pacific	Choco	TRUE	PRJEB35570	ERR9956596	ERS12363761	SAMEA110266144	Repeated genetic adaptation to altitude in two tropical butterflies	https://doi.org/10.1038/s41467-022-32316-x
vulcanus16N048	melpomene	vulcanus	red band	0	0	0	M	M	Colombia	Amargal	6.387650	-77.385570	97.4	TRUE	22.713051	0.0220747	24.2348	TRUE	NA	TRUE	FALSE	FALSE	Pacific	Choco	TRUE	PRJEB35570	ERR9956597	ERS12363762	SAMEA110266145	Repeated genetic adaptation to altitude in two tropical butterflies	https://doi.org/10.1038/s41467-022-32316-x
vulcanus16N068	melpomene	vulcanus	red band	0	0	0	M	M	Colombia	Amargal	6.385040	-77.402510	96.5	TRUE	27.514181	0.0200263	29.2058	TRUE	NA	TRUE	FALSE	FALSE	Pacific	Choco	TRUE	PRJEB35570	ERR9956598	ERS12363763	SAMEA110266146	Repeated genetic adaptation to altitude in two tropical butterflies	https://doi.org/10.1038/s41467-022-32316-x
vulcanus16N077	melpomene	vulcanus	red band	0	0	0	M	M	Colombia	Amargal	6.385040	-77.402510	97.4	TRUE	22.746688	0.0217375	24.2245	TRUE	NA	TRUE	FALSE	FALSE	Pacific	Choco	TRUE	PRJEB35570	ERR9956599	ERS12363764	SAMEA110266147	Repeated genetic adaptation to altitude in two tropical butterflies	https://doi.org/10.1038/s41467-022-32316-x
vulcanus16N078	melpomene	vulcanus	red band	0	0	0	M	M	Colombia	Amargal	6.385040	-77.402510	97.2	TRUE	24.659783	0.0208333	26.3265	TRUE	NA	TRUE	FALSE	FALSE	Pacific	Choco	TRUE	PRJEB35570	ERR9956600	ERS12363765	SAMEA110266148	Repeated genetic adaptation to altitude in two tropical butterflies	https://doi.org/10.1038/s41467-022-32316-x
vulcanus16N080	melpomene	vulcanus	red band	0	0	0	F	F	Colombia	Amargal	6.385040	-77.402510	96.6	TRUE	19.67758	0.022019	21.2884	TRUE	NA	TRUE	FALSE	FALSE	Pacific	Choco	TRUE	PRJEB35570	ERR9956601	ERS12363766	SAMEA110266149	Repeated genetic adaptation to altitude in two tropical butterflies	https://doi.org/10.1038/s41467-022-32316-x
vulcanus16N091	melpomene	vulcanus	red band	0	0	0	M	M	Colombia	Amargal	6.349500	-77.366970	97.2	TRUE	23.845646	0.0209921	25.4617	TRUE	NA	TRUE	FALSE	FALSE	Pacific	Choco	TRUE	PRJEB35570	ERR9956602	ERS12363767	SAMEA110266150	Repeated genetic adaptation to altitude in two tropical butterflies	https://doi.org/10.1038/s41467-022-32316-x
vulcanus16N092	melpomene	vulcanus	red band	0	0	0	F	F	Colombia	potes	6.3495	-77.36697	98.1	TRUE	7.769811	0.0997723	9.07387	TRUE	NA	TRUE	FALSE	TRUE	Pacific	Choco	TRUE	PRJEB35570	ERR3789737	ERS4212632	SAMEA6447069	Repeated genetic adaptation to altitude in two tropical butterflies	https://doi.org/10.1038/s41467-022-32316-x
vulcanus16N093	melpomene	vulcanus	red band	0	0	0	M	M	Colombia	Amargal	6.349500	-77.366970	97.3	TRUE	21.17593	0.0217265	22.689	TRUE	NA	TRUE	FALSE	FALSE	Pacific	Choco	TRUE	PRJEB35570	ERR9956603	ERS12363768	SAMEA110266151	Repeated genetic adaptation to altitude in two tropical butterflies	https://doi.org/10.1038/s41467-022-32316-x
vulcanus16N094	melpomene	vulcanus	red band	0	0	0	M	M	Colombia	potes	6.3495	-77.36697	97.6	TRUE	6.995826	0.109856	8.16953	TRUE	NA	TRUE	FALSE	TRUE	Pacific	Choco	TRUE	PRJEB35570	ERR3789738	ERS4212633	SAMEA6447070	Repeated genetic adaptation to altitude in two tropical butterflies	https://doi.org/10.1038/s41467-022-32316-x
vulcanusCS000519	melpomene	vulcanus	red band	0	0	0	M	M	Colombia	Campoalegre	3.9	-76.633	88.1	TRUE	11.525375	0.058515	12.7137	TRUE	NA	TRUE	FALSE	FALSE	Pacific	Choco	TRUE	PRJEB8011	ERR1143610	ERS977710	SAMEA3670561	Evolutionary Novelty in a Butterfly Wing Pattern through Enhancer Shuffling	https://doi.org/10.1371/journal.pbio.1002353
vulcanusCS000636	melpomene	vulcanus	red band	0	0	0	M	M	Ecuador	Ladrilleros	3.95833333	-77.373333	93.4	TRUE	7.286843	0.0880727	8.30795	TRUE	NA	TRUE	FALSE	TRUE	Pacific	Choco	TRUE	PRJEB35570	ERR3789979	ERS4212823	SAMEA6447260	Repeated genetic adaptation to altitude in two tropical butterflies	https://doi.org/10.1038/s41467-022-32316-x
vulcanusCS000647	melpomene	vulcanus	red band	0	0	0	M	M	Ecuador	Ladrilleros	3.95833333	-77.373333	98.5	TRUE	7.465805	0.0809108	8.48636	TRUE	NA	TRUE	FALSE	TRUE	Pacific	Choco	TRUE	PRJEB35570	ERR3789980	ERS4212824	SAMEA6447261	Repeated genetic adaptation to altitude in two tropical butterflies	https://doi.org/10.1038/s41467-022-32316-x
vulcanusCS000648	melpomene	vulcanus	red band	0	0	0	M	M	Ecuador	Ladrilleros	3.95833333	-77.373333	98.4	TRUE	7.725243	0.0815313	8.7455	TRUE	NA	TRUE	FALSE	TRUE	Pacific	Choco	TRUE	PRJEB35570	ERR3789981	ERS4212825	SAMEA6447262	Repeated genetic adaptation to altitude in two tropical butterflies	https://doi.org/10.1038/s41467-022-32316-x
vulcanusCS002278	melpomene	vulcanus	red band	0	0	0	M	M	Ecuador	Ladrilleros	3.95833333	-77.373333	97.8	TRUE	7.108619	0.0916686	8.15653	TRUE	NA	TRUE	FALSE	TRUE	Pacific	Choco	TRUE	PRJEB35570	ERR3789985	ERS4212829	SAMEA6447266	Repeated genetic adaptation to altitude in two tropical butterflies	https://doi.org/10.1038/s41467-022-32316-x
vulcanusCS003601	melpomene	vulcanus	red band	0	0	0	F	F	Ecuador	Rio Calima 5km	3.5175	-76.757222	98.6	TRUE	7.545705	0.0808627	8.6392	TRUE	NA	TRUE	FALSE	TRUE	Pacific	Choco	TRUE	PRJEB35570	ERR3790002	ERS4212846	SAMEA6447283	Repeated genetic adaptation to altitude in two tropical butterflies	https://doi.org/10.1038/s41467-022-32316-x
vulcanusCS003603	melpomene	vulcanus	red band	0	0	0	M	M	Colombia	Queremal	3.5175	-76.757222	95.8	TRUE	34.297695	0.0195915	35.4339	TRUE	NA	TRUE	TRUE	TRUE	Pacific	Choco	TRUE	PRJEB11772	ERR2298240_ERR3790003_merged	ERS2196373	SAMEA104585091	NA	NA
vulcanusCS003605	melpomene	vulcanus	red band	0	0	0	M	M	Colombia	Queremal	3.5175	-76.757222	93.2	TRUE	31.107572	0.0199519	32.6773	TRUE	NA	TRUE	TRUE	FALSE	Pacific	Choco	TRUE	PRJEB11772	ERR2298241_ERR3790004_merged	ERS2196374	SAMEA104585092	NA	NA
vulcanusCS003606	melpomene	vulcanus	red band	0	0	0	M	M	Colombia	Queremal	3.5175	-76.757222	95.2	TRUE	30.655641	0.0200384	32.1795	TRUE	NA	TRUE	TRUE	FALSE	Pacific	Choco	TRUE	PRJEB11772	ERR2298242_ERR3790005_merged	ERS2196375	SAMEA104585093	NA	NA
vulcanusCS003612	melpomene	vulcanus	red band	0	0	0	M	M	Colombia	Queremal	3.5175	-76.757222	94.3	TRUE	35.520047	0.0201045	36.546	TRUE	NA	TRUE	TRUE	TRUE	Pacific	Choco	TRUE	PRJEB11772	ERR2298243_ERR3790006_merged	ERS2196376	SAMEA104585094	NA	NA
vulcanusCS003614	melpomene	vulcanus	red band	0	0	0	M	M	Colombia	Queremal	3.5175	-76.757222	97.5	TRUE	31.253602	0.0251721	31.6939	TRUE	NA	TRUE	TRUE	TRUE	Pacific	Choco	TRUE	PRJEB11772	ERR2298244_ERR3790007_merged	ERS2196377	SAMEA104585095	NA	NA
vulcanusCS003615	melpomene	vulcanus	red band	0	0	0	M	M	Colombia	Queremal	3.5175	-76.757222	94	TRUE	28.456375	0.0279637	29.2194	TRUE	NA	TRUE	FALSE	FALSE	Pacific	Choco	TRUE	PRJEB11772	ERR2298245_ERR3790008_merged	ERS2196378	SAMEA104585096	NA	NA
melpomene15N353	melpomene	melpomene	red band	0	0	0	NA	M	Panama	Jaque	7.48767	-78.1273	96.5	TRUE	21.21322	0.0203219	22.6007	FALSE	parent-offspring of melpomene15N421	FALSE	FALSE	FALSE	NA	NA	TRUE	PRJEB32848	ERR3401292	ERS3546793	SAMEA5743505	Müllerian mimicry of a quantitative trait despite contrasting levels of genomic divergence and selection	DOI: 10.1111/mec.15460
melpomeneCJ18097	melpomene	melpomene	red band	0	0	0	M	M	Panama	Chepigana	8.28	-77.81	93.5	TRUE	12.543025	0.0603776	13.717	FALSE	parent-offspring of melpomeneCAM018160	FALSE	FALSE	FALSE	NA	NA	TRUE	PRJEB1749	ERR260286	ERS235650	SAMEA1919258	Genome-wide evidence for speciation with gene flow in Heliconius butterflies	http://www.genome.org/cgi/doi/10.1101/gr.159426.113.
rosinaCJ2071	melpomene	rosina	red band	0	0	0	M	M	Panama	Gamboa	9.1206	-79.6969	97.4	TRUE	32.420246	0.02459	32.2975	FALSE	identical twin of rosina2017	FALSE	FALSE	FALSE	NA	NA	TRUE	PRJEB1749	ERR260280	ERS235644	SAMEA1919257	Genome-wide evidence for speciation with gene flow in Heliconius butterflies	http://www.genome.org/cgi/doi/10.1101/gr.159426.113.
vulcanus16N063	melpomene	vulcanus	red band	0	0	0	M	M	Colombia	potes	6.3868	-77.40035	97.2	TRUE	6.318087	0.122432	7.47531	TRUE	NA	FALSE	FALSE	FALSE	NA	NA	TRUE	PRJEB35570	ERR3789735	ERS4212630	SAMEA6447067	Repeated genetic adaptation to altitude in two tropical butterflies	https://doi.org/10.1038/s41467-022-32316-x
vulcanus16N066	melpomene	vulcanus	red band	0	0	0	M	M	Colombia	potes	6.385	-77.40251	96.8	TRUE	4.276138	0.156813	5.24946	TRUE	NA	FALSE	FALSE	FALSE	NA	NA	TRUE	PRJEB35570	ERR3789736	ERS4212631	SAMEA6447068	Repeated genetic adaptation to altitude in two tropical butterflies	https://doi.org/10.1038/s41467-022-32316-x
vulcanusCS001001	melpomene	vulcanus	red band	0	0	0	M	M	Ecuador	Santa Barbara	3.829761	-76.78568	98.5	TRUE	6.891118	0.102607	7.96922	TRUE	NA	FALSE	FALSE	FALSE	NA	NA	TRUE	PRJEB35570	ERR3789984	ERS4212828	SAMEA6447265	Repeated genetic adaptation to altitude in two tropical butterflies	https://doi.org/10.1038/s41467-022-32316-x
vulcanus15N143	melpomene	vulcanus	red band	0	0	0	M	M	Colombia	Queremal	3.53199	-76.7546	96	TRUE	21.385454	0.0206054	22.9099	FALSE	parent-offspring of vulcanus15N144	FALSE	FALSE	FALSE	NA	NA	TRUE	PRJEB32848	ERR3401279	ERS3546780	SAMEA5743492	Müllerian mimicry of a quantitative trait despite contrasting levels of genomic divergence and selection	DOI: 10.1111/mec.15460
vulcanus15N281	melpomene	vulcanus	red band	0	0	0	NA	M	Colombia	Amargal	5.57187	-77.5021	95.5	TRUE	19.289114	0.0211699	20.5987	FALSE	parent-offspring of vulcanus15N299	FALSE	FALSE	FALSE	NA	NA	TRUE	PRJEB32848	ERR3401288	ERS3546789	SAMEA5743501	Müllerian mimicry of a quantitative trait despite contrasting levels of genomic divergence and selection	DOI: 10.1111/mec.15460
vulcanusCS003616	melpomene	vulcanus	red band	0	0	0	M	M	Ecuador	Rio Calima 5km	3.5175	-76.757222	97.5	TRUE	7.279953	0.0855331	8.28428	TRUE	NA	TRUE	FALSE	TRUE	Pacific	Choco	TRUE	PRJEB35570	ERR3790009	ERS4212847	SAMEA6447284	Repeated genetic adaptation to altitude in two tropical butterflies	https://doi.org/10.1038/s41467-022-32316-x
vulcanusCS003617	melpomene	vulcanus	red band	0	0	0	M	M	Colombia	Queremal	3.5175	-76.757222	96.8	TRUE	29.551418	0.0259078	30.2494	TRUE	NA	TRUE	TRUE	FALSE	Pacific	Choco	TRUE	PRJEB11772	ERR2298246_ERR3790010_merged	ERS2196379	SAMEA104585097	NA	NA
vulcanusCS003618	melpomene	vulcanus	red band	0	0	0	M	M	Colombia	Queremal	3.5175	-76.757222	94	TRUE	28.423786	0.0280034	29.3078	TRUE	NA	TRUE	FALSE	FALSE	Pacific	Choco	TRUE	PRJEB11772	ERR2298247_ERR3790011_merged	ERS2196380	SAMEA104585098	NA	NA
vulcanusCS003621	melpomene	vulcanus	red band	0	0	0	M	M	Colombia	Queremal	3.5175	-76.757222	88.3	TRUE	26.43522	0.0293896	27.389	TRUE	NA	TRUE	FALSE	FALSE	Pacific	Choco	TRUE	PRJEB11772	ERR2298248_ERR3790012_merged	ERS2196381	SAMEA104585099	NA	NA
vulcanusCS10	melpomene	vulcanus	red band	0	0	0	M	M	Colombia	Campoalegre	3.9	-76.633	96.1	TRUE	27.854162	0.0320523	30.1332	TRUE	NA	TRUE	FALSE	FALSE	Pacific	Choco	TRUE	PRJEB11772	ERR1307105	ERS1030540	SAMEA3723391	Natural Selection and Genetic Diversity in the Butterfly Heliconius melpomene	https://doi.org/10.1534/genetics.115.183285
vulcanusCS11	melpomene	vulcanus	red band	0	0	0	M	M	Colombia	Campoalegre	3.9	-76.633	96.6	TRUE	7.651112	0.0408303	8.34925	TRUE	NA	TRUE	FALSE	TRUE	Pacific	Choco	TRUE	PRJEB11772	ERR1307106	ERS1030541	SAMEA3723392	Natural Selection and Genetic Diversity in the Butterfly Heliconius melpomene	https://doi.org/10.1534/genetics.115.183285
melpomeneCAM008215	melpomene	melpomene	red band	0	0	0	M	M	French Guiana	Macouria	4.789	-52.404	79.1	FALSE	NA	NA	NA	NA	erato mis-id	FALSE	FALSE	FALSE	NA	NA	TRUE	PRJEB11772	ERR2298215	ERS2196361	SAMEA104585079	NA	NA
burchelliKK117	melpomene	burchelli	red band	0	0	0	M	M	Brazil	Sao Luis	-3.51379	-46.11456	97.3	TRUE	21.31299	0.0313178	22.5246	TRUE	NA	TRUE	FALSE	FALSE	AmazonEGA	Para	FALSE	PRJNA1512638	KK117_KD17030567-12_HJMFWALXX_L7	new from this study	new from this study	new from this study	new from this study
melpomeneCAM001349	melpomene	melpomene	red band	0	0	0	F	F	Brazil	Calcoene	2.522209	-51.193404	96.4	TRUE	18.234893	0.0390942	19.366	TRUE	NA	TRUE	FALSE	TRUE	AmazonEGA	Guiana	TRUE	PRJEB11772	ERR2298201_ERR2298202_merged	ERS2196357	SAMEA104585075	NA	NA
melpomeneCAM001422	melpomene	melpomene	red band	0	0	0	NA	M	Brazil	Calcoene	2.522209	-51.193404	94.7	TRUE	28.073644	0.061567	28.0437	TRUE	NA	TRUE	TRUE	TRUE	AmazonEGA	Guiana	TRUE	PRJEB11772	ERR2298203_ERR2298204_merged	ERS2196358	SAMEA104585076	NA	NA
melpomeneCAM002035	melpomene	melpomene	red band	0	0	0	NA	M	Brazil	Calcoene	2.522209	-51.193404	97.3	TRUE	21.508756	0.0354095	22.4707	TRUE	NA	TRUE	TRUE	TRUE	AmazonEGA	Guiana	TRUE	PRJEB11772	ERR2298207	ERS2196359	SAMEA104585077	NA	NA
melpomeneCAM008171	melpomene	melpomene	red band	0	0	0	NA	F	Brazil	Calcoene	2.522209	-51.193404	90.3	TRUE	20.110322	0.0424199	21.1187	TRUE	NA	TRUE	FALSE	TRUE	AmazonEGA	Guiana	TRUE	PRJEB11772	ERR2298214	ERS2196360	SAMEA104585078	NA	NA
melpomeneCAM008216	melpomene	melpomene	red band	0	0	0	M	M	Brazil	Calcoene	2.522209	-51.193404	96.3	TRUE	23.01692	0.0366684	23.6212	TRUE	NA	TRUE	TRUE	TRUE	AmazonEGA	Guiana	TRUE	PRJEB11772	ERR2298216	ERS2196362	SAMEA104585080	NA	NA
melpomeneCAM008218	melpomene	melpomene	red band	0	0	0	M	M	Brazil	Calcoene	2.522209	-51.193404	94.5	TRUE	18.402632	0.0398345	19.1454	TRUE	NA	TRUE	FALSE	TRUE	AmazonEGA	Guiana	TRUE	PRJEB11772	ERR2298217	ERS2196363	SAMEA104585081	NA	NA
melpomeneCJ13435	melpomene	melpomene	red band	0	0	0	M	M	French Guiana	Macouria	4.915	-52.376	96.3	TRUE	29.547108	0.0360647	30.1214	TRUE	NA	TRUE	TRUE	TRUE	AmazonEGA	Guiana	TRUE	PRJEB1749	ERR260284	ERS235648	SAMEA1919276	Genome-wide evidence for speciation with gene flow in Heliconius butterflies	http://www.genome.org/cgi/doi/10.1101/gr.159426.113.
melpomeneCJ9315	melpomene	melpomene	red band	0	0	0	M	M	French Guiana	Macouria	4.963	-52.42	83.1	TRUE	19.791152	0.0530716	20.8279	TRUE	NA	TRUE	FALSE	TRUE	AmazonEGA	Guiana	TRUE	PRJEB1749	ERR260281	ERS235645	SAMEA1919270	Genome-wide evidence for speciation with gene flow in Heliconius butterflies	http://www.genome.org/cgi/doi/10.1101/gr.159426.113.
melpomeneCJ9316	melpomene	melpomene	red band	0	0	0	M	M	French Guiana	Macouria	4.963	-52.42	83.3	TRUE	18.657692	0.0528764	19.7002	TRUE	NA	TRUE	FALSE	TRUE	AmazonEGA	Guiana	TRUE	PRJEB1749	ERR260282	ERS235646	SAMEA1919252	Genome-wide evidence for speciation with gene flow in Heliconius butterflies	http://www.genome.org/cgi/doi/10.1101/gr.159426.113.
melpomeneCJ9317	melpomene	melpomene	red band	0	0	0	M	M	French Guiana	Macouria	4.963	-52.42	96.5	TRUE	28.875008	0.0360062	29.4161	TRUE	NA	TRUE	TRUE	TRUE	AmazonEGA	Guiana	TRUE	PRJEB1749	ERR260283	ERS235647	SAMEA1919267	Genome-wide evidence for speciation with gene flow in Heliconius butterflies	http://www.genome.org/cgi/doi/10.1101/gr.159426.113.
burchelliKK119	melpomene	burchelli	red band	0	0	0	M	M	Brazil	Sao Luis	-3.50173	-46.1836	97.4	TRUE	21.891858	0.0316422	23.1443	TRUE	NA	TRUE	FALSE	TRUE	AmazonEGA	Para	FALSE	PRJNA1512638	KK119_KD17030569-7_HH2N7ALXX_L5	new from this study	new from this study	new from this study	new from this study
burchelliMRC01	melpomene	burchelli	red band	0	0	0	M	M	Brazil	Sao Luis	-2.6275	-44.295556	97.7	TRUE	15.369536	0.0364013	16.1279	TRUE	NA	TRUE	FALSE	FALSE	AmazonEGA	Para	FALSE	PRJNA1512638	burchelliMRC01_trim	new from this study	new from this study	new from this study	new from this study
burchelliMRC02	melpomene	burchelli	red band	0	0	0	M	M	Brazil	Sao Luis	-2.6275	-44.295556	98	TRUE	22.594786	0.031536	23.6731	TRUE	NA	TRUE	FALSE	TRUE	AmazonEGA	Para	FALSE	PRJNA1512638	burchelliMRC02_trim	new from this study	new from this study	new from this study	new from this study
burchelliMRC03	melpomene	burchelli	red band	0	0	0	M	M	Brazil	Sao Luis	-2.6275	-44.295556	97.7	TRUE	18.456726	0.0342775	19.5012	TRUE	NA	TRUE	FALSE	FALSE	AmazonEGA	Para	FALSE	PRJNA1512638	burchelliMRC03_trim	new from this study	new from this study	new from this study	new from this study
melpomeneCCS25	melpomene	melpomene	red band	0	0	0	M	M	Colombia	Guayabetal	4.213	-73.803	96.2	TRUE	23.558367	0.0224914	25.1233	TRUE	NA	TRUE	FALSE	TRUE	Pacific	Magdalena	TRUE	PRJEB11772	ERR1307114	ERS1030549	SAMEA3723400	Natural Selection and Genetic Diversity in the Butterfly Heliconius melpomene	https://doi.org/10.1534/genetics.115.183285
melpomeneCCS26	melpomene	melpomene	red band	0	0	0	M	M	Colombia	Guayabetal	4.213	-73.803	95.5	TRUE	19.764252	0.0440027	21.2935	TRUE	NA	TRUE	FALSE	FALSE	Pacific	Magdalena	TRUE	PRJEB11772	ERR1307115	ERS1030550	SAMEA3723401	Natural Selection and Genetic Diversity in the Butterfly Heliconius melpomene	https://doi.org/10.1534/genetics.115.183285
melpomeneCCS27	melpomene	melpomene	red band	0	0	0	M	M	Colombia	Morcote	5.617	-72.3	96.5	TRUE	36.638044	0.0196232	37.606	TRUE	NA	TRUE	TRUE	TRUE	Pacific	Magdalena	TRUE	PRJEB11772	ERR1307116	ERS1030551	SAMEA3723402	Natural Selection and Genetic Diversity in the Butterfly Heliconius melpomene	https://doi.org/10.1534/genetics.115.183285
melpomeneHMM3	melpomene	melpomene	red band	0	0	0	M	M	Colombia	Guayabetal	4.213	-73.803	94.8	TRUE	37.24535	0.0234347	38.8372	TRUE	NA	TRUE	TRUE	TRUE	Pacific	Magdalena	TRUE	PRJEB11772	ERR1307107	ERS1030542	SAMEA3723393	Natural Selection and Genetic Diversity in the Butterfly Heliconius melpomene	https://doi.org/10.1534/genetics.115.183285
melpomeneHMM6	melpomene	melpomene	red band	0	0	0	M	M	Colombia	Morcote	5.617	-72.3	97.2	TRUE	79.421623	0.0219588	81.5465	TRUE	NA	TRUE	TRUE	TRUE	Pacific	Magdalena	TRUE	PRJEB11772	ERR1307108	ERS1030543	SAMEA3723394	Natural Selection and Genetic Diversity in the Butterfly Heliconius melpomene	https://doi.org/10.1534/genetics.115.183285
melpomeneSTRI006	melpomene	melpomene	red band	0	0	0	NA	M	Colombia	Morcote	5.61694444	-72.3	94.8	TRUE	31.887341	0.0253851	32.3497	TRUE	NA	TRUE	TRUE	TRUE	Pacific	Magdalena	TRUE	PRJEB8011	ERR1143602	ERS977702	SAMEA3670553	Evolutionary Novelty in a Butterfly Wing Pattern through Enhancer Shuffling	https://doi.org/10.1371/journal.pbio.1002353
melpomeneKK125	melpomene	melpomene	red band	0	0	0	NA	F	Brazil	Sao Luis	-3.292736	-45.174509	95.8	TRUE	23.235541	0.0317708	25.0348	TRUE	NA	TRUE	TRUE	TRUE	AmazonEGA	Para	FALSE	PRJNA1512638	KK125_KD17030567-AK71_HJMFWALXX_L7	new from this study	new from this study	new from this study	new from this study
bellulaCAM040037	melpomene	bellula	red band	0	0	0	M	M	Colombia	Campo	1.20624	-76.68113	98.2	TRUE	7.10822	0.1162	8.0659	TRUE	NA	TRUE	FALSE	TRUE	AmazonW	Napo	TRUE	PRJEB35570	ERR3789747	ERS4212601	SAMEA6447038	Repeated genetic adaptation to altitude in two tropical butterflies	https://doi.org/10.1038/s41467-022-32316-x
bellulaCAM040088	melpomene	bellula	red band	0	0	0	M	M	Colombia	Campo	1.21694	-76.68541	97.9	TRUE	8.220736	0.0951706	9.25871	TRUE	NA	TRUE	FALSE	TRUE	AmazonW	Napo	TRUE	PRJEB35570	ERR3789758	ERS4212610	SAMEA6447047	Repeated genetic adaptation to altitude in two tropical butterflies	https://doi.org/10.1038/s41467-022-32316-x
bellulaCAM040118	melpomene	bellula	red band	0	0	0	F	F	Colombia	Campo	1.21314	-76.68354	97.3	TRUE	8.07865	0.108955	9.24389	TRUE	NA	TRUE	FALSE	TRUE	AmazonW	Napo	TRUE	PRJEB35570	ERR3789760	ERS4212611	SAMEA6447048	Repeated genetic adaptation to altitude in two tropical butterflies	https://doi.org/10.1038/s41467-022-32316-x
bellulaCAM40043	melpomene	bellula	red band	0	0	0	M	M	Colombia	Mocoa	1.21851	-76.68473	96.5	TRUE	19.236574	0.031617	20.4302	TRUE	NA	TRUE	FALSE	FALSE	AmazonW	Napo	TRUE	PRJEB35570	ERR3790118_ERR3790119_merged	ERS4212889	SAMEA6447326	Repeated genetic adaptation to altitude in two tropical butterflies	https://doi.org/10.1038/s41467-022-32316-x
bellulaCAM40048	melpomene	bellula	red band	0	0	0	M	M	Colombia	Mocoa	1.21286	-76.68748	96.6	TRUE	22.242129	0.0299887	23.6682	TRUE	NA	TRUE	FALSE	FALSE	AmazonW	Napo	TRUE	PRJEB35570	ERR3790120_ERR3790121_merged	ERS4212890	SAMEA6447327	Repeated genetic adaptation to altitude in two tropical butterflies	https://doi.org/10.1038/s41467-022-32316-x
bellulaCAM40049	melpomene	bellula	red band	0	0	0	M	M	Colombia	Mocoa	1.21286	-76.68748	97.1	TRUE	19.949017	0.032011	21.1757	TRUE	NA	TRUE	FALSE	FALSE	AmazonW	Napo	TRUE	PRJEB35570	ERR3790122	ERS4212589	SAMEA6447026	Repeated genetic adaptation to altitude in two tropical butterflies	https://doi.org/10.1038/s41467-022-32316-x
bellulaCAM40050	melpomene	bellula	red band	0	0	0	M	M	Colombia	Mocoa	1.21738	-76.68343	97.2	TRUE	20.29263	0.031343	21.6796	TRUE	NA	TRUE	FALSE	FALSE	AmazonW	Napo	TRUE	PRJEB35570	ERR3790123	ERS4212891	SAMEA6447328	Repeated genetic adaptation to altitude in two tropical butterflies	https://doi.org/10.1038/s41467-022-32316-x
bellulaCAM40058	melpomene	bellula	red band	0	0	0	M	M	Colombia	Mocoa	1.21314	-76.68354	96.1	TRUE	22.910388	0.0302786	24.3269	TRUE	NA	TRUE	FALSE	FALSE	AmazonW	Napo	TRUE	PRJEB35570	ERR3790124_ERR3790125_merged	ERS4212892	SAMEA6447329	Repeated genetic adaptation to altitude in two tropical butterflies	https://doi.org/10.1038/s41467-022-32316-x
bellulaCS000231	melpomene	bellula	red band	0	0	0	NA	M	Colombia	Mocoa	1.17805556	-76.664722	95.2	TRUE	9.2099	0.0887725	9.93835	TRUE	NA	TRUE	FALSE	TRUE	AmazonW	Napo	TRUE	PRJEB8011	ERR1143594	ERS977694	SAMEA3670545	Evolutionary Novelty in a Butterfly Wing Pattern through Enhancer Shuffling	https://doi.org/10.1371/journal.pbio.1002353
mocoaCS16	melpomene	bellula	red band	0	0	0	M	M	Colombia	Mocoa	1.178	-76.665	94.7	TRUE	18.280632	0.0439876	19.5859	TRUE	NA	TRUE	FALSE	FALSE	AmazonW	Napo	TRUE	PRJEB11772	ERR1307109	ERS1030544	SAMEA3723395	Natural Selection and Genetic Diversity in the Butterfly Heliconius melpomene	https://doi.org/10.1534/genetics.115.183285
mocoaCS17	melpomene	bellula	red band	0	0	0	M	M	Colombia	Mocoa	1.178	-76.665	95.2	TRUE	26.660198	0.0256763	28.2842	TRUE	NA	TRUE	TRUE	FALSE	AmazonW	Napo	TRUE	PRJEB11772	ERR1307110	ERS1030545	SAMEA3723396	Natural Selection and Genetic Diversity in the Butterfly Heliconius melpomene	https://doi.org/10.1534/genetics.115.183285
melpomeneKK126	melpomene	melpomene	red band	0	0	0	NA	F	Brazil	Sao Luis	-3.292736	-45.174509	88	TRUE	15.19701	0.0392543	16.422	TRUE	NA	TRUE	FALSE	FALSE	AmazonEGA	Para	FALSE	PRJNA1512638	KK126_KD17030568-AK71_HJMFWALXX_L8	new from this study	new from this study	new from this study	new from this study
rosina2017	melpomene	rosina	red band	0	0	0	NA	M	Panama	Gamboa	9.145	-79.729	96.6	TRUE	35.497314	0.023701	34.8391	TRUE	NA	TRUE	TRUE	TRUE	Pacific	Panama	TRUE	PRJEB3058	ERR053963	ERS070424	SAMEA1322962	Whole genome resequencing for study of genomic divergence in Heliconius butterflies.	diva2:787319
rosinaCAM001841	melpomene	rosina	red band	0	0	0	M	M	Panama	Gamboa	9.076	-79.659	98.1	TRUE	23.908561	0.0254333	25.083	TRUE	NA	TRUE	TRUE	TRUE	Pacific	Panama	TRUE	PRJEB11772	ERR2298205	ERS2196365	SAMEA104585083	NA	NA
rosinaCAM001880	melpomene	rosina	red band	0	0	0	M	M	Panama	Gamboa	9.076	-79.659	98	TRUE	26.542969	0.0256835	27.5669	TRUE	NA	TRUE	TRUE	TRUE	Pacific	Panama	TRUE	PRJEB11772	ERR2298206	ERS2196366	SAMEA104585084	NA	NA
rosinaCAM002045	melpomene	rosina	red band	0	0	0	M	M	Panama	Gamboa	9.1103	-79.6907	97	TRUE	19.256777	0.0228723	20.7748	TRUE	NA	TRUE	FALSE	TRUE	Pacific	Panama	TRUE	PRJEB11772	ERR2298208	ERS2196367	SAMEA104585085	NA	NA
rosinaCAM002059	melpomene	rosina	red band	0	0	0	M	M	Panama	Gamboa	9.1103	-79.6907	96.8	TRUE	22.077969	0.0221794	23.707	TRUE	NA	TRUE	FALSE	TRUE	Pacific	Panama	TRUE	PRJEB11772	ERR2298209	ERS2196368	SAMEA104585086	NA	NA
rosinaCAM002519	melpomene	rosina	red band	0	0	0	M	M	Panama	Gamboa	9.0109	-79.5477	95.8	TRUE	23.958348	0.0217854	25.7491	TRUE	NA	TRUE	TRUE	TRUE	Pacific	Panama	TRUE	PRJEB11772	ERR2298210	ERS2196369	SAMEA104585087	NA	NA
rosinaCAM002552	melpomene	rosina	red band	0	0	0	M	M	Panama	Gamboa	9.0109	-79.5477	91.9	TRUE	20.354119	0.0395408	21.457	TRUE	NA	TRUE	FALSE	TRUE	Pacific	Panama	TRUE	PRJEB11772	ERR2298211	ERS2196370	SAMEA104585088	NA	NA
rosinaCAM025004	melpomene	rosina	red band	0	0	0	M	M	Panama	Gamboa	9.1103	-79.6907	97	TRUE	19.825053	0.0257036	20.8805	TRUE	NA	TRUE	FALSE	TRUE	Pacific	Panama	TRUE	PRJEB11772	ERR2298219	ERS2196371	SAMEA104585089	NA	NA
rosinaCAM025104	melpomene	rosina	red band	0	0	0	M	M	Panama	Gamboa	9.1103	-79.6907	96.8	TRUE	22.061328	0.0276079	23.1847	TRUE	NA	TRUE	FALSE	TRUE	Pacific	Panama	TRUE	PRJEB11772	ERR2298221	ERS2196372	SAMEA104585090	NA	NA
rosinaCJ531	melpomene	rosina	red band	0	0	0	M	M	Panama	Gamboa	9.1206	-79.6969	96.5	TRUE	23.397232	0.0419596	24.1225	TRUE	NA	TRUE	TRUE	TRUE	Pacific	Panama	TRUE	PRJEB1749	ERR260277	ERS235641	SAMEA1919271	Genome-wide evidence for speciation with gene flow in Heliconius butterflies	http://www.genome.org/cgi/doi/10.1101/gr.159426.113.
rosinaCJ533	melpomene	rosina	red band	0	0	0	M	M	Panama	Gamboa	9.1206	-79.6969	95.8	TRUE	23.170201	0.0508411	24.005	TRUE	NA	TRUE	TRUE	TRUE	Pacific	Panama	TRUE	PRJEB1749	ERR260278	ERS235642	SAMEA1919260	Genome-wide evidence for speciation with gene flow in Heliconius butterflies	http://www.genome.org/cgi/doi/10.1101/gr.159426.113.
rosinaCJ546	melpomene	rosina	red band	0	0	0	M	M	Panama	Gamboa	9.1206	-79.6969	96.3	TRUE	22.945622	0.0503589	23.7451	TRUE	NA	TRUE	FALSE	TRUE	Pacific	Panama	TRUE	PRJEB1749	ERR260279	ERS235643	SAMEA1919279	Genome-wide evidence for speciation with gene flow in Heliconius butterflies	http://www.genome.org/cgi/doi/10.1101/gr.159426.113.
rosinaMK523	melpomene	rosina	red band	0	0	0	M	M	Costa Rica	Cerere	9.717	-83.05	93.4	TRUE	14.554343	0.028279	15.8918	TRUE	NA	TRUE	FALSE	FALSE	Pacific	Panama	TRUE	PRJNA226620	SRR1057594	SRS518836	SAMN02384458	Hybridization Reveals the Evolving Genomic Architecture of Speciation	http://dx.doi.org/10.1016/j.celrep.2013.09.042
timaretaSHM000114	timareta	novel_sp_Ecuador	narrow yellow band	0	1	1	NA	M	Ecuador	Yasuni Research Station	-0.6743	-76.3971	97.8	TRUE	5.992059	0.146252	7.09694	TRUE	NA	FALSE	FALSE	FALSE	NA	NA	TRUE	PRJEB35570	ERR3789770	ERS4212636	SAMEA6447073	Repeated genetic adaptation to altitude in two tropical butterflies	https://doi.org/10.1038/s41467-022-32316-x
timaretaSHM000174	timareta	novel_sp_Ecuador	narrow yellow band	0	1	1	NA	M	Ecuador	Yasuni Research Station	-0.6743	-76.3971	98	TRUE	5.409991	0.132573	6.28359	TRUE	NA	FALSE	FALSE	FALSE	NA	NA	TRUE	PRJEB35570	ERR3789772	ERS4212638	SAMEA6447075	Repeated genetic adaptation to altitude in two tropical butterflies	https://doi.org/10.1038/s41467-022-32316-x
timaretaSHM000277	timareta	novel_sp_Ecuador	narrow yellow band	0	1	1	NA	M	Ecuador	Yasuni Research Station	-0.6743	-76.3971	97.8	TRUE	6.542031	0.120804	7.51523	TRUE	NA	FALSE	FALSE	FALSE	NA	NA	TRUE	PRJEB35570	ERR3789774	ERS4212640	SAMEA6447077	Repeated genetic adaptation to altitude in two tropical butterflies	https://doi.org/10.1038/s41467-022-32316-x
rosinaMK524	melpomene	rosina	red band	0	0	0	F	F	Costa Rica	El Carmen	9.85	-84.317	95.4	TRUE	14.415006	0.0278949	16.0577	TRUE	NA	TRUE	FALSE	FALSE	Pacific	Panama	TRUE	PRJNA226620	SRR1057595	SRS518837	SAMN02384459	Hybridization Reveals the Evolving Genomic Architecture of Speciation	http://dx.doi.org/10.1016/j.celrep.2013.09.042
rosinaMK525	melpomene	rosina	red band	0	0	0	M	M	Costa Rica	Rio Claro	8.467	-83.583	91.2	TRUE	14.239774	0.027661	15.5661	TRUE	NA	TRUE	FALSE	FALSE	Pacific	Panama	TRUE	PRJNA226620	SRR1057596	SRS518838	SAMN02384460	Hybridization Reveals the Evolving Genomic Architecture of Speciation	http://dx.doi.org/10.1016/j.celrep.2013.09.042
rosinaMK589	melpomene	rosina	red band	0	0	0	M	M	Costa Rica	Cerere	9.867	-83	95.9	TRUE	14.247423	0.0303623	15.7786	TRUE	NA	TRUE	FALSE	FALSE	Pacific	Panama	TRUE	PRJNA226620	SRR1057597	SRS518839	SAMN02384461	Hybridization Reveals the Evolving Genomic Architecture of Speciation	http://dx.doi.org/10.1016/j.celrep.2013.09.042
rosinaMK675	melpomene	rosina	red band	0	0	0	M	M	Costa Rica	Manuel Antonio	9.4	-84.167	95.5	TRUE	14.675928	0.0275404	16.0875	TRUE	NA	TRUE	FALSE	FALSE	Pacific	Panama	TRUE	PRJNA226620	SRR1057598	SRS518840	SAMN02384462	Hybridization Reveals the Evolving Genomic Architecture of Speciation	http://dx.doi.org/10.1016/j.celrep.2013.09.042
rosinaMK676	melpomene	rosina	red band	0	0	0	M	M	Costa Rica	Cerere	9.717	-83.05	92.2	TRUE	12.626058	0.0322815	13.8741	TRUE	NA	TRUE	FALSE	FALSE	Pacific	Panama	TRUE	PRJNA226620	SRR1057599	SRS518841	SAMN02384463	Hybridization Reveals the Evolving Genomic Architecture of Speciation	http://dx.doi.org/10.1016/j.celrep.2013.09.042
rosinaMK682	melpomene	rosina	red band	0	0	0	M	M	Costa Rica	Flaminia	10.433	-83.983	94.9	TRUE	14.527854	0.0285226	15.9316	TRUE	NA	TRUE	FALSE	FALSE	Pacific	Panama	TRUE	PRJNA226620	SRR1057600	SRS519003	SAMN02384464	Hybridization Reveals the Evolving Genomic Architecture of Speciation	http://dx.doi.org/10.1016/j.celrep.2013.09.042
rosinaMK683	melpomene	rosina	red band	0	0	0	M	M	Costa Rica	Manuel Antonio	9.4	-84.167	95.8	TRUE	13.381368	0.0299008	14.7183	TRUE	NA	TRUE	FALSE	FALSE	Pacific	Panama	TRUE	PRJNA226620	SRR1057601	SRS518842	SAMN02384465	Hybridization Reveals the Evolving Genomic Architecture of Speciation	http://dx.doi.org/10.1016/j.celrep.2013.09.042
timaretaBC0407	timareta	timareta_timareta	broad yellow band	0	0	0	NA	M	Ecuador	Ambato	-1.39806	-78.17806	94.4	TRUE	29.940967	0.0315081	31.8043	TRUE	NA	TRUE	TRUE	TRUE	CTH	tim_N	TRUE	PRJEB8011	ERR1143624	ERS977724	SAMEA3670575	Evolutionary Novelty in a Butterfly Wing Pattern through Enhancer Shuffling	https://doi.org/10.1371/journal.pbio.1002353
timaretaCAM009178	timareta	timareta_timareta	broad yellow band	0	0	0	NA	F	Ecuador	Ambato	-1.411944	-78.185556	92.7	TRUE	27.590883	0.0708276	29.3242	TRUE	NA	TRUE	TRUE	TRUE	CTH	tim_N	TRUE	PRJEB8011	ERR1143623_ERR3653539_merged	ERS977723	SAMEA3670574	Evolutionary Novelty in a Butterfly Wing Pattern through Enhancer Shuffling	https://doi.org/10.1371/journal.pbio.1002353
timaretaLMUDNA7	timareta	tristero	red band	0	0	0	M	M	Colombia	Mocoa	1.1478	-76.6481	96.3	TRUE	19.008159	0.034355	20.116	TRUE	NA	TRUE	FALSE	FALSE	CTH	tim_N	TRUE	PRJEB69696	ERR12331312	ERS17144469	SAMEA114725240	Adaptive introgression of a visual preference gene	DOI: 10.1126/science.adj9201
timaretaCAM040100	timareta	tristero	red band	0	0	0	NA	M	Colombia	Campo	1.21286	-76.68748	96.9	TRUE	21.49519	0.0345765	22.8296	TRUE	NA	TRUE	FALSE	FALSE	CTH	tim_N	TRUE	PRJEB35570	ERR9957375	ERS12461605	SAMEA110363898	Repeated genetic adaptation to altitude in two tropical butterflies	https://doi.org/10.1038/s41467-022-32316-x
timaretaCAM040013	timareta	tristero	red band	0	0	0	NA	M	Colombia	Campo	1.21286	-76.68748	96.8	TRUE	20.16224	0.0348694	21.469	TRUE	NA	TRUE	FALSE	FALSE	CTH	tim_N	TRUE	PRJEB35570	ERR9957373_ERR9957374_merged	ERS12461604	SAMEA110363897	Repeated genetic adaptation to altitude in two tropical butterflies	https://doi.org/10.1038/s41467-022-32316-x
timaretaLMUR4413	timareta	tristero	red band	0	0	0	M	M	Colombia	Mocoa	1.1478	-76.6481	96.4	TRUE	18.996738	0.0360212	20.1721	TRUE	NA	TRUE	FALSE	FALSE	CTH	tim_N	TRUE	PRJEB69696	ERR12331301	ERS17144458	SAMEA114725229	Adaptive introgression of a visual preference gene	DOI: 10.1126/science.adj9201
timaretaLMUR4410	timareta	tristero	red band	0	0	0	M	M	Colombia	Mocoa	1.1478	-76.6481	95.2	TRUE	18.299407	0.0362729	19.3091	TRUE	NA	TRUE	FALSE	FALSE	CTH	tim_N	TRUE	PRJEB69696	ERR12331300	ERS17144457	SAMEA114725228	Adaptive introgression of a visual preference gene	DOI: 10.1126/science.adj9201
timaretaLMUR4303	timareta	tristero	red band	0	0	0	M	M	Colombia	Mocoa	1.2037	-76.71298	96	TRUE	15.381071	0.0385737	16.3743	TRUE	NA	TRUE	FALSE	FALSE	CTH	tim_N	TRUE	PRJEB69696	ERR12331298	ERS17144455	SAMEA114725226	Adaptive introgression of a visual preference gene	DOI: 10.1126/science.adj9201
timaretaLMUR4266	timareta	tristero	red band	0	0	0	M	M	Colombia	Mocoa	1.2037	-76.71298	96.5	TRUE	15.220099	0.0390422	16.1389	TRUE	NA	TRUE	FALSE	FALSE	CTH	tim_N	TRUE	PRJEB69696	ERR12331297	ERS17144454	SAMEA114725225	Adaptive introgression of a visual preference gene	DOI: 10.1126/science.adj9201
timaretaLMUR4311	timareta	tristero	red band	0	0	0	M	M	Colombia	Mocoa	1.2037	-76.71298	95.5	TRUE	13.73557	0.0395873	14.5822	TRUE	NA	TRUE	FALSE	FALSE	CTH	tim_N	TRUE	PRJEB69696	ERR12331299	ERS17144456	SAMEA114725227	Adaptive introgression of a visual preference gene	DOI: 10.1126/science.adj9201
timaretaLMUR4523	timareta	tristero	red band	0	0	0	M	M	Colombia	Mocoa	1.1478	-76.6481	94.8	TRUE	14.050237	0.039881	14.839	TRUE	NA	TRUE	FALSE	FALSE	CTH	tim_N	TRUE	PRJEB69696	ERR12331302	ERS17144459	SAMEA114725230	Adaptive introgression of a visual preference gene	DOI: 10.1126/science.adj9201
timaretaLMUR4525	timareta	tristero	red band	0	0	0	M	M	Colombia	Mocoa	1.1478	-76.6481	96.6	TRUE	13.722565	0.0402	14.6318	TRUE	NA	TRUE	FALSE	FALSE	CTH	tim_N	TRUE	PRJEB69696	ERR12331303	ERS17144460	SAMEA114725231	Adaptive introgression of a visual preference gene	DOI: 10.1126/science.adj9201
timaretaBC0406	timareta	timareta_contigua	broad yellow band	0	0	1	NA	F	Ecuador	Ambato	-1.39806	-78.17806	94.8	TRUE	25.696775	0.0320375	28.0033	TRUE	NA	TRUE	TRUE	TRUE	CTH	tim_N	TRUE	PRJEB8011	ERR1143622	ERS977722	SAMEA3670573	Evolutionary Novelty in a Butterfly Wing Pattern through Enhancer Shuffling	https://doi.org/10.1371/journal.pbio.1002353
timaretaCAM009223	timareta	timareta_contigua	broad yellow band	0	0	1	NA	M	Ecuador	Ambato	-1.39806	-78.17806	93.8	TRUE	21.753785	0.0713266	22.7169	TRUE	NA	TRUE	FALSE	FALSE	CTH	tim_N	TRUE	PRJEB8011	ERR1143621	ERS977721	SAMEA3670572	Evolutionary Novelty in a Butterfly Wing Pattern through Enhancer Shuffling	https://doi.org/10.1371/journal.pbio.1002353
timaretaCAM016714	timareta	timareta_contigua	broad yellow band	0	0	1	NA	M	Ecuador	El Topo, Banos - Puyo road	-1.341554002	-78.53574017	98.2	TRUE	12.580743	0.0744376	13.9241	TRUE	NA	TRUE	FALSE	FALSE	CTH	tim_N	TRUE	PRJEB35570	ERR6503410_ERR6503411_merged	ERS7262895	SAMEA9540123	Repeated genetic adaptation to altitude in two tropical butterflies	https://doi.org/10.1038/s41467-022-32316-x
timaretaCAM016717	timareta	timareta_contigua	broad yellow band	0	0	1	NA	M	Ecuador	El Topo, Banos - Puyo road	-1.341554002	-78.53574017	97.6	TRUE	11.814989	0.0779725	13.0261	TRUE	NA	TRUE	FALSE	FALSE	CTH	tim_N	TRUE	PRJEB35570	ERR6503412_ERR6503413_merged	ERS7262896	SAMEA9540124	Repeated genetic adaptation to altitude in two tropical butterflies	https://doi.org/10.1038/s41467-022-32316-x
timaretaCAM008522	timareta	timareta_contigua	broad yellow band	0	0	1	NA	M	Ecuador	El Topo, Banos - Puyo road	-1.341554002	-78.53574017	98.3	TRUE	11.665677	0.0786779	12.9299	TRUE	NA	TRUE	FALSE	FALSE	CTH	tim_N	TRUE	PRJEB35570	ERR6503408_ERR6503409_merged	ERS7262894	SAMEA9540122	Repeated genetic adaptation to altitude in two tropical butterflies	https://doi.org/10.1038/s41467-022-32316-x
timaretaCAM008521	timareta	timareta_contigua	broad yellow band	0	0	1	NA	M	Ecuador	El Topo, Banos - Puyo road	-1.341554002	-78.53574017	97.3	TRUE	11.148129	0.0816221	12.3233	TRUE	NA	TRUE	FALSE	FALSE	CTH	tim_N	TRUE	PRJEB35570	ERR6503406_ERR6503407_merged	ERS7262893	SAMEA9540121	Repeated genetic adaptation to altitude in two tropical butterflies	https://doi.org/10.1038/s41467-022-32316-x
timaretaCS002358	timareta	florencia	narrow yellow band	0	1	1	M	M	Colombia	Florencia	1.710833	-75.708889	92.9	TRUE	21.54039	0.0331224	23.0435	TRUE	NA	TRUE	FALSE	FALSE	CTH	tim_N	TRUE	PRJEB11772	ERR2298237	ERS2196386	SAMEA104585104	NA	NA
timaretaCS002350	timareta	florencia	narrow yellow band	0	1	1	M	M	Colombia	Florencia	1.710833	-75.708889	95.6	TRUE	19.623043	0.0352242	20.9195	TRUE	NA	TRUE	FALSE	FALSE	CTH	tim_N	TRUE	PRJEB11772	ERR2298236	ERS2196385	SAMEA104585103	NA	NA
timaretaCS002338	timareta	florencia	narrow yellow band	0	1	1	NA	M	Colombia	Florencia	1.710833	-75.708889	95	TRUE	18.935814	0.0356652	20.2156	TRUE	NA	TRUE	FALSE	FALSE	CTH	tim_N	TRUE	PRJEB11772	ERR2298234	ERS2196383	SAMEA104585101	NA	NA
timaretaCS002359	timareta	florencia	narrow yellow band	0	1	1	M	M	Colombia	Florencia	1.710833	-75.708889	95.5	TRUE	18.414813	0.0357685	19.6868	TRUE	NA	TRUE	FALSE	FALSE	CTH	tim_N	TRUE	PRJEB11772	ERR2298238	ERS2196387	SAMEA104585105	NA	NA
timaretaCS002337	timareta	florencia	narrow yellow band	0	1	1	NA	M	Colombia	Florencia	1.710833	-75.708889	96	TRUE	34.515472	0.0380575	34.2901	TRUE	NA	TRUE	TRUE	TRUE	CTH	tim_N	TRUE	PRJEB11772	ERR2298232_ERR2298233_merged	ERS2196382	SAMEA104585100	NA	NA
timaretaCS002341	timareta	florencia	narrow yellow band	0	1	1	NA	M	Colombia	Florencia	1.813611	-75.668611	96.5	TRUE	23.223304	0.0385617	24.1329	TRUE	NA	TRUE	TRUE	TRUE	CTH	tim_N	TRUE	PRJEB11772	ERR2298235	ERS2196384	SAMEA104585102	NA	NA
timaretaCS002406	timareta	florencia	narrow yellow band	0	1	1	NA	M	Colombia	Florencia	1.70965	-75.697583	93.2	TRUE	21.717252	0.0498925	23.3673	TRUE	NA	TRUE	FALSE	FALSE	CTH	tim_N	TRUE	PRJEB11772	ERR2298273	ERS2196391	SAMEA104585109	NA	NA
timaretaCS002403	timareta	florencia	narrow yellow band	0	1	1	NA	M	Colombia	Florencia	1.70965	-75.697583	94.2	TRUE	21.900249	0.0501768	23.5571	TRUE	NA	TRUE	FALSE	TRUE	CTH	tim_N	TRUE	PRJEB11772	ERR2298272	ERS2196390	SAMEA104585108	NA	NA
rosinaMK687	melpomene	rosina	red band	0	0	0	F	F	Costa Rica	Flaminia	10.433	-83.983	95.5	TRUE	14.419283	0.0282373	16.0773	TRUE	NA	TRUE	FALSE	FALSE	Pacific	Panama	TRUE	PRJNA226620	SRR1057602	SRS518843	SAMN02384466	Hybridization Reveals the Evolving Genomic Architecture of Speciation	http://dx.doi.org/10.1016/j.celrep.2013.09.042
timaretaCS002395	timareta	florencia	narrow yellow band	0	1	1	M	M	Colombia	Florencia	1.70965	-75.697583	94.1	TRUE	20.398854	0.0527728	22.0329	TRUE	NA	TRUE	FALSE	FALSE	CTH	tim_N	TRUE	PRJEB11772	ERR2298270	ERS2196388	SAMEA104585106	NA	NA
timaretaCS002402	timareta	florencia	narrow yellow band	0	1	1	M	M	Colombia	Florencia	1.70965	-75.697583	93.8	TRUE	19.397616	0.0547845	20.9136	TRUE	NA	TRUE	FALSE	FALSE	CTH	tim_N	TRUE	PRJEB11772	ERR2298271	ERS2196389	SAMEA104585107	NA	NA
timaretaCAM016960	timareta	novel_sp_Ecuador	narrow yellow band	0	1	1	NA	M	Ecuador	Tena	-1.115566667	-77.77833333	96.8	TRUE	22.235195	0.0340395	23.7748	TRUE	NA	TRUE	TRUE	TRUE	CTH	tim_N	TRUE	PRJEB35570	ERR9957372	ERS12461603	SAMEA110363896	Repeated genetic adaptation to altitude in two tropical butterflies	https://doi.org/10.1038/s41467-022-32316-x
timaretaCAM016782	timareta	novel_sp_Ecuador	narrow yellow band	0	1	1	NA	M	Ecuador	Tena	-1.115566667	-77.77833333	96.3	TRUE	19.904357	0.0349236	21.3594	TRUE	NA	TRUE	FALSE	FALSE	CTH	tim_N	TRUE	PRJEB35570	ERR9957370_ERR9957371_merged	ERS12461602	SAMEA110363895	Repeated genetic adaptation to altitude in two tropical butterflies	https://doi.org/10.1038/s41467-022-32316-x
timaretaCAM016431	timareta	novel_sp_Ecuador	narrow yellow band	0	1	1	M	M	Ecuador	Tena	-1.115566667	-77.77833333	95.5	TRUE	19.151088	0.0356503	20.5777	TRUE	NA	TRUE	FALSE	FALSE	CTH	tim_N	TRUE	PRJEB35570	ERR9957367	ERS12461600	SAMEA110363893	Repeated genetic adaptation to altitude in two tropical butterflies	https://doi.org/10.1038/s41467-022-32316-x
timaretaCAM016430	timareta	novel_sp_Ecuador	narrow yellow band	0	1	1	M	M	Ecuador	Tena	-1.115566667	-77.77833333	96.6	TRUE	16.964913	0.0373562	18.1739	TRUE	NA	TRUE	FALSE	FALSE	CTH	tim_N	TRUE	PRJEB35570	ERR9957366	ERS12461599	SAMEA110363892	Repeated genetic adaptation to altitude in two tropical butterflies	https://doi.org/10.1038/s41467-022-32316-x
timaretaCAM016597	timareta	novel_sp_Ecuador	narrow yellow band	0	1	1	M	M	Ecuador	Tena	-1.115566667	-77.77833333	94.1	TRUE	13.375107	0.043052	14.1985	TRUE	NA	TRUE	FALSE	FALSE	CTH	tim_N	TRUE	PRJEB35570	ERR9957368_ERR9957369_merged	ERS12461601	SAMEA110363894	Repeated genetic adaptation to altitude in two tropical butterflies	https://doi.org/10.1038/s41467-022-32316-x
timaretaCAM041051	timareta	novel_sp_Ecuador	narrow yellow band	0	1	1	NA	M	Ecuador	Road to Shalcana	-1.0558	-77.70191	98	TRUE	14.354697	0.065834	15.5347	TRUE	NA	TRUE	FALSE	FALSE	CTH	tim_N	TRUE	PRJEB35570	ERR6503491_ERR6503492_merged	ERS7262936	SAMEA9540164	Repeated genetic adaptation to altitude in two tropical butterflies	https://doi.org/10.1038/s41467-022-32316-x
timaretaCAM041179	timareta	novel_sp_Ecuador	narrow yellow band	0	1	1	NA	M	Ecuador	Limoncocha - El Carmen 1	-1.09256	-77.54583	98.5	TRUE	13.631753	0.0685895	14.8881	TRUE	NA	TRUE	FALSE	FALSE	CTH	tim_N	TRUE	PRJEB35570	ERR6503515_ERR6503516_merged	ERS7262948	SAMEA9540176	Repeated genetic adaptation to altitude in two tropical butterflies	https://doi.org/10.1038/s41467-022-32316-x
timaretaCAM041065	timareta	novel_sp_Ecuador	narrow yellow band	0	1	1	NA	F	Ecuador	Road to Shalcana 2	-1.0558	-77.70191	98	TRUE	14.186691	0.0693603	15.4534	TRUE	NA	TRUE	FALSE	FALSE	CTH	tim_N	TRUE	PRJEB35570	ERR6503495_ERR6503496_merged	ERS7262938	SAMEA9540166	Repeated genetic adaptation to altitude in two tropical butterflies	https://doi.org/10.1038/s41467-022-32316-x
timaretaCAM041184	timareta	novel_sp_Ecuador	narrow yellow band	0	1	1	NA	M	Ecuador	Limoncocha - El Carmen 1	-1.09256	-77.54583	98	TRUE	13.283594	0.0720053	14.4519	TRUE	NA	TRUE	FALSE	FALSE	CTH	tim_N	TRUE	PRJEB35570	ERR6503521_ERR6503522_merged	ERS7262951	SAMEA9540179	Repeated genetic adaptation to altitude in two tropical butterflies	https://doi.org/10.1038/s41467-022-32316-x
timaretaCAM041180	timareta	novel_sp_Ecuador	narrow yellow band	0	1	1	NA	M	Ecuador	Limoncocha - El Carmen 1	-1.09256	-77.54583	97.9	TRUE	13.230012	0.0725176	14.4164	TRUE	NA	TRUE	FALSE	FALSE	CTH	tim_N	TRUE	PRJEB35570	ERR6503517_ERR6503518_merged	ERS7262949	SAMEA9540177	Repeated genetic adaptation to altitude in two tropical butterflies	https://doi.org/10.1038/s41467-022-32316-x
timaretaSHM000120	timareta	novel_sp_Ecuador	narrow yellow band	0	1	1	NA	M	Ecuador	Yasuni Research Station	-0.6743	-76.3971	98.6	TRUE	9.845521	0.0743014	10.9018	TRUE	NA	TRUE	FALSE	TRUE	CTH	tim_N	TRUE	PRJEB35570	ERR3789771	ERS4212637	SAMEA6447074	Repeated genetic adaptation to altitude in two tropical butterflies	https://doi.org/10.1038/s41467-022-32316-x
timaretaCAM041147	timareta	novel_sp_Ecuador	narrow yellow band	0	1	1	NA	M	Ecuador	Limoncocha - El Carmen 1	-1.09256	-77.54583	98.5	TRUE	11.498084	0.075043	12.6317	TRUE	NA	TRUE	FALSE	FALSE	CTH	tim_N	TRUE	PRJEB35570	ERR6503511_ERR6503512_merged	ERS7262946	SAMEA9540174	Repeated genetic adaptation to altitude in two tropical butterflies	https://doi.org/10.1038/s41467-022-32316-x
timaretaCAM041181	timareta	novel_sp_Ecuador	narrow yellow band	0	1	1	NA	M	Ecuador	Limoncocha - El Carmen 1	-1.09256	-77.54583	98.4	TRUE	12.527021	0.0772329	13.6491	TRUE	NA	TRUE	FALSE	FALSE	CTH	tim_N	TRUE	PRJEB35570	ERR6503519_ERR6503520_merged	ERS7262950	SAMEA9540178	Repeated genetic adaptation to altitude in two tropical butterflies	https://doi.org/10.1038/s41467-022-32316-x
timaretaCAM041061	timareta	novel_sp_Ecuador	narrow yellow band	0	1	1	NA	M	Ecuador	Road to Shalcana 2	-1.0558	-77.70191	98.2	TRUE	12.020395	0.0789091	13.2984	TRUE	NA	TRUE	FALSE	FALSE	CTH	tim_N	TRUE	PRJEB35570	ERR6503493_ERR6503494_merged	ERS7262937	SAMEA9540165	Repeated genetic adaptation to altitude in two tropical butterflies	https://doi.org/10.1038/s41467-022-32316-x
timaretaCAM041067	timareta	novel_sp_Ecuador	narrow yellow band	0	1	1	NA	M	Ecuador	Road to Shalcana	-1.0558	-77.70191	98.5	TRUE	10.683103	0.0859684	11.9183	TRUE	NA	TRUE	FALSE	FALSE	CTH	tim_N	TRUE	PRJEB35570	ERR6503497_ERR6503498_merged	ERS7262939	SAMEA9540167	Repeated genetic adaptation to altitude in two tropical butterflies	https://doi.org/10.1038/s41467-022-32316-x
timaretaCAM041177	timareta	novel_sp_Ecuador	narrow yellow band	0	1	1	NA	M	Ecuador	Limoncocha - El Carmen 1	-1.09256	-77.54583	94	TRUE	9.876505	0.0881256	10.9135	TRUE	NA	TRUE	FALSE	TRUE	CTH	tim_N	TRUE	PRJEB35570	ERR6503513_ERR6503514_merged	ERS7262947	SAMEA9540175	Repeated genetic adaptation to altitude in two tropical butterflies	https://doi.org/10.1038/s41467-022-32316-x
timaretaSHM000014	timareta	novel_sp_Ecuador	narrow yellow band	0	1	1	NA	M	Ecuador	Yasuni Research Station	-0.6743	-76.3971	98.1	TRUE	7.849911	0.0964641	8.87163	TRUE	NA	TRUE	FALSE	TRUE	CTH	tim_N	TRUE	PRJEB35570	ERR3789768	ERS4212634	SAMEA6447071	Repeated genetic adaptation to altitude in two tropical butterflies	https://doi.org/10.1038/s41467-022-32316-x
timaretaSHM000081	timareta	novel_sp_Ecuador	narrow yellow band	0	1	1	NA	F	Ecuador	Yasuni Research Station	-0.6743	-76.3971	97.8	TRUE	7.278464	0.108678	8.33437	TRUE	NA	TRUE	FALSE	TRUE	CTH	tim_N	TRUE	PRJEB35570	ERR3789769	ERS4212635	SAMEA6447072	Repeated genetic adaptation to altitude in two tropical butterflies	https://doi.org/10.1038/s41467-022-32316-x
timaretaSHM000210	timareta	novel_sp_Ecuador	narrow yellow band	0	1	1	NA	M	Ecuador	Yasuni Research Station	-0.6743	-76.3971	98.2	TRUE	7.150939	0.113112	8.18216	TRUE	NA	TRUE	FALSE	TRUE	CTH	tim_N	TRUE	PRJEB35570	ERR3789773	ERS4212639	SAMEA6447076	Repeated genetic adaptation to altitude in two tropical butterflies	https://doi.org/10.1038/s41467-022-32316-x
timaretaJM0957	timareta	thelxinoe	red band	0	0	0	M	M	Peru	Tarapoto	-6.455	-76.2983	94.1	TRUE	35.512649	0.0305886	36.1735	TRUE	NA	TRUE	TRUE	TRUE	CTH	tim_S	TRUE	PRJEB1749	ERR260299	ERS235663	SAMEA1919254	Genome-wide evidence for speciation with gene flow in Heliconius butterflies	http://www.genome.org/cgi/doi/10.1101/gr.159426.113.
timaretaJM0986	timareta	thelxinoe	red band	0	0	0	M	M	Peru	Tarapoto	-6.455	-76.2983	93.8	TRUE	31.627607	0.0310003	32.9864	TRUE	NA	TRUE	TRUE	TRUE	CTH	tim_S	TRUE	PRJEB1749	ERR260301	ERS235665	SAMEA1919263	Genome-wide evidence for speciation with gene flow in Heliconius butterflies	http://www.genome.org/cgi/doi/10.1101/gr.159426.113.
timaretaJM09313	timareta	thelxinoe	red band	0	0	0	M	M	Peru	Tarapoto	-6.4531	-76.2886	93.8	TRUE	29.069873	0.0315908	30.627	TRUE	NA	TRUE	TRUE	TRUE	CTH	tim_S	TRUE	PRJEB1749	ERR260302	ERS235666	SAMEA1919266	Genome-wide evidence for speciation with gene flow in Heliconius butterflies	http://www.genome.org/cgi/doi/10.1101/gr.159426.113.
timaretaJM0984	timareta	thelxinoe	red band	0	0	0	M	M	Peru	Tarapoto	-6.455	-76.2983	93.6	TRUE	24.351256	0.0331443	25.4907	TRUE	NA	TRUE	TRUE	TRUE	CTH	tim_S	TRUE	PRJEB1749	ERR260300	ERS235664	SAMEA1919273	Genome-wide evidence for speciation with gene flow in Heliconius butterflies	http://www.genome.org/cgi/doi/10.1101/gr.159426.113.
timaretaMJ123221	timareta	thelxinoe	red band	0	0	0	M	M	Peru	Tarapoto	-5.65464	-77.69375	93.5	TRUE	19.788749	0.0342115	21.2937	TRUE	NA	TRUE	FALSE	TRUE	CTH	tim_S	TRUE	PRJEB11772	ERR2298258	ERS2196392	SAMEA104585110	NA	NA
timaretaMJ123233	timareta	thelxinoe	red band	0	0	0	M	M	Peru	Tarapoto	-6.4519	-76.29846	95.8	TRUE	19.792434	0.0353867	20.8793	TRUE	NA	TRUE	FALSE	TRUE	CTH	tim_S	TRUE	PRJEB11772	ERR2298259	ERS2196393	SAMEA104585111	NA	NA
timaretaMJ123308	timareta	thelxinoe	red band	0	0	0	M	M	Peru	Tarapoto	-5.65464	-77.69375	95.8	TRUE	19.12148	0.0355694	20.4337	TRUE	NA	TRUE	FALSE	TRUE	CTH	tim_S	TRUE	PRJEB11772	ERR2298262	ERS2196394	SAMEA104585112	NA	NA
timaretaMJ113460	timareta	thelxinoe	red band	0	0	0	M	M	Peru	Tarapoto	-5.65464	-77.69375	96.2	TRUE	30.668827	0.0385539	30.6048	TRUE	NA	TRUE	TRUE	TRUE	CTH	tim_S	TRUE	PRJEB11772	ERR2298265_ERR2298266_merged	ERS2196397	SAMEA104585115	NA	NA
timaretaMJ123339	timareta	thelxinoe	red band	0	0	0	M	M	Peru	Tarapoto	-5.65464	-77.69375	96.2	TRUE	21.209886	0.0402103	21.8363	TRUE	NA	TRUE	TRUE	TRUE	CTH	tim_S	TRUE	PRJEB11772	ERR2298263	ERS2196395	SAMEA104585113	NA	NA
timaretaMJ113340	timareta	thelxinoe	red band	0	0	0	M	M	Peru	Tarapoto	-5.65464	-77.69375	95.7	TRUE	18.539494	0.0406997	19.1973	TRUE	NA	TRUE	FALSE	TRUE	CTH	tim_S	TRUE	PRJEB11772	ERR2298264	ERS2196396	SAMEA104585114	NA	NA
rosinaMK689	melpomene	rosina	red band	0	0	0	F	F	Costa Rica	El Carmen	9.85	-84.317	93.4	TRUE	14.06845	0.0278969	15.7009	TRUE	NA	TRUE	FALSE	FALSE	Pacific	Panama	TRUE	PRJNA226620	SRR1057603	SRS518844	SAMN02384467	Hybridization Reveals the Evolving Genomic Architecture of Speciation	http://dx.doi.org/10.1016/j.celrep.2013.09.042
melpomeneSR169	melpomene	melpomene	red band	0	0	0	M	M	Brazil	Santarem	-1.937142	-54.626392	97.7	TRUE	21.868075	0.031794	22.9502	TRUE	NA	TRUE	TRUE	TRUE	AmazonEGA	Roraima	FALSE	PRJNA1512638	melpomeneSR169_trim	new from this study	new from this study	new from this study	new from this study
melpomeneSR170	melpomene	melpomene	red band	0	0	0	M	M	Brazil	Santarem	-1.937142	-54.626392	97.8	TRUE	21.141497	0.0318342	22.1024	TRUE	NA	TRUE	TRUE	TRUE	AmazonEGA	Roraima	FALSE	PRJNA1512638	melpomeneSR170_trim	new from this study	new from this study	new from this study	new from this study
melpomeneSR173	melpomene	melpomene	red band	0	0	0	M	F	Brazil	Santarem	-1.937142	-54.626392	97.8	TRUE	18.93871	0.0327909	20.2832	TRUE	NA	TRUE	TRUE	TRUE	AmazonEGA	Roraima	FALSE	PRJNA1512638	melpomeneSR173_trim	new from this study	new from this study	new from this study	new from this study
melpomeneSR180	melpomene	melpomene	red band	0	0	0	M	F	Brazil	Santarem	-1.937142	-54.626392	98.2	TRUE	34.532728	0.0288226	36.3072	TRUE	NA	TRUE	TRUE	TRUE	AmazonEGA	Roraima	FALSE	PRJNA1512638	melpomeneSR180_trim	new from this study	new from this study	new from this study	new from this study
nannaCAM019824	melpomene	nanna	red band	0	0	0	NA	M	Brazil	Ceará	-3.8692037	-41.0192349	96.2	TRUE	18.504737	0.0330075	19.5176	TRUE	NA	TRUE	FALSE	FALSE	AmazonEGA	Para	TRUE	PRJEB33224	ERR3653408	ERS3954025	SAMEA6153992	Selective sweeps on novel and introgressed variation shape mimicry loci in a butterfly adaptive radiation	https://doi.org/10.1371/journal.pbio.3000597
nannaCAM019825	melpomene	nanna	red band	0	0	0	NA	M	Brazil	Ceará	-3.8692037	-41.0192349	96.5	TRUE	14.436405	0.0392977	14.898	TRUE	NA	TRUE	FALSE	FALSE	AmazonEGA	Para	TRUE	PRJEB33224	ERR3653404	ERS3954024	SAMEA6153991	Selective sweeps on novel and introgressed variation shape mimicry loci in a butterfly adaptive radiation	https://doi.org/10.1371/journal.pbio.3000597
nannaCAM019826	melpomene	nanna	red band	0	0	0	NA	M	Brazil	Ceará	-3.8692037	-41.0192349	97.4	TRUE	21.736614	0.0369569	22.4847	TRUE	NA	TRUE	FALSE	FALSE	AmazonEGA	Para	TRUE	PRJEB33224	ERR3653400	ERS3954023	SAMEA6153990	Selective sweeps on novel and introgressed variation shape mimicry loci in a butterfly adaptive radiation	https://doi.org/10.1371/journal.pbio.3000597
nannaCAM019827	melpomene	nanna	red band	0	0	0	NA	M	Brazil	Ceará	-3.8692037	-41.0192349	94.7	TRUE	21.64295	0.0311329	22.8733	TRUE	NA	TRUE	FALSE	FALSE	AmazonEGA	Para	TRUE	PRJEB33224	ERR3653393	ERS3954022	SAMEA6153989	Selective sweeps on novel and introgressed variation shape mimicry loci in a butterfly adaptive radiation	https://doi.org/10.1371/journal.pbio.3000597
nannaCAM019828	melpomene	nanna	red band	0	0	0	NA	F	Brazil	Ceará	-3.8692037	-41.0192349	96.6	TRUE	23.542496	0.0310051	25.263	TRUE	NA	TRUE	TRUE	TRUE	AmazonEGA	Para	TRUE	PRJEB33224	ERR3653304	ERS3954021	SAMEA6153988	Selective sweeps on novel and introgressed variation shape mimicry loci in a butterfly adaptive radiation	https://doi.org/10.1371/journal.pbio.3000597
martinaeM1239	melpomene	martinae	red band	0	0	0	M	M	Colombia	Magdalena Valley	5.533333333	-74.1	97.5	TRUE	25.028123	0.0216122	26.6999	TRUE	NA	TRUE	FALSE	TRUE	Pacific	Magdalena	FALSE	PRJNA1512638	M1239_KD17030567-AK70_HJMFWALXX_L7	new from this study	new from this study	new from this study	new from this study
martinaeM1240	melpomene	martinae	red band	0	0	0	M	M	Colombia	Magdalena Valley	5.533333333	-74.1	97.4	TRUE	21.209947	0.0237152	22.7667	TRUE	NA	TRUE	FALSE	FALSE	Pacific	Magdalena	FALSE	PRJNA1512638	M1240_KD17030568-AK69_HJMFWALXX_L8	new from this study	new from this study	new from this study	new from this study
martinaeM2943	melpomene	martinae	red band	0	0	0	M	M	Colombia	Magdalena Valley	5.533333333	-74.1	97.5	TRUE	23.774732	0.0231172	25.4124	TRUE	NA	TRUE	FALSE	TRUE	Pacific	Magdalena	FALSE	PRJNA1512638	M2943_KD17030568-AK70_HJMFWALXX_L8	new from this study	new from this study	new from this study	new from this study
martinaeM2945	melpomene	martinae	red band	0	0	0	M	M	Colombia	Magdalena Valley	5.533333333	-74.1	95.7	TRUE	23.734844	0.0224482	25.387	TRUE	NA	TRUE	FALSE	TRUE	Pacific	Magdalena	FALSE	PRJNA1512638	M2945_KD17030567-AK69_HJMFWALXX_L7	new from this study	new from this study	new from this study	new from this study
martinaeM3085	melpomene	martinae	red band	0	0	0	F	F	Colombia	Magdalena Valley	5.533333333	-74.1	97.5	TRUE	29.548382	0.0209719	32.0043	TRUE	NA	TRUE	TRUE	TRUE	Pacific	Magdalena	FALSE	PRJNA1512638	M3085_KD17030569-AK70_HH2N7ALXX_L5	new from this study	new from this study	new from this study	new from this study
amandusCS002221	melpomene	amandus	red band	0	0	0	M	M	Bolivia	La Angostura	-18.158333	-63.508611	94.8	TRUE	41.78305	0.0494879	41.1946	TRUE	NA	TRUE	TRUE	TRUE	AmazonW	Rondonia	TRUE	PRJEB8011	ERR1143588	ERS977688	SAMEA3670539	Evolutionary Novelty in a Butterfly Wing Pattern through Enhancer Shuffling	https://doi.org/10.1371/journal.pbio.1002353
amandusCS002228	melpomene	amandus	red band	0	0	0	M	M	Bolivia	La Angostura	-18.158333	-63.508611	94.6	TRUE	15.709052	0.0387532	16.7575	TRUE	NA	TRUE	TRUE	TRUE	AmazonW	Rondonia	TRUE	PRJEB8011	ERR1143589	ERS977689	SAMEA3670540	Evolutionary Novelty in a Butterfly Wing Pattern through Enhancer Shuffling	https://doi.org/10.1371/journal.pbio.1002353
euryadesKK509	melpomene	euryades	red band	0	0	0	M	M	Peru	Kiteni	-12.52851	-73.0288	97.5	TRUE	22.747246	0.0312676	24.1403	TRUE	NA	TRUE	FALSE	FALSE	AmazonW	Yungas	FALSE	PRJNA1512638	KK509_KD17030569-AK66_HH2N7ALXX_L5	new from this study	new from this study	new from this study	new from this study
melpomeneSR178	melpomene	melpomene	red band	0	0	0	F	M	Brazil	Santarem	-1.937142	-54.626392	98.1	TRUE	26.237823	0.0303055	27.3587	TRUE	NA	TRUE	TRUE	TRUE	AmazonEGA	Roraima	TRUE	PRJEB35999	melpomeneSR178_trim	ERS4212593	SAMEA6447030	Species specificity and intraspecific variation in the chemical profiles of Heliconius butterflies across a large geographic range	https://doi.org/10.1002/ece3.6079
amaryllisJM09216	melpomene	amaryllis	red band	0	0	0	M	M	Peru	Alto Mayo	-5.676	-77.675	95.4	TRUE	25.237795	0.0293192	26.6323	TRUE	NA	TRUE	FALSE	TRUE	AmazonW	Yungas	TRUE	PRJEB1749	ERR260289	ERS235653	SAMEA1919261	Genome-wide evidence for speciation with gene flow in Heliconius butterflies	http://www.genome.org/cgi/doi/10.1101/gr.159426.113.
amaryllisJM11160	melpomene	amaryllis	red band	0	0	0	F	F	Peru	Tarapoto	-6.469	-76.353	94.9	TRUE	33.30735	0.0275923	35.3941	TRUE	NA	TRUE	TRUE	TRUE	AmazonW	Yungas	TRUE	PRJEB1749	ERR260288	ERS235652	SAMEA1919275	Genome-wide evidence for speciation with gene flow in Heliconius butterflies	http://www.genome.org/cgi/doi/10.1101/gr.159426.113.
amaryllisJM11293	melpomene	amaryllis	red band	0	0	0	F	F	Peru	Tarapoto	-6.47	-76.347	94.6	TRUE	40.524411	0.0267249	42.4397	TRUE	NA	TRUE	TRUE	TRUE	AmazonW	Yungas	TRUE	PRJEB1749	ERR260290	ERS235654	SAMEA1919277	Genome-wide evidence for speciation with gene flow in Heliconius butterflies	http://www.genome.org/cgi/doi/10.1101/gr.159426.113.
amaryllisJM1148	melpomene	amaryllis	red band	0	0	0	M	M	Peru	Yurimaguas	-6.096	-76.977	95.5	TRUE	42.520739	0.0267746	43.317	TRUE	NA	TRUE	TRUE	TRUE	AmazonW	Yungas	TRUE	PRJEB1749	ERR260287	ERS235651	SAMEA1919269	Genome-wide evidence for speciation with gene flow in Heliconius butterflies	http://www.genome.org/cgi/doi/10.1101/gr.159426.113.
amaryllisMJ113188	melpomene	amaryllis	red band	0	0	0	M	M	Peru	Tarapoto	-6.374494	-76.284144	95.2	TRUE	20.47694	0.0375788	21.6349	TRUE	NA	TRUE	FALSE	FALSE	AmazonW	Yungas	TRUE	PRJEB11772	ERR2298254	ERS2196343	SAMEA104585061	NA	NA
amaryllisMJ113189	melpomene	amaryllis	red band	0	0	0	M	M	Peru	Tarapoto	-6.374494	-76.284144	97.5	TRUE	22.645608	0.0354626	23.6674	TRUE	NA	TRUE	FALSE	FALSE	AmazonW	Yungas	TRUE	PRJEB11772	ERR2298255	ERS2196344	SAMEA104585062	NA	NA
amaryllisMJ113202	melpomene	amaryllis	red band	0	0	0	M	M	Peru	Tarapoto	-6.374494	-76.284144	97.4	TRUE	18.215104	0.0365635	19.1846	TRUE	NA	TRUE	FALSE	FALSE	AmazonW	Yungas	TRUE	PRJEB11772	ERR2298256	ERS2196345	SAMEA104585063	NA	NA
amaryllisMJ123217	melpomene	amaryllis	red band	0	0	0	M	M	Peru	Tarapoto	-6.374494	-76.284144	94.6	TRUE	20.561691	0.0311042	21.9969	TRUE	NA	TRUE	FALSE	FALSE	AmazonW	Yungas	TRUE	PRJEB11772	ERR2298257	ERS2196346	SAMEA104585064	NA	NA
amaryllisMJ123258	melpomene	amaryllis	red band	0	0	0	M	M	Peru	Tarapoto	-6.374494	-76.284144	96.6	TRUE	19.284807	0.032507	20.5775	TRUE	NA	TRUE	FALSE	FALSE	AmazonW	Yungas	TRUE	PRJEB11772	ERR2298260	ERS2196347	SAMEA104585065	NA	NA
amaryllisMJ123301	melpomene	amaryllis	red band	0	0	0	M	M	Peru	Tarapoto	-6.374494	-76.284144	96.6	TRUE	18.519152	0.0327898	19.8305	TRUE	NA	TRUE	FALSE	FALSE	AmazonW	Yungas	TRUE	PRJEB11772	ERR2298261	ERS2196348	SAMEA104585066	NA	NA
melpomeneKK645	melpomene	melpomene	red band	0	0	0	NA	M	request sample info	NA	NA	NA	48.7	FALSE	NA	NA	NA	NA	blast to Euploea mulciber	FALSE	FALSE	FALSE	NA	NA	FALSE	PRJNA1512638	melpomeneKK645_trim	new from this study	new from this study	new from this study	new from this study
melpomeneBN003	melpomene	melpomene	red band	0	0	0	M	M	Venezuela	Monagas	10.159972	-71.067825	97.2	TRUE	23.267657	0.0229284	25.0653	TRUE	NA	TRUE	FALSE	FALSE	Pacific	Magdalena	FALSE	PRJNA1512638	HmBN003_KD17030569-AK69_HH2N7ALXX_L5	new from this study	new from this study	new from this study	new from this study
melpomeneBN004	melpomene	melpomene	red band	0	0	0	M	M	Venezuela	Monagas	10.159972	-71.067825	97.6	TRUE	23.899609	0.0231879	25.5428	TRUE	NA	TRUE	FALSE	TRUE	Pacific	Magdalena	FALSE	PRJNA1512638	HmBN004_KD17030569-AK68_HH2N7ALXX_L5	new from this study	new from this study	new from this study	new from this study
melpomeneSTRI350	melpomene	melpomene	red band	0	0	0	M	M	Venezuela	Monagas	10.159972	-71.067825	98.3	TRUE	22.076664	0.023589	23.5878	TRUE	NA	TRUE	FALSE	FALSE	Pacific	Magdalena	FALSE	PRJNA1512638	melpomeneSTRI350_trim	new from this study	new from this study	new from this study	new from this study
P1001	inbred	inbred	ivory_mutant	ivory_mutant	ivory_mutant	ivory_mutant	NA	M	inbred	NA	NA	NA	96.7	TRUE	12.631093	0.0333303	13.6182	TRUE	NA	FALSE	FALSE	FALSE	NA	NA	TRUE	PRJNA610063	SRR11243376	SRS6264332	SAMN14276602	A large deletion at the cortex locus eliminates butterfly wing patterning	https://doi.org/10.1093/g3journal/jkac021
P1002	inbred	inbred	ivory_mutant	ivory_mutant	ivory_mutant	ivory_mutant	NA	M	inbred	NA	NA	NA	97.2	TRUE	14.48076	0.0308629	15.5603	TRUE	NA	FALSE	FALSE	FALSE	NA	NA	TRUE	PRJNA610063	SRR11243375	SRS6264333	SAMN14276603	A large deletion at the cortex locus eliminates butterfly wing patterning	https://doi.org/10.1093/g3journal/jkac021
P1006	inbred	inbred	ivory_mutant	ivory_mutant	ivory_mutant	ivory_mutant	NA	M	inbred	NA	NA	NA	96.4	TRUE	15.657446	0.0321218	16.787	TRUE	NA	FALSE	FALSE	FALSE	NA	NA	TRUE	PRJNA610063	SRR11243364	SRS6264345	SAMN14276604	A large deletion at the cortex locus eliminates butterfly wing patterning	https://doi.org/10.1093/g3journal/jkac021
P1007	inbred	inbred	ivory_mutant	ivory_mutant	ivory_mutant	ivory_mutant	NA	M	inbred	NA	NA	NA	93.7	TRUE	14.497245	0.0307097	15.5437	TRUE	NA	FALSE	FALSE	FALSE	NA	NA	TRUE	PRJNA610063	SRR11243353	SRS6264355	SAMN14276605	A large deletion at the cortex locus eliminates butterfly wing patterning	https://doi.org/10.1093/g3journal/jkac021
P1008	inbred	inbred	ivory_mutant	ivory_mutant	ivory_mutant	ivory_mutant	NA	F	inbred	NA	NA	NA	96.9	TRUE	13.004466	0.0308708	14.2911	TRUE	NA	FALSE	FALSE	FALSE	NA	NA	TRUE	PRJNA610063	SRR11243344	SRS6264364	SAMN14276606	A large deletion at the cortex locus eliminates butterfly wing patterning	https://doi.org/10.1093/g3journal/jkac021
P1009	inbred	inbred	ivory_mutant	ivory_mutant	ivory_mutant	ivory_mutant	NA	M	inbred	NA	NA	NA	96.7	TRUE	15.649776	0.0351657	17.1711	TRUE	NA	FALSE	FALSE	FALSE	NA	NA	TRUE	PRJNA610063	SRR11243343	SRS6264365	SAMN14276607	A large deletion at the cortex locus eliminates butterfly wing patterning	https://doi.org/10.1093/g3journal/jkac021
P1010	inbred	inbred	ivory_mutant	ivory_mutant	ivory_mutant	ivory_mutant	NA	M	inbred	NA	NA	NA	96.6	TRUE	13.64332	0.0378558	14.9952	TRUE	NA	FALSE	FALSE	FALSE	NA	NA	TRUE	PRJNA610063	SRR11243342	SRS6264366	SAMN14276608	A large deletion at the cortex locus eliminates butterfly wing patterning	https://doi.org/10.1093/g3journal/jkac021
P1011	inbred	inbred	ivory_mutant	ivory_mutant	ivory_mutant	ivory_mutant	NA	M	inbred	NA	NA	NA	96.8	TRUE	15.657618	0.0311452	16.9953	TRUE	NA	FALSE	FALSE	FALSE	NA	NA	TRUE	PRJNA610063	SRR11243341	SRS6264367	SAMN14276609	A large deletion at the cortex locus eliminates butterfly wing patterning	https://doi.org/10.1093/g3journal/jkac021
P1012	inbred	inbred	ivory_mutant	ivory_mutant	ivory_mutant	ivory_mutant	NA	M	inbred	NA	NA	NA	96.8	TRUE	16.135529	0.0300606	17.5085	TRUE	NA	FALSE	FALSE	FALSE	NA	NA	TRUE	PRJNA610063	SRR11243340	SRS6264369	SAMN14276610	A large deletion at the cortex locus eliminates butterfly wing patterning	https://doi.org/10.1093/g3journal/jkac021
P1013	inbred	inbred	ivory_mutant	ivory_mutant	ivory_mutant	ivory_mutant	NA	M	inbred	NA	NA	NA	95.9	TRUE	12.034166	0.0346276	12.9894	TRUE	NA	FALSE	FALSE	FALSE	NA	NA	TRUE	PRJNA610063	SRR11243339	SRS6264370	SAMN14276611	A large deletion at the cortex locus eliminates butterfly wing patterning	https://doi.org/10.1093/g3journal/jkac021
P1014	inbred	inbred	ivory_mutant	ivory_mutant	ivory_mutant	ivory_mutant	NA	M	inbred	NA	NA	NA	96.4	TRUE	14.295528	0.0368747	15.5448	TRUE	NA	FALSE	FALSE	FALSE	NA	NA	TRUE	PRJNA610063	SRR11243374	SRS6264334	SAMN14276612	A large deletion at the cortex locus eliminates butterfly wing patterning	https://doi.org/10.1093/g3journal/jkac021
P1015	inbred	inbred	ivory_mutant	ivory_mutant	ivory_mutant	ivory_mutant	NA	F	inbred	NA	NA	NA	95.9	TRUE	15.389419	0.0378803	17.0911	TRUE	NA	FALSE	FALSE	FALSE	NA	NA	TRUE	PRJNA610063	SRR11243373	SRS6264335	SAMN14276613	A large deletion at the cortex locus eliminates butterfly wing patterning	https://doi.org/10.1093/g3journal/jkac021
P2001	inbred	inbred	ivory_mutant	ivory_mutant	ivory_mutant	ivory_mutant	NA	F	inbred	NA	NA	NA	97.1	TRUE	14.945757	0.0306638	16.5596	TRUE	NA	FALSE	FALSE	FALSE	NA	NA	TRUE	PRJNA610063	SRR11243372	SRS6264336	SAMN14276614	A large deletion at the cortex locus eliminates butterfly wing patterning	https://doi.org/10.1093/g3journal/jkac021
P2002	inbred	inbred	ivory_mutant	ivory_mutant	ivory_mutant	ivory_mutant	NA	F	inbred	NA	NA	NA	96.3	TRUE	11.342597	0.034157	12.5238	TRUE	NA	FALSE	FALSE	FALSE	NA	NA	TRUE	PRJNA610063	SRR11243371	SRS6264337	SAMN14276615	A large deletion at the cortex locus eliminates butterfly wing patterning	https://doi.org/10.1093/g3journal/jkac021
P2003	inbred	inbred	ivory_mutant	ivory_mutant	ivory_mutant	ivory_mutant	NA	F	inbred	NA	NA	NA	96.8	TRUE	8.681251	0.0384109	9.64099	TRUE	NA	FALSE	FALSE	FALSE	NA	NA	TRUE	PRJNA610063	SRR11243370	SRS6264338	SAMN14276616	A large deletion at the cortex locus eliminates butterfly wing patterning	https://doi.org/10.1093/g3journal/jkac021
P2004	inbred	inbred	ivory_mutant	ivory_mutant	ivory_mutant	ivory_mutant	NA	M	inbred	NA	NA	NA	97	TRUE	15.657848	0.0296966	16.9405	TRUE	NA	FALSE	FALSE	FALSE	NA	NA	TRUE	PRJNA610063	SRR11243369	SRS6264340	SAMN14276617	A large deletion at the cortex locus eliminates butterfly wing patterning	https://doi.org/10.1093/g3journal/jkac021
P2005	inbred	inbred	ivory_mutant	ivory_mutant	ivory_mutant	ivory_mutant	NA	F	inbred	NA	NA	NA	96.2	TRUE	15.694269	0.0284245	17.2615	TRUE	NA	FALSE	FALSE	FALSE	NA	NA	TRUE	PRJNA610063	SRR11243368	SRS6264341	SAMN14276618	A large deletion at the cortex locus eliminates butterfly wing patterning	https://doi.org/10.1093/g3journal/jkac021
P2006	inbred	inbred	ivory_mutant	ivory_mutant	ivory_mutant	ivory_mutant	NA	M	inbred	NA	NA	NA	96.6	TRUE	11.112136	0.0339268	11.9965	TRUE	NA	FALSE	FALSE	FALSE	NA	NA	TRUE	PRJNA610063	SRR11243367	SRS6264342	SAMN14276619	A large deletion at the cortex locus eliminates butterfly wing patterning	https://doi.org/10.1093/g3journal/jkac021
P2007	inbred	inbred	ivory_mutant	ivory_mutant	ivory_mutant	ivory_mutant	NA	M	inbred	NA	NA	NA	96.9	TRUE	15.012412	0.0297689	16.2292	TRUE	NA	FALSE	FALSE	FALSE	NA	NA	TRUE	PRJNA610063	SRR11243366	SRS6264343	SAMN14276620	A large deletion at the cortex locus eliminates butterfly wing patterning	https://doi.org/10.1093/g3journal/jkac021
P2008	inbred	inbred	ivory_mutant	ivory_mutant	ivory_mutant	ivory_mutant	NA	F	inbred	NA	NA	NA	96.5	TRUE	16.873156	0.0287378	18.6677	TRUE	NA	FALSE	FALSE	FALSE	NA	NA	TRUE	PRJNA610063	SRR11243365	SRS6264344	SAMN14276621	A large deletion at the cortex locus eliminates butterfly wing patterning	https://doi.org/10.1093/g3journal/jkac021
P2009	inbred	inbred	ivory_mutant	ivory_mutant	ivory_mutant	ivory_mutant	NA	M	inbred	NA	NA	NA	96.9	TRUE	12.608065	0.0318289	13.7065	TRUE	NA	FALSE	FALSE	FALSE	NA	NA	TRUE	PRJNA610063	SRR11243363	SRS6264346	SAMN14276622	A large deletion at the cortex locus eliminates butterfly wing patterning	https://doi.org/10.1093/g3journal/jkac021
P2010	inbred	inbred	ivory_mutant	ivory_mutant	ivory_mutant	ivory_mutant	NA	M	inbred	NA	NA	NA	96.8	TRUE	12.811773	0.0333269	13.7801	TRUE	NA	FALSE	FALSE	FALSE	NA	NA	TRUE	PRJNA610063	SRR11243362	SRS6264347	SAMN14276623	A large deletion at the cortex locus eliminates butterfly wing patterning	https://doi.org/10.1093/g3journal/jkac021
P2011	inbred	inbred	ivory_mutant	ivory_mutant	ivory_mutant	ivory_mutant	NA	M	inbred	NA	NA	NA	96.9	TRUE	16.151656	0.029088	17.3915	TRUE	NA	FALSE	FALSE	FALSE	NA	NA	TRUE	PRJNA610063	SRR11243361	SRS6264348	SAMN14276624	A large deletion at the cortex locus eliminates butterfly wing patterning	https://doi.org/10.1093/g3journal/jkac021
P3005	inbred	inbred	ivory_mutant	ivory_mutant	ivory_mutant	ivory_mutant	NA	F	inbred	NA	NA	NA	97.1	TRUE	15.399963	0.0296135	17.0165	TRUE	NA	FALSE	FALSE	FALSE	NA	NA	TRUE	PRJNA610063	SRR11243360	SRS6264349	SAMN14276625	A large deletion at the cortex locus eliminates butterfly wing patterning	https://doi.org/10.1093/g3journal/jkac021
P3006	inbred	inbred	ivory_mutant	ivory_mutant	ivory_mutant	ivory_mutant	NA	M	inbred	NA	NA	NA	96.6	TRUE	14.000624	0.0310693	15.0725	TRUE	NA	FALSE	FALSE	FALSE	NA	NA	TRUE	PRJNA610063	SRR11243359	SRS6264350	SAMN14276626	A large deletion at the cortex locus eliminates butterfly wing patterning	https://doi.org/10.1093/g3journal/jkac021
P3007	inbred	inbred	ivory_mutant	ivory_mutant	ivory_mutant	ivory_mutant	NA	M	inbred	NA	NA	NA	96.5	TRUE	15.959197	0.0289124	17.2125	TRUE	NA	FALSE	FALSE	FALSE	NA	NA	TRUE	PRJNA610063	SRR11243358	SRS6264351	SAMN14276627	A large deletion at the cortex locus eliminates butterfly wing patterning	https://doi.org/10.1093/g3journal/jkac021
P3016	inbred	inbred	ivory_mutant	ivory_mutant	ivory_mutant	ivory_mutant	NA	M	inbred	NA	NA	NA	96.8	TRUE	9.071727	0.0370288	9.74618	TRUE	NA	FALSE	FALSE	FALSE	NA	NA	TRUE	PRJNA610063	SRR11243357	SRS6264352	SAMN14276628	A large deletion at the cortex locus eliminates butterfly wing patterning	https://doi.org/10.1093/g3journal/jkac021
P3017	inbred	inbred	ivory_mutant	ivory_mutant	ivory_mutant	ivory_mutant	NA	F	inbred	NA	NA	NA	96.7	TRUE	18.934402	0.027239	20.8265	TRUE	NA	FALSE	FALSE	FALSE	NA	NA	TRUE	PRJNA610063	SRR11243356	SRS6264353	SAMN14276629	A large deletion at the cortex locus eliminates butterfly wing patterning	https://doi.org/10.1093/g3journal/jkac021
P3019	inbred	inbred	ivory_mutant	ivory_mutant	ivory_mutant	ivory_mutant	NA	F	inbred	NA	NA	NA	96.4	TRUE	14.910144	0.0293734	16.3568	TRUE	NA	FALSE	FALSE	FALSE	NA	NA	TRUE	PRJNA610063	SRR11243355	SRS6264357	SAMN14276630	A large deletion at the cortex locus eliminates butterfly wing patterning	https://doi.org/10.1093/g3journal/jkac021
P4001	inbred	inbred	ivory_mutant	ivory_mutant	ivory_mutant	ivory_mutant	NA	M	inbred	NA	NA	NA	96.8	TRUE	12.829181	0.0318169	13.7384	TRUE	NA	FALSE	FALSE	FALSE	NA	NA	TRUE	PRJNA610063	SRR11243354	SRS6264354	SAMN14276631	A large deletion at the cortex locus eliminates butterfly wing patterning	https://doi.org/10.1093/g3journal/jkac021
P4002	inbred	inbred	ivory_mutant	ivory_mutant	ivory_mutant	ivory_mutant	NA	F	inbred	NA	NA	NA	96.3	TRUE	13.406314	0.0307091	14.7082	TRUE	NA	FALSE	FALSE	FALSE	NA	NA	TRUE	PRJNA610063	SRR11243352	SRS6264356	SAMN14276632	A large deletion at the cortex locus eliminates butterfly wing patterning	https://doi.org/10.1093/g3journal/jkac021
P4003	inbred	inbred	ivory_mutant	ivory_mutant	ivory_mutant	ivory_mutant	NA	M	inbred	NA	NA	NA	97.2	TRUE	12.810599	0.0329524	13.8377	TRUE	NA	FALSE	FALSE	FALSE	NA	NA	TRUE	PRJNA610063	SRR11243351	SRS6264358	SAMN14276633	A large deletion at the cortex locus eliminates butterfly wing patterning	https://doi.org/10.1093/g3journal/jkac021
P4004	inbred	inbred	ivory_mutant	ivory_mutant	ivory_mutant	ivory_mutant	NA	F	inbred	NA	NA	NA	97.1	TRUE	15.312289	0.0286611	16.9373	TRUE	NA	FALSE	FALSE	FALSE	NA	NA	TRUE	PRJNA610063	SRR11243350	SRS6264359	SAMN14276634	A large deletion at the cortex locus eliminates butterfly wing patterning	https://doi.org/10.1093/g3journal/jkac021
P4005	inbred	inbred	ivory_mutant	ivory_mutant	ivory_mutant	ivory_mutant	NA	M	inbred	NA	NA	NA	97.1	TRUE	16.554925	0.0282184	17.8528	TRUE	NA	FALSE	FALSE	FALSE	NA	NA	TRUE	PRJNA610063	SRR11243349	SRS6264360	SAMN14276635	A large deletion at the cortex locus eliminates butterfly wing patterning	https://doi.org/10.1093/g3journal/jkac021
P4006	inbred	inbred	ivory_mutant	ivory_mutant	ivory_mutant	ivory_mutant	NA	M	inbred	NA	NA	NA	97.1	TRUE	17.681604	0.0279461	18.9813	TRUE	NA	FALSE	FALSE	FALSE	NA	NA	TRUE	PRJNA610063	SRR11243348	SRS6264368	SAMN14276636	A large deletion at the cortex locus eliminates butterfly wing patterning	https://doi.org/10.1093/g3journal/jkac021
P4007	inbred	inbred	ivory_mutant	ivory_mutant	ivory_mutant	ivory_mutant	NA	F	inbred	NA	NA	NA	96.7	TRUE	9.42316	0.0362169	10.34	TRUE	NA	FALSE	FALSE	FALSE	NA	NA	TRUE	PRJNA610063	SRR11243347	SRS6264361	SAMN14276637	A large deletion at the cortex locus eliminates butterfly wing patterning	https://doi.org/10.1093/g3journal/jkac021
P4008	inbred	inbred	ivory_mutant	ivory_mutant	ivory_mutant	ivory_mutant	NA	M	inbred	NA	NA	NA	97.6	TRUE	10.862901	0.0346524	11.7397	TRUE	NA	FALSE	FALSE	FALSE	NA	NA	TRUE	PRJNA610063	SRR11243346	SRS6264362	SAMN14276638	A large deletion at the cortex locus eliminates butterfly wing patterning	https://doi.org/10.1093/g3journal/jkac021
P4009	inbred	inbred	ivory_mutant	ivory_mutant	ivory_mutant	ivory_mutant	NA	M	inbred	NA	NA	NA	96.9	TRUE	13.548998	0.0313098	14.5374	TRUE	NA	FALSE	FALSE	FALSE	NA	NA	TRUE	PRJNA610063	SRR11243345	SRS6264363	SAMN14276639	A large deletion at the cortex locus eliminates butterfly wing patterning	https://doi.org/10.1093/g3journal/jkac021
dorisCAM008697	doris	delila	outgroup	outgroup	outgroup	outgroup	NA	M	Peru	San Martin	-6.23917	-76.26861	66.8	TRUE	5.127694	0.479984	9.60558	TRUE	NA	FALSE	TRUE	FALSE	NA	NA	TRUE	PRJEB8011	ERR1143569	ERS977669	SAMEA3670520	Evolutionary Novelty in a Butterfly Wing Pattern through Enhancer Shuffling	https://doi.org/10.1371/journal.pbio.1002353
dorisCAM008684	doris	doris	outgroup	outgroup	outgroup	outgroup	NA	M	Peru	San Martin	-6.2894	-76.2289	64.7	TRUE	5.999206	0.448072	10.5172	TRUE	NA	FALSE	TRUE	FALSE	NA	NA	TRUE	PRJEB8011	ERR1143568	ERS977668	SAMEA3670519	Evolutionary Novelty in a Butterfly Wing Pattern through Enhancer Shuffling	https://doi.org/10.1371/journal.pbio.1002353
melpomeneSTRI351	melpomene	melpomene	red band	0	0	0	M	M	Venezuela	Monagas	10.159972	-71.067825	98.4	TRUE	29.191096	0.0220198	30.7658	TRUE	NA	TRUE	FALSE	TRUE	Pacific	Magdalena	FALSE	PRJNA1512638	melpomeneSTRI351_trim	new from this study	new from this study	new from this study	new from this study
dorisJM021939	doris	NA	outgroup	outgroup	outgroup	outgroup	NA	M	Peru	Km-5 Shapaja-Chazuta	-6.5989	-76.2194	62.3	TRUE	9.29643	0.412266	14.9201	TRUE	NA	FALSE	TRUE	FALSE	NA	NA	TRUE	PRJEB8011	ERR1143567	ERS977667	SAMEA3670518	Evolutionary Novelty in a Butterfly Wing Pattern through Enhancer Shuffling	https://doi.org/10.1371/journal.pbio.1002353
doris4	doris	NA	outgroup	outgroup	outgroup	outgroup	NA	M	NA	NA	NA	NA	62.2	TRUE	9.800165	0.411019	15.6692	FALSE	identical twin of dorisJM021939	FALSE	FALSE	FALSE	NA	NA	TRUE	PRJNA308754	SRR3102339	SRS1247740	SAMN04412556	Genome-wide introgression among distantly related Heliconius butterfly species	https://doi.org/10.1186/s13059-016-0889-0
melpomeneSTRI352	melpomene	melpomene	red band	0	0	0	M	M	Venezuela	Monagas	10.159972	-71.067825	97.7	TRUE	31.695416	0.022025	33.2008	TRUE	NA	TRUE	TRUE	TRUE	Pacific	Magdalena	FALSE	PRJNA1512638	melpomeneSTRI352_trim	new from this study	new from this study	new from this study	new from this study
doris5	doris	viridis	outgroup	outgroup	outgroup	outgroup	NA	M	Panama	NA	NA	NA	92.2	TRUE	28.418687	0.418849	35.461	TRUE	NA	FALSE	TRUE	FALSE	NA	NA	TRUE	PRJNA532398	SRR8883909	SRS4612532	SAMN11398297	Genomic architecture and introgression shape a butterfly radiation	doi: 10.1126/science.aaw2090.
ethillaJM0967	ethilla	aerotome	silvaniform	silvaniform	silvaniform	silvaniform	M	M	Peru	Tarapoto	-6.4667	-76.3347	92.2	TRUE	34.100121	0.0708442	36.9981	TRUE	NA	FALSE	FALSE	FALSE	NA	NA	TRUE	PRJEB1749	ERR260305	ERS235669	SAMEA1919250	Genome-wide evidence for speciation with gene flow in Heliconius butterflies	http://www.genome.org/cgi/doi/10.1101/gr.159426.113.
numata3	numata	arcuella	silvaniform	silvaniform	silvaniform	silvaniform	NA	M	NA	NA	NA	NA	80	TRUE	45.235443	0.0676524	50.552	TRUE	NA	FALSE	TRUE	FALSE	NA	NA	TRUE	PRJEB12740	ERR1303866	ERS1076004	SAMEA3888870	The gene cortex controls mimicry and crypsis in butterflies and moths	https://doi.org/10.1038/nature17961
numata4	numata	aurora	silvaniform	silvaniform	silvaniform	silvaniform	NA	M	NA	NA	NA	NA	89.6	TRUE	36.154902	0.067583	40.6094	TRUE	NA	FALSE	TRUE	FALSE	NA	NA	TRUE	PRJEB12740	ERR1303864	ERS1076002	SAMEA3888868	The gene cortex controls mimicry and crypsis in butterflies and moths	https://doi.org/10.1038/nature17961
numata5	numata	aurora	silvaniform	silvaniform	silvaniform	silvaniform	NA	M	NA	NA	NA	NA	91.1	TRUE	36.185301	0.100183	39.8344	TRUE	NA	FALSE	FALSE	FALSE	NA	NA	TRUE	PRJEB12740	ERR1303867	ERS1076005	SAMEA3888871	The gene cortex controls mimicry and crypsis in butterflies and moths	https://doi.org/10.1038/nature17961
numata6	numata	bicoloratus	silvaniform	silvaniform	silvaniform	silvaniform	NA	M	NA	NA	NA	NA	90.6	TRUE	41.117205	0.0670853	45.9099	TRUE	NA	FALSE	TRUE	FALSE	NA	NA	TRUE	PRJEB12740	ERR1303869	ERS1076007	SAMEA3888873	The gene cortex controls mimicry and crypsis in butterflies and moths	https://doi.org/10.1038/nature17961
numata7	numata	bicoloratus	silvaniform	silvaniform	silvaniform	silvaniform	NA	M	Peru	Tarapoto	-6.46111	-76.28528	93.1	TRUE	30.923399	0.104412	34.4289	TRUE	NA	FALSE	FALSE	FALSE	NA	NA	TRUE	PRJEB8011	ERR1143611	ERS977711	SAMEA3670562	Evolutionary Novelty in a Butterfly Wing Pattern through Enhancer Shuffling	https://doi.org/10.1371/journal.pbio.1002353
ismenius4	ismenius	bouletti	silvaniform	silvaniform	silvaniform	silvaniform	NA	M	Panama	NA	NA	NA	92.6	TRUE	17.233639	0.0849943	19.5647	TRUE	NA	FALSE	FALSE	FALSE	NA	NA	TRUE	PRJNA471310	SRR7162647	SRS3298232	SAMN09206388	NA	NA
ismenius6	ismenius	boulleti	silvaniform	silvaniform	silvaniform	silvaniform	NA	M	Panama	NA	NA	NA	91.7	TRUE	24.93787	0.084661	27.6841	TRUE	NA	FALSE	TRUE	FALSE	NA	NA	TRUE	PRJNA757231	SRR15661653	SRS9967985	SAMN20955976	NA	NA
ismenius8	ismenius	boulleti	silvaniform	silvaniform	silvaniform	silvaniform	NA	M	Panama	NA	NA	NA	94.5	TRUE	19.406723	0.0897203	21.747	TRUE	NA	FALSE	TRUE	FALSE	NA	NA	TRUE	PRJNA757233	SRR15661651	SRS9967987	SAMN20955978	NA	NA
ismenius7	ismenius	boulleti	silvaniform	silvaniform	silvaniform	silvaniform	NA	M	Panama	NA	NA	NA	93.8	TRUE	13.584175	0.0947613	15.3705	TRUE	NA	FALSE	FALSE	FALSE	NA	NA	TRUE	PRJNA757232	SRR15661652	SRS9967986	SAMN20955977	NA	NA
ismenius10	ismenius	clarescens	silvaniform	silvaniform	silvaniform	silvaniform	NA	M	Panama	NA	NA	NA	94.2	TRUE	23.928791	0.0856197	26.3878	TRUE	NA	FALSE	TRUE	FALSE	NA	NA	TRUE	PRJNA757231	SRR15661648	SRS9967989	SAMN20955981	NA	NA
ismenius11	ismenius	clarescens	silvaniform	silvaniform	silvaniform	silvaniform	NA	M	Panama	NA	NA	NA	91.8	TRUE	18.402459	0.0917577	20.6904	TRUE	NA	FALSE	TRUE	FALSE	NA	NA	TRUE	PRJNA757231	SRR15661649	SRS9967990	SAMN20955980	NA	NA
ismenius9	ismenius	clarescens	silvaniform	silvaniform	silvaniform	silvaniform	NA	M	Panama	NA	NA	NA	89.9	TRUE	15.975026	0.0920893	17.9196	TRUE	NA	FALSE	FALSE	FALSE	NA	NA	TRUE	PRJNA757234	SRR15661650	SRS9967988	SAMN20955979	NA	NA
hecaleJM09273	hecale	felix	silvaniform	silvaniform	silvaniform	silvaniform	NA	F	Peru	Yurimaguas	-5.9717	-76.2319	92.7	TRUE	32.791119	0.0622888	34.5005	TRUE	NA	FALSE	FALSE	FALSE	NA	NA	TRUE	PRJEB1749	ERR260306	ERS235670	SAMEA1919272	Genome-wide evidence for speciation with gene flow in Heliconius butterflies	http://www.genome.org/cgi/doi/10.1101/gr.159426.113.
hieraxCAM008149	hierax	hierax	silvaniform	silvaniform	silvaniform	silvaniform	NA	M	Ecuador	Napo	-0.1819444	-77.684444	70.2	TRUE	3.525016	0.443011	5.51695	TRUE	NA	FALSE	FALSE	FALSE	NA	NA	TRUE	PRJEB8011	ERR1143585	ERS977685	SAMEA3670536	Evolutionary Novelty in a Butterfly Wing Pattern through Enhancer Shuffling	https://doi.org/10.1371/journal.pbio.1002353
ismeniusSTRI003	ismenius	ismenius	silvaniform	silvaniform	silvaniform	silvaniform	NA	F	Panama	Gamboa	9.11916667	-79.6975	91.4	TRUE	30.170586	0.0816456	33.4633	TRUE	NA	FALSE	TRUE	FALSE	NA	NA	TRUE	PRJEB8011	ERR1143586	ERS977686	SAMEA3670537	Evolutionary Novelty in a Butterfly Wing Pattern through Enhancer Shuffling	https://doi.org/10.1371/journal.pbio.1002353
ismeniusMJ112014	ismenius	NA	silvaniform	silvaniform	silvaniform	silvaniform	NA	M	Panama	NA	NA	NA	89.8	TRUE	27.729277	0.0797705	30.6958	TRUE	NA	FALSE	TRUE	FALSE	NA	NA	TRUE	NA	SRR7162649	SRS3298230	SAMN09206390	NA	NA
ismenius5	ismenius	NA	silvaniform	silvaniform	silvaniform	silvaniform	NA	M	NA	NA	NA	NA	87.5	TRUE	10.500625	0.109819	12.3563	TRUE	NA	FALSE	FALSE	FALSE	NA	NA	TRUE	PRJNA226620	SRR1285078	SRS606173	SAMN02384457	Hybridization Reveals the Evolving Genomic Architecture of Speciation	http://dx.doi.org/10.1016/j.celrep.2013.09.042
numata2	numata	NA	silvaniform	silvaniform	silvaniform	silvaniform	NA	F	Peru	NA	NA	NA	94.2	TRUE	47.181503	0.0616483	53.0738	TRUE	NA	FALSE	TRUE	FALSE	NA	NA	TRUE	PRJEB40136	ERR4614524	ERS5079511	SAMEA7320975	Mutation accumulation in chromosomal inversions maintains wing pattern polymorphism in a butterfly	https://doi.org/10.1101/736504
numata1	numata	NA	silvaniform	silvaniform	silvaniform	silvaniform	NA	F	NA	NA	NA	NA	90.5	TRUE	53.808374	0.065228	60.6023	TRUE	NA	FALSE	TRUE	FALSE	NA	NA	TRUE	PRJEB12740	ERR1303878	ERS1076016	SAMEA3888882	The gene cortex controls mimicry and crypsis in butterflies and moths	https://doi.org/10.1038/nature17961
numataMJ094125	numata	numata	silvaniform	silvaniform	silvaniform	silvaniform	NA	F	French Guiana	Mocoa	4.0833	-52.6753	93.8	TRUE	19.648892	0.0692359	22.9153	TRUE	NA	FALSE	FALSE	FALSE	NA	NA	TRUE	PRJEB12740	ERR1303880	ERS1076018	SAMEA3888884	The gene cortex controls mimicry and crypsis in butterflies and moths	https://doi.org/10.1038/nature17961
numata1035	numata	peeblesi	silvaniform	silvaniform	silvaniform	silvaniform	NA	F	Venezuela	San Cristóbal	7.5964	-72.1503	88.4	TRUE	21.327566	0.0699436	24.7816	TRUE	NA	FALSE	FALSE	FALSE	NA	NA	TRUE	PRJEB12740	ERR1303881	ERS1076019	SAMEA3888885	The gene cortex controls mimicry and crypsis in butterflies and moths	https://doi.org/10.1038/nature17961
pardalinusJM09371	pardalinus	sergestus	silvaniform	silvaniform	silvaniform	silvaniform	NA	M	Peru	Tarapoto	-8.3425	-74.5922	92.9	TRUE	26.144315	0.0604317	27.6194	TRUE	NA	FALSE	FALSE	FALSE	NA	NA	TRUE	PRJEB1749	ERR260303	ERS235667	SAMEA1919253	Genome-wide evidence for speciation with gene flow in Heliconius butterflies	http://www.genome.org/cgi/doi/10.1101/gr.159426.113.
sergestusJM09202	pardalinus	sergestus	silvaniform	silvaniform	silvaniform	silvaniform	NA	M	Peru	Tarapoto	-6.4778	-76.3517	92.3	TRUE	29.653207	0.0614507	30.6133	TRUE	NA	FALSE	FALSE	FALSE	NA	NA	TRUE	PRJEB1749	ERR260304	ERS235668	SAMEA1919268	Genome-wide evidence for speciation with gene flow in Heliconius butterflies	http://www.genome.org/cgi/doi/10.1101/gr.159426.113.
numataMJ094184	numata	silvana	silvaniform	silvaniform	silvaniform	silvaniform	NA	M	French Guiana	Mocoa	4.0834	-52.6753	92.9	TRUE	24.51711	0.0672887	27.8988	TRUE	NA	FALSE	FALSE	FALSE	NA	NA	TRUE	PRJEB12740	ERR1303885	ERS1076023	SAMEA3888889	The gene cortex controls mimicry and crypsis in butterflies and moths	https://doi.org/10.1038/nature17961
numataMJ05124	numata	silvana	silvaniform	silvaniform	silvaniform	silvaniform	NA	M	Peru	Tarapoto	-6.4611	-76.2853	91.3	TRUE	16.74354	0.0713416	19.1981	TRUE	NA	FALSE	FALSE	FALSE	NA	NA	TRUE	PRJEB12740	ERR1303884	ERS1076022	SAMEA3888888	The gene cortex controls mimicry and crypsis in butterflies and moths	https://doi.org/10.1038/nature17961
numata051240	numata	silvana	silvaniform	silvaniform	silvaniform	silvaniform	NA	M	Peru	Tarapoto	-5.9747	-76.2308	89	TRUE	22.81033	0.148718	25.8973	TRUE	NA	FALSE	FALSE	FALSE	NA	NA	TRUE	PRJEB12740	ERR1303882	ERS1076020	SAMEA3888886	The gene cortex controls mimicry and crypsis in butterflies and moths	https://doi.org/10.1038/nature17961
numata10	numata	tarapotensis	silvaniform	silvaniform	silvaniform	silvaniform	NA	F	Peru	Loreto, Schucshuyacu	NA	NA	99	TRUE	78.315556	0.0672476	88.6873	TRUE	NA	FALSE	TRUE	FALSE	NA	NA	TRUE	PRJNA532398	SRR8883908	SRS4612531	SAMN11398292	Genomic architecture and introgression shape a butterfly radiation	doi: 10.1126/science.aaw2090.
numataMJ0560	numata	tarapotensis	silvaniform	silvaniform	silvaniform	silvaniform	NA	M	Peru	Tarapoto	-6.4611	-76.2853	92.1	TRUE	36.52431	0.102618	40.519	TRUE	NA	FALSE	FALSE	FALSE	NA	NA	TRUE	PRJEB12740	ERR1303887	ERS1076025	SAMEA3888891	The gene cortex controls mimicry and crypsis in butterflies and moths	https://doi.org/10.1038/nature17961
ismenius2	ismenius	telchinia	silvaniform	silvaniform	silvaniform	silvaniform	NA	M	Panama	NA	NA	NA	90.1	TRUE	14.790718	0.0871795	16.7836	TRUE	NA	FALSE	FALSE	FALSE	NA	NA	TRUE	PRJNA471310	SRR7162650	SRS3298229	SAMN09206389	NA	NA
numataMJ05230	numata	timaeus	silvaniform	silvaniform	silvaniform	silvaniform	NA	M	Peru	Tarapoto	-6.4611	-76.2853	92.8	TRUE	17.081589	0.0717941	19.6051	TRUE	NA	FALSE	FALSE	FALSE	NA	NA	TRUE	PRJEB12740	ERR1303888	ERS1076026	SAMEA3888892	The gene cortex controls mimicry and crypsis in butterflies and moths	https://doi.org/10.1038/nature17961
